{"type": "FeatureCollection", "features": [{"type": "Feature", "geometry": {"type": "Point", "coordinates": [-95.8608, 41.2619]}, "properties": {"Title": "Omaha Man Sentenced Deadly 2025 Eb0F756E 787D 5Bd7 93Ef D2743Be6E596", "SourceURL": "https://www.aol.com/article/m/omaha-man-sentenced-deadly-2025-eb0f756e-787d-5bd7-93ef-d2743be6e596.html", "EventCode": 4, "Tone": null}}, {"type": "Feature", "geometry": {"type": "Point", "coordinates": [6.83333, 4.75]}, "properties": {"Title": "Rivers Apc Wike Fubara Reconciliation Not 2027 Campaign Trick", "SourceURL": "https://thesun.ng/rivers-apc-wike-fubara-reconciliation-not-2027-campaign-trick/", "EventCode": 1, "Tone": null}}, {"type": "Feature", "geometry": {"type": "Point", "coordinates": [6.83333, 4.75]}, "properties": {"Title": "Rivers Apc Wike Fubara Reconciliation Not 2027 Campaign Trick", "SourceURL": "https://thesun.ng/rivers-apc-wike-fubara-reconciliation-not-2027-campaign-trick/", "EventCode": 1, "Tone": null}}, {"type": "Feature", "geometry": {"type": "Point", "coordinates": [-4.0, 40.0]}, "properties": {"Title": "Joe Manganiello Accuses Sophia Vergara Refusing Hug Him Illness", "SourceURL": "https://radaronline.com/p/joe-manganiello-accuses-sophia-vergara-refusing-hug-him-illness/", "EventCode": 4, "Tone": null}}, {"type": "Feature", "geometry": {"type": "Point", "coordinates": [23.7333, 37.9833]}, "properties": {"Title": "Marinakis A Vote Of Confidence In Greece", "SourceURL": "https://www.in.gr/2026/10/08/english-edition/marinakis-a-vote-of-confidence-in-greece/", "EventCode": 1, "Tone": null}}, {"type": "Feature", "geometry": {"type": "Point", "coordinates": [-71.0598, 42.3584]}, "properties": {"Title": "Sweater Weather Fest October 17 City Hall Plaza", "SourceURL": "https://www.boston.com/things-to-do/events/sweater-weather-fest-october-17-city-hall-plaza/", "EventCode": 1, "Tone": null}}, {"type": "Feature", "geometry": {"type": "Point", "coordinates": [-6.24889, 53.3331]}, "properties": {"Title": "1594196 Portrait Of A Demon Hunter Filmmaker Zoe Kavanagh Raises Hell", "SourceURL": "https://www.rte.ie/culture/2026/1008/1594196-portrait-of-a-demon-hunter-filmmaker-zoe-kavanagh-raises-hell/", "EventCode": 1, "Tone": null}}, {"type": "Feature", "geometry": {"type": "Point", "coordinates": [-76.0105, 36.8435]}, "properties": {"Title": "Business Notes Virginia Beach Police", "SourceURL": "https://www.pilotonline.com/2026/10/08/business-notes-virginia-beach-police/", "EventCode": 1, "Tone": null}}, {"type": "Feature", "geometry": {"type": "Point", "coordinates": [-105.327, 39.0646]}, "properties": {"Title": "Article 47096799 E4A1 4239 9E1E A285125Da9E9", "SourceURL": "https://www.decaturdaily.com/sponsored_content/what-damages-can-you-recover-after-an-accident-injury/article_47096799-e4a1-4239-9e1e-a285125da9e9.html", "EventCode": 2, "Tone": null}}, {"type": "Feature", "geometry": {"type": "Point", "coordinates": [-82.4, 42.9667]}, "properties": {"Title": "Qa With Sarnias Mayoral Candidates", "SourceURL": "https://www.theobserver.ca/news/qa-with-sarnias-mayoral-candidates/", "EventCode": 1, "Tone": null}}, {"type": "Feature", "geometry": {"type": "Point", "coordinates": [-82.65, 46.3833]}, "properties": {"Title": "Two Way Race For Mayor In Elliot Lake", "SourceURL": "https://www.elliotlakestandard.ca/news/two-way-race-for-mayor-in-elliot-lake/", "EventCode": 1, "Tone": null}}, {"type": "Feature", "geometry": {"type": "Point", "coordinates": [-82.65, 46.3833]}, "properties": {"Title": "Helen Lefebvre Seeks Reelection To Council", "SourceURL": "https://www.elliotlakestandard.ca/news/helen-lefebvre-seeks-reelection-to-council/", "EventCode": 1, "Tone": null}}, {"type": "Feature", "geometry": {"type": "Point", "coordinates": [-73.5833, 45.5]}, "properties": {"Title": "Mahad Farrah Guilty Double Homicide Montreal", "SourceURL": "https://montrealgazette.com/news/local-crime/mahad-farrah-guilty-double-homicide-montreal/", "EventCode": 4, "Tone": null}}, {"type": "Feature", "geometry": {"type": "Point", "coordinates": [-73.5833, 45.5]}, "properties": {"Title": "Mahad Farrah Guilty Double Homicide Montreal", "SourceURL": "https://montrealgazette.com/news/local-crime/mahad-farrah-guilty-double-homicide-montreal/", "EventCode": 4, "Tone": null}}, {"type": "Feature", "geometry": {"type": "Point", "coordinates": [-73.5833, 45.5]}, "properties": {"Title": "Communauto Crash St Henri Depanneur Police Chase", "SourceURL": "https://montrealgazette.com/news/local-crime/communauto-crash-st-henri-depanneur-police-chase/", "EventCode": 4, "Tone": null}}, {"type": "Feature", "geometry": {"type": "Point", "coordinates": [-75.7, 45.4167]}, "properties": {"Title": "Former Elliot Lake City Councillor Hopes For Return", "SourceURL": "https://www.elliotlakestandard.ca/news/former-elliot-lake-city-councillor-hopes-for-return/", "EventCode": 1, "Tone": null}}, {"type": "Feature", "geometry": {"type": "Point", "coordinates": [105.0, 35.0]}, "properties": {"Title": "Matthew Farwell Sandra Birchmore Case Potential Jurors", "SourceURL": "https://www.boston.com/news/crime/2026/10/08/matthew-farwell-sandra-birchmore-case-potential-jurors/", "EventCode": 3, "Tone": null}}, {"type": "Feature", "geometry": {"type": "Point", "coordinates": [-55.0, -10.0]}, "properties": {"Title": "Brazilian Judge Issues Arrest Warrant For Eduardo Bolsonaro Brother Of A Presidential Candidate", "SourceURL": "https://www.wsls.com/business/2026/10/08/brazilian-judge-issues-arrest-warrant-for-eduardo-bolsonaro-brother-of-a-presidential-candidate/", "EventCode": 2, "Tone": null}}, {"type": "Feature", "geometry": {"type": "Point", "coordinates": [-75.3057, 40.0118]}, "properties": {"Title": "Haverford Professor Charged Alleged Heinous Antisemitic Online Attacks Barred Campus", "SourceURL": "https://www.foxnews.com/media/haverford-professor-charged-alleged-heinous-antisemitic-online-attacks-barred-campus", "EventCode": 3, "Tone": null}}, {"type": "Feature", "geometry": {"type": "Point", "coordinates": [34.75, 31.5]}, "properties": {"Title": "Haverford Professor Charged Alleged Heinous Antisemitic Online Attacks Barred Campus", "SourceURL": "https://www.foxnews.com/media/haverford-professor-charged-alleged-heinous-antisemitic-online-attacks-barred-campus", "EventCode": 3, "Tone": null}}, {"type": "Feature", "geometry": {"type": "Point", "coordinates": [-89.0436, 30.4091]}, "properties": {"Title": "74083519", "SourceURL": "https://www.wapt.com/article/harrison-co-under-state-of-emergency-as-people-fill-sandbags-ahead-of-isaias-impact/74083519", "EventCode": 1, "Tone": null}}, {"type": "Feature", "geometry": {"type": "Point", "coordinates": [-89.6812, 32.7673]}, "properties": {"Title": "74083519", "SourceURL": "https://www.wapt.com/article/harrison-co-under-state-of-emergency-as-people-fill-sandbags-ahead-of-isaias-impact/74083519", "EventCode": 1, "Tone": null}}, {"type": "Feature", "geometry": {"type": "Point", "coordinates": [153.114, -30.2963]}, "properties": {"Title": "107221046", "SourceURL": "https://www.abc.net.au/news/2026-10-09/nsw-towns-hit-by-backpacker-shortage-seek-dama-listing/107221046", "EventCode": 1, "Tone": null}}, {"type": "Feature", "geometry": {"type": "Point", "coordinates": [-77.0364, 38.8951]}, "properties": {"Title": "Trump Honors Tech Leaders With Nations Top Awards In Science And Technology 6101313", "SourceURL": "https://www.theepochtimes.com/us/trump-honors-tech-leaders-with-nations-top-awards-in-science-and-technology-6101313", "EventCode": 1, "Tone": null}}, {"type": "Feature", "geometry": {"type": "Point", "coordinates": [-117.122, 38.4199]}, "properties": {"Title": "Abortion State Referenda 2026 November Midterms Roe Dobbs Missouri Nevada", "SourceURL": "https://www.nationalmemo.com/abortion-state-referenda-2026-november-midterms-roe-dobbs-missouri-nevada", "EventCode": 1, "Tone": null}}, {"type": "Feature", "geometry": {"type": "Point", "coordinates": [-86.8073, 32.799]}, "properties": {"Title": "Alabama Health Officials Warn Of Storm Cleanup Dangers Ahead Of Isaias", "SourceURL": "https://abc3340.com/news/local/alabama-health-officials-warn-of-storm-cleanup-dangers-ahead-of-isaias", "EventCode": 3, "Tone": null}}, {"type": "Feature", "geometry": {"type": "Point", "coordinates": [-69.3977, 44.6074]}, "properties": {"Title": "Ai In Education", "SourceURL": "https://www.wamc.org/podcast/northeastnotebook/2026-10-08/ai-in-education", "EventCode": 1, "Tone": null}}, {"type": "Feature", "geometry": {"type": "Point", "coordinates": [-76.483, 42.447]}, "properties": {"Title": "Nyc College Students Leave Class To Rally In Support Of Cornell Universitys Jane Doe", "SourceURL": "https://www.nydailynews.com/2026/10/08/nyc-college-students-leave-class-to-rally-in-support-of-cornell-universitys-jane-doe/", "EventCode": 1, "Tone": null}}, {"type": "Feature", "geometry": {"type": "Point", "coordinates": [-76.483, 42.447]}, "properties": {"Title": "Nyc College Students Leave Class To Rally In Support Of Cornell Universitys Jane Doe", "SourceURL": "https://www.nydailynews.com/2026/10/08/nyc-college-students-leave-class-to-rally-in-support-of-cornell-universitys-jane-doe/", "EventCode": 1, "Tone": null}}, {"type": "Feature", "geometry": {"type": "Point", "coordinates": [-76.483, 42.447]}, "properties": {"Title": "Nyc College Students Leave Class To Rally In Support Of Cornell Universitys Jane Doe", "SourceURL": "https://www.nydailynews.com/2026/10/08/nyc-college-students-leave-class-to-rally-in-support-of-cornell-universitys-jane-doe/", "EventCode": 1, "Tone": null}}, {"type": "Feature", "geometry": {"type": "Point", "coordinates": [-76.483, 42.447]}, "properties": {"Title": "Nyc College Students Leave Class To Rally In Support Of Cornell Universitys Jane Doe", "SourceURL": "https://www.nydailynews.com/2026/10/08/nyc-college-students-leave-class-to-rally-in-support-of-cornell-universitys-jane-doe/", "EventCode": 1, "Tone": null}}, {"type": "Feature", "geometry": {"type": "Point", "coordinates": [36.4525, 26.2455]}, "properties": {"Title": "The Future Of Saudi Architecture May Lie In Its Past 3005266", "SourceURL": "https://www.arabnews.com/saudi-arabia/the-future-of-saudi-architecture-may-lie-in-its-past-3005266", "EventCode": 3, "Tone": null}}, {"type": "Feature", "geometry": {"type": "Point", "coordinates": [29.9192, 31.1981]}, "properties": {"Title": "Alexandria Man Faces Multiple Charges In Plastic Gun Incident", "SourceURL": "https://www.echopress.com/news/local/alexandria-man-faces-multiple-charges-in-plastic-gun-incident", "EventCode": 3, "Tone": null}}, {"type": "Feature", "geometry": {"type": "Point", "coordinates": [2.33333, 48.8667]}, "properties": {"Title": "Emma Stone Rumored Plastic Surgery Tweaks Cosmetic 2026", "SourceURL": "https://www.dailymail.com/lifestyle/beauty/article-16193823/emma-stone-rumored-plastic-surgery-tweaks-cosmetic-2026.html", "EventCode": 1, "Tone": null}}, {"type": "Feature", "geometry": {"type": "Point", "coordinates": [-8.0, 39.5]}, "properties": {"Title": "Bruno Fernandes Contract Talks With Manchester United Held By One Key Issue", "SourceURL": "https://thehardtackle.com/transfer-news/2026/10/08/bruno-fernandes-contract-talks-with-manchester-united-held-by-one-key-issue/", "EventCode": 1, "Tone": null}}, {"type": "Feature", "geometry": {"type": "Point", "coordinates": [-8.0, 39.5]}, "properties": {"Title": "Bruno Fernandes Contract Talks With Manchester United Held By One Key Issue", "SourceURL": "https://thehardtackle.com/transfer-news/2026/10/08/bruno-fernandes-contract-talks-with-manchester-united-held-by-one-key-issue/", "EventCode": 1, "Tone": null}}, {"type": "Feature", "geometry": {"type": "Point", "coordinates": [77.5833, 12.9833]}, "properties": {"Title": "Bel Gosuraksha Partner On Sovereign Digital Identity Platform", "SourceURL": "https://www.biometricupdate.com/202610/bel-gosuraksha-partner-on-sovereign-digital-identity-platform", "EventCode": 1, "Tone": null}}, {"type": "Feature", "geometry": {"type": "Point", "coordinates": [-83.6487, 32.9866]}, "properties": {"Title": "Kpknfm6Xkjbypf56Murqnd4Yte", "SourceURL": "https://www.wsbradio.com/news/local/5-inmates-charged-connection-with-death-24-year-old-dekalb-county-jail/KPKNFM6XKJBYPF56MURQND4YTE/", "EventCode": 3, "Tone": null}}, {"type": "Feature", "geometry": {"type": "Point", "coordinates": [-84.2333, 33.7504]}, "properties": {"Title": "Kpknfm6Xkjbypf56Murqnd4Yte", "SourceURL": "https://www.wsbradio.com/news/local/5-inmates-charged-connection-with-death-24-year-old-dekalb-county-jail/KPKNFM6XKJBYPF56MURQND4YTE/", "EventCode": 4, "Tone": null}}, {"type": "Feature", "geometry": {"type": "Point", "coordinates": [-84.2333, 33.7504]}, "properties": {"Title": "Kpknfm6Xkjbypf56Murqnd4Yte", "SourceURL": "https://www.wsbradio.com/news/local/5-inmates-charged-connection-with-death-24-year-old-dekalb-county-jail/KPKNFM6XKJBYPF56MURQND4YTE/", "EventCode": 4, "Tone": null}}, {"type": "Feature", "geometry": {"type": "Point", "coordinates": [-87.6501, 41.85]}, "properties": {"Title": "Chicago Inspector General David Glockner Artificial Intelligence City Government", "SourceURL": "https://chicago.suntimes.com/fran-spielman-show/2026/10/08/chicago-inspector-general-david-glockner-artificial-intelligence-city-government", "EventCode": 1, "Tone": null}}, {"type": "Feature", "geometry": {"type": "Point", "coordinates": [35.2333, 31.7667]}, "properties": {"Title": "Ancient Ring Pontius Pilate Jesus Crucifixion", "SourceURL": "https://www.dailymail.com/sciencetech/article-16194473/ancient-ring-pontius-pilate-jesus-crucifixion.html", "EventCode": 4, "Tone": null}}, {"type": "Feature", "geometry": {"type": "Point", "coordinates": [84.0, 28.0]}, "properties": {"Title": "Dashain Tika 2026 Auspicious Time Dashain Tika 1026 M Kartik 4 Nepal", "SourceURL": "https://www.spotlightnepal.com/2026/10/08/dashain-tika-2026-auspicious-time-dashain-tika-1026-m-kartik-4-nepal/", "EventCode": 3, "Tone": null}}, {"type": "Feature", "geometry": {"type": "Point", "coordinates": [-118.4, 34.0736]}, "properties": {"Title": "Emma Stone Rumored Plastic Surgery Tweaks Cosmetic 2026", "SourceURL": "https://www.dailymail.com/lifestyle/beauty/article-16193823/emma-stone-rumored-plastic-surgery-tweaks-cosmetic-2026.html", "EventCode": 1, "Tone": null}}, {"type": "Feature", "geometry": {"type": "Point", "coordinates": [-98.2883, 41.1289]}, "properties": {"Title": "The View Torch Donald Trump Iran Take Out La San Diego", "SourceURL": "https://radaronline.com/p/the-view-torch-donald-trump-iran-take-out-la-san-diego/", "EventCode": 1, "Tone": null}}, {"type": "Feature", "geometry": {"type": "Point", "coordinates": [-71.5314, 42.2373]}, "properties": {"Title": "Beth Israel Lahey Ceo", "SourceURL": "https://www.bostonglobe.com/2026/10/08/business/beth-israel-lahey-ceo/", "EventCode": 1, "Tone": null}}, {"type": "Feature", "geometry": {"type": "Point", "coordinates": [30.0, 27.0]}, "properties": {"Title": "Jordan Supports Uk In Its Decision To Keep Diplomatic Mission Open In East Jerusalem 3005370", "SourceURL": "https://www.arabnews.com/middle-east/jordan-supports-uk-in-its-decision-to-keep-diplomatic-mission-open-in-east-jerusalem-3005370", "EventCode": 3, "Tone": null}}, {"type": "Feature", "geometry": {"type": "Point", "coordinates": [-119.746, 36.17]}, "properties": {"Title": "Article 34B1E169 947A 5946 8Bf7 B77C655Dea7D", "SourceURL": "http://www.gazettextra.com/news/nation_world/hims-hers-health-shareholder-alert-claimsfiler-reminds-investors-with-losses-in-excess/article_34b1e169-947a-5946-8bf7-b77c655dea7d.html", "EventCode": 1, "Tone": null}}, {"type": "Feature", "geometry": {"type": "Point", "coordinates": [135.0, -25.0]}, "properties": {"Title": "107244396", "SourceURL": "https://www.abc.net.au/news/2026-10-09/tasmanian-redundancy-tax-bungle-state-service-employees/107244396", "EventCode": 1, "Tone": null}}, {"type": "Feature", "geometry": {"type": "Point", "coordinates": [-75.978, 36.8529]}, "properties": {"Title": "Business Notes Virginia Beach Police", "SourceURL": "https://www.pilotonline.com/2026/10/08/business-notes-virginia-beach-police/", "EventCode": 1, "Tone": null}}, {"type": "Feature", "geometry": {"type": "Point", "coordinates": [-118.4, 34.0736]}, "properties": {"Title": "Emma Stone Rumored Plastic Surgery Tweaks Cosmetic 2026", "SourceURL": "https://www.dailymail.com/lifestyle/beauty/article-16193823/emma-stone-rumored-plastic-surgery-tweaks-cosmetic-2026.html", "EventCode": 1, "Tone": null}}, {"type": "Feature", "geometry": {"type": "Point", "coordinates": [-76.7075, 37.2707]}, "properties": {"Title": "General Assembly Marks 250 Years With Commemorative Colonial Williamsburg Session", "SourceURL": "https://www.pilotonline.com/2026/10/08/general-assembly-marks-250-years-with-commemorative-colonial-williamsburg-session/", "EventCode": 1, "Tone": null}}, {"type": "Feature", "geometry": {"type": "Point", "coordinates": [-87.8501, 41.8334]}, "properties": {"Title": "Chicago Police Cpd Shooting Edgar Delgado Arroyo Little Village", "SourceURL": "https://chicago.suntimes.com/police-reform/2026/10/08/chicago-police-cpd-shooting-edgar-delgado-arroyo-little-village", "EventCode": 2, "Tone": null}}, {"type": "Feature", "geometry": {"type": "Point", "coordinates": [-87.6501, 41.85]}, "properties": {"Title": "Chicago Police Cpd Shooting Edgar Delgado Arroyo Little Village", "SourceURL": "https://chicago.suntimes.com/police-reform/2026/10/08/chicago-police-cpd-shooting-edgar-delgado-arroyo-little-village", "EventCode": 2, "Tone": null}}, {"type": "Feature", "geometry": {"type": "Point", "coordinates": [-87.8501, 41.8334]}, "properties": {"Title": "Chicago Police Cpd Shooting Edgar Delgado Arroyo Little Village", "SourceURL": "https://chicago.suntimes.com/police-reform/2026/10/08/chicago-police-cpd-shooting-edgar-delgado-arroyo-little-village", "EventCode": 4, "Tone": null}}, {"type": "Feature", "geometry": {"type": "Point", "coordinates": [-87.6501, 41.85]}, "properties": {"Title": "Chicago Police Cpd Shooting Edgar Delgado Arroyo Little Village", "SourceURL": "https://chicago.suntimes.com/police-reform/2026/10/08/chicago-police-cpd-shooting-edgar-delgado-arroyo-little-village", "EventCode": 4, "Tone": null}}, {"type": "Feature", "geometry": {"type": "Point", "coordinates": [-87.8501, 41.8334]}, "properties": {"Title": "Chicago Police Cpd Shooting Edgar Delgado Arroyo Little Village", "SourceURL": "https://chicago.suntimes.com/police-reform/2026/10/08/chicago-police-cpd-shooting-edgar-delgado-arroyo-little-village", "EventCode": 4, "Tone": null}}, {"type": "Feature", "geometry": {"type": "Point", "coordinates": [-87.6501, 41.85]}, "properties": {"Title": "Chicago Police Cpd Shooting Edgar Delgado Arroyo Little Village", "SourceURL": "https://chicago.suntimes.com/police-reform/2026/10/08/chicago-police-cpd-shooting-edgar-delgado-arroyo-little-village", "EventCode": 4, "Tone": null}}, {"type": "Feature", "geometry": {"type": "Point", "coordinates": [-71.5314, 42.2373]}, "properties": {"Title": "Where Northern Lights Visible Tonight New England", "SourceURL": "https://www.bostonglobe.com/2026/10/08/metro/where-northern-lights-visible-tonight-new-england/", "EventCode": 1, "Tone": null}}, {"type": "Feature", "geometry": {"type": "Point", "coordinates": [-111.854, 40.1135]}, "properties": {"Title": "Erika Kirk Warns Assassins Always Find A Way Charlie Death", "SourceURL": "https://radaronline.com/p/erika-kirk-warns-assassins-always-find-a-way-charlie-death/", "EventCode": 4, "Tone": null}}, {"type": "Feature", "geometry": {"type": "Point", "coordinates": [-117.134, 32.6501]}, "properties": {"Title": "26620857.Long Deployed Us Aircraft Carrier Returns Home 265 Days Sea", "SourceURL": "https://www.countypress.co.uk/news/national/26620857.long-deployed-us-aircraft-carrier-returns-home-265-days-sea/", "EventCode": 1, "Tone": null}}, {"type": "Feature", "geometry": {"type": "Point", "coordinates": [-121.934, 38.2685]}, "properties": {"Title": "Election 2026 House Control Is Up For Grabs Bay Area Seats Look Safely Democratic", "SourceURL": "https://www.timesheraldonline.com/2026/10/08/election-2026-house-control-is-up-for-grabs-bay-area-seats-look-safely-democratic/", "EventCode": 1, "Tone": null}}, {"type": "Feature", "geometry": {"type": "Point", "coordinates": [-70.666667, 19.0]}, "properties": {"Title": "Mys 2026 Ibc Shipyard On 25 Years Of Growth In The Caribbean 18200", "SourceURL": "https://www.superyachts.com/news/story/mys-2026-ibc-shipyard-on-25-years-of-growth-in-the-caribbean-18200/", "EventCode": 1, "Tone": null}}, {"type": "Feature", "geometry": {"type": "Point", "coordinates": [-117.157, 32.7153]}, "properties": {"Title": "Ypcmtk6S2Y5C7P2Vjsqkpr4Spm", "SourceURL": "https://www.wsbradio.com/news/politics/pentagon-says-firing/YPCMTK6S2Y5C7P2VJSQKPR4SPM/", "EventCode": 3, "Tone": null}}, {"type": "Feature", "geometry": {"type": "Point", "coordinates": [-97.6475, 31.106]}, "properties": {"Title": "Class Action Filed Against Samsung Over Smart Tv Spying Concerns 6101159", "SourceURL": "https://www.theepochtimes.com/us/class-action-filed-against-samsung-over-smart-tv-spying-concerns-6101159", "EventCode": 1, "Tone": null}}, {"type": "Feature", "geometry": {"type": "Point", "coordinates": [-77.5997, 37.3835]}, "properties": {"Title": "Google Data Center Cited For 7 Deq Violations In Chesterfield", "SourceURL": "https://www.wtvr.com/news/local-news/chesterfield-county/google-data-center-cited-for-7-deq-violations-in-chesterfield", "EventCode": 1, "Tone": null}}, {"type": "Feature", "geometry": {"type": "Point", "coordinates": [103.758, 1.4655]}, "properties": {"Title": "Mydigitalin Coursera Ai Skills Development Tie Up", "SourceURL": "https://www.thestar.com.my/business/business-news/2026/10/09/mydigitalin-coursera-ai-skills-development-tie-up", "EventCode": 2, "Tone": null}}, {"type": "Feature", "geometry": {"type": "Point", "coordinates": [6.0, 6.5]}, "properties": {"Title": "2027 Only Mad Men Will Vote Tinubu Amaechi", "SourceURL": "https://dailypost.ng/2026/10/08/2027-only-mad-men-will-vote-tinubu-amaechi/", "EventCode": 1, "Tone": null}}, {"type": "Feature", "geometry": {"type": "Point", "coordinates": [8.0, 10.0]}, "properties": {"Title": "What Cutting Fuel Price Really Means Presidency Explains", "SourceURL": "https://dailypost.ng/2026/10/08/what-cutting-fuel-price-really-means-presidency-explains/", "EventCode": 2, "Tone": null}}, {"type": "Feature", "geometry": {"type": "Point", "coordinates": [84.0, 28.0]}, "properties": {"Title": "Dashain Tika 2026 Auspicious Time Dashain Tika 1026 M Kartik 4 Nepal", "SourceURL": "https://www.spotlightnepal.com/2026/10/08/dashain-tika-2026-auspicious-time-dashain-tika-1026-m-kartik-4-nepal/", "EventCode": 1, "Tone": null}}, {"type": "Feature", "geometry": {"type": "Point", "coordinates": [36.4525, 26.2455]}, "properties": {"Title": "The Future Of Saudi Architecture May Lie In Its Past 3005266", "SourceURL": "https://www.arabnews.com/saudi-arabia/the-future-of-saudi-architecture-may-lie-in-its-past-3005266", "EventCode": 3, "Tone": null}}, {"type": "Feature", "geometry": {"type": "Point", "coordinates": [36.6339, 35.9306]}, "properties": {"Title": "Fourth Group Of Displaced Families Returns To Syrias Ras Al Ain 3005376", "SourceURL": "https://www.arabnews.com/middle-east/fourth-group-of-displaced-families-returns-to-syrias-ras-al-ain-3005376", "EventCode": 1, "Tone": null}}, {"type": "Feature", "geometry": {"type": "Point", "coordinates": [36.6339, 35.9306]}, "properties": {"Title": "Fourth Group Of Displaced Families Returns To Syrias Ras Al Ain 3005376", "SourceURL": "https://www.arabnews.com/middle-east/fourth-group-of-displaced-families-returns-to-syrias-ras-al-ain-3005376", "EventCode": 1, "Tone": null}}, {"type": "Feature", "geometry": {"type": "Point", "coordinates": [-77.0364, 38.8951]}, "properties": {"Title": "Article 5406A3Db B334 51A4 97Fc D0E1A7Ccb8F5", "SourceURL": "http://www.thedailytimes.com/ap/international/pope-leo-xiv-opens-status-check-on-pope-francis-contentious-opening-to-civilly-remarried-catholics/article_5406a3db-b334-51a4-97fc-d0e1a7ccb8f5.html", "EventCode": 3, "Tone": null}}, {"type": "Feature", "geometry": {"type": "Point", "coordinates": [-97.6475, 31.106]}, "properties": {"Title": "Article 5406A3Db B334 51A4 97Fc D0E1A7Ccb8F5", "SourceURL": "http://www.thedailytimes.com/ap/international/pope-leo-xiv-opens-status-check-on-pope-francis-contentious-opening-to-civilly-remarried-catholics/article_5406a3db-b334-51a4-97fc-d0e1a7ccb8f5.html", "EventCode": 3, "Tone": null}}, {"type": "Feature", "geometry": {"type": "Point", "coordinates": [38.0, 35.0]}, "properties": {"Title": "Article 88C746Da A58F 559E B719 D817Bd6B9B6E", "SourceURL": "http://www.thegazette.com/news/world/iraq-rejects-syrian-request-to-repatriate-4-000-suspected-is-detainees-official-says/article_88c746da-a58f-559e-b719-d817bd6b9b6e.html", "EventCode": 2, "Tone": null}}, {"type": "Feature", "geometry": {"type": "Point", "coordinates": [3.89639, 7.38778]}, "properties": {"Title": "Seven Days After Abduction 20 Corps Members Arrive Ibadan", "SourceURL": "https://thesun.ng/seven-days-after-abduction-20-corps-members-arrive-ibadan/", "EventCode": 1, "Tone": null}}, {"type": "Feature", "geometry": {"type": "Point", "coordinates": [4.0, 8.0]}, "properties": {"Title": "Seven Days After Abduction 20 Corps Members Arrive Ibadan", "SourceURL": "https://thesun.ng/seven-days-after-abduction-20-corps-members-arrive-ibadan/", "EventCode": 1, "Tone": null}}, {"type": "Feature", "geometry": {"type": "Point", "coordinates": [-111.854, 40.1135]}, "properties": {"Title": "Erika Kirk Warns Assassins Always Find A Way Charlie Death", "SourceURL": "https://radaronline.com/p/erika-kirk-warns-assassins-always-find-a-way-charlie-death/", "EventCode": 4, "Tone": null}}, {"type": "Feature", "geometry": {"type": "Point", "coordinates": [4.0, 8.0]}, "properties": {"Title": "Seven Days After Abduction 20 Corps Members Arrive Ibadan", "SourceURL": "https://thesun.ng/seven-days-after-abduction-20-corps-members-arrive-ibadan/", "EventCode": 4, "Tone": null}}, {"type": "Feature", "geometry": {"type": "Point", "coordinates": [-93.6091, 41.6005]}, "properties": {"Title": "Article 1Eefbf6D 9186 4933 B890 2327D454072C", "SourceURL": "http://www.thegazette.com/news/elections/firefighters-group-endorses-josh-turek-for-u-s-senate/article_1eefbf6d-9186-4933-b890-2327d454072c.html", "EventCode": 1, "Tone": null}}, {"type": "Feature", "geometry": {"type": "Point", "coordinates": [-93.6091, 41.6005]}, "properties": {"Title": "Article 1Eefbf6D 9186 4933 B890 2327D454072C", "SourceURL": "http://www.thegazette.com/news/elections/firefighters-group-endorses-josh-turek-for-u-s-senate/article_1eefbf6d-9186-4933-b890-2327d454072c.html", "EventCode": 1, "Tone": null}}, {"type": "Feature", "geometry": {"type": "Point", "coordinates": [-86.7675, 34.0607]}, "properties": {"Title": "Your Daily Civic Brief For October 8", "SourceURL": "https://wlrh.org/episode/your-daily-civic-brief-for-october-8/", "EventCode": 1, "Tone": null}}, {"type": "Feature", "geometry": {"type": "Point", "coordinates": [-86.8073, 32.799]}, "properties": {"Title": "Your Daily Civic Brief For October 8", "SourceURL": "https://wlrh.org/episode/your-daily-civic-brief-for-october-8/", "EventCode": 1, "Tone": null}}, {"type": "Feature", "geometry": {"type": "Point", "coordinates": [-95.9378, 41.2586]}, "properties": {"Title": "Mom Baby Ground Brain Damage Police", "SourceURL": "https://www.dailymail.com/news/article-16194035/mom-baby-ground-brain-damage-police.html", "EventCode": 1, "Tone": null}}, {"type": "Feature", "geometry": {"type": "Point", "coordinates": [-86.7675, 34.0607]}, "properties": {"Title": "Your Daily Civic Brief For October 8", "SourceURL": "https://wlrh.org/episode/your-daily-civic-brief-for-october-8/", "EventCode": 1, "Tone": null}}, {"type": "Feature", "geometry": {"type": "Point", "coordinates": [-86.8892, 35.052]}, "properties": {"Title": "Your Daily Civic Brief For October 8", "SourceURL": "https://wlrh.org/episode/your-daily-civic-brief-for-october-8/", "EventCode": 1, "Tone": null}}, {"type": "Feature", "geometry": {"type": "Point", "coordinates": [-96.5278, 39.1881]}, "properties": {"Title": "Is Water Safe To Drink In Topeka After A Recent Wastewater Discharge", "SourceURL": "https://www.kmaj1440.com/2026/10/08/is-water-safe-to-drink-in-topeka-after-a-recent-wastewater-discharge/", "EventCode": 1, "Tone": null}}, {"type": "Feature", "geometry": {"type": "Point", "coordinates": [-96.8005, 38.5111]}, "properties": {"Title": "Is Water Safe To Drink In Topeka After A Recent Wastewater Discharge", "SourceURL": "https://www.kmaj1440.com/2026/10/08/is-water-safe-to-drink-in-topeka-after-a-recent-wastewater-discharge/", "EventCode": 1, "Tone": null}}, {"type": "Feature", "geometry": {"type": "Point", "coordinates": [-69.3977, 44.6074]}, "properties": {"Title": "Ai In Education", "SourceURL": "https://www.wamc.org/podcast/northeastnotebook/2026-10-08/ai-in-education", "EventCode": 1, "Tone": null}}, {"type": "Feature", "geometry": {"type": "Point", "coordinates": [-80.1937, 25.7743]}, "properties": {"Title": "Tracking Isaias Storm Intensifies First 164617000", "SourceURL": "https://www.aol.com/articles/tracking-isaias-storm-intensifies-first-164617000.html", "EventCode": 1, "Tone": null}}, {"type": "Feature", "geometry": {"type": "Point", "coordinates": [-121.934, 38.2685]}, "properties": {"Title": "Election 2026 House Control Is Up For Grabs Bay Area Seats Look Safely Democratic", "SourceURL": "https://www.timesheraldonline.com/2026/10/08/election-2026-house-control-is-up-for-grabs-bay-area-seats-look-safely-democratic/", "EventCode": 1, "Tone": null}}, {"type": "Feature", "geometry": {"type": "Point", "coordinates": [-82.4584, 27.9475]}, "properties": {"Title": "Hurricane Isaias Tampa Bay Search Rescue Team Deploys Florida Panhandle", "SourceURL": "https://www.fox13news.com/news/hurricane-isaias-tampa-bay-search-rescue-team-deploys-florida-panhandle", "EventCode": 1, "Tone": null}}, {"type": "Feature", "geometry": {"type": "Point", "coordinates": [-82.3498, 27.917]}, "properties": {"Title": "Hurricane Isaias Tampa Bay Search Rescue Team Deploys Florida Panhandle", "SourceURL": "https://www.fox13news.com/news/hurricane-isaias-tampa-bay-search-rescue-team-deploys-florida-panhandle", "EventCode": 1, "Tone": null}}, {"type": "Feature", "geometry": {"type": "Point", "coordinates": [-71.5653, 43.4108]}, "properties": {"Title": "Who Is Karoline Leavitt Trump Ex Press Secretary Joins Fox News", "SourceURL": "https://radaronline.com/p/who-is-karoline-leavitt-trump-ex-press-secretary-joins-fox-news/", "EventCode": 1, "Tone": null}}, {"type": "Feature", "geometry": {"type": "Point", "coordinates": [-82.394, 34.8526]}, "properties": {"Title": "Hayden Panettieres Daughter Appears In Court As Estate Battle Moves Forward", "SourceURL": "https://tribune.com.pk/story/2633771/hayden-panettieres-daughter-appears-in-court-as-estate-battle-moves-forward", "EventCode": 1, "Tone": null}}, {"type": "Feature", "geometry": {"type": "Point", "coordinates": [-95.9378, 41.2586]}, "properties": {"Title": "Mom Baby Ground Brain Damage Police", "SourceURL": "https://www.dailymail.com/news/article-16194035/mom-baby-ground-brain-damage-police.html", "EventCode": 1, "Tone": null}}, {"type": "Feature", "geometry": {"type": "Point", "coordinates": [-92.302, 38.4623]}, "properties": {"Title": "Abortion State Referenda 2026 November Midterms Roe Dobbs Missouri Nevada", "SourceURL": "https://www.nationalmemo.com/abortion-state-referenda-2026-november-midterms-roe-dobbs-missouri-nevada", "EventCode": 1, "Tone": null}}, {"type": "Feature", "geometry": {"type": "Point", "coordinates": [-92.302, 38.4623]}, "properties": {"Title": "Abortion State Referenda 2026 November Midterms Roe Dobbs Missouri Nevada", "SourceURL": "https://www.nationalmemo.com/abortion-state-referenda-2026-november-midterms-roe-dobbs-missouri-nevada", "EventCode": 1, "Tone": null}}, {"type": "Feature", "geometry": {"type": "Point", "coordinates": [-122.419, 37.7749]}, "properties": {"Title": "Hoon Lee East Of Eden Interview", "SourceURL": "https://www.esquire.com/entertainment/tv/a74070315/hoon-lee-east-of-eden-interview/", "EventCode": 2, "Tone": null}}, {"type": "Feature", "geometry": {"type": "Point", "coordinates": [-76.2852, 36.8468]}, "properties": {"Title": "Some Negotiations Between Sentara And Anthem End In Failure Norfolk System Says", "SourceURL": "https://www.pilotonline.com/2026/10/08/some-negotiations-between-sentara-and-anthem-end-in-failure-norfolk-system-says/", "EventCode": 2, "Tone": null}}, {"type": "Feature", "geometry": {"type": "Point", "coordinates": [-78.9442, 37.0501]}, "properties": {"Title": "Campbell County Man Facing Multiple Drug Charges After Search Of Brookneal Home Crime October 2026", "SourceURL": "https://wset.com/news/local/campbell-county-man-facing-multiple-drug-charges-after-search-of-brookneal-home-crime-october-2026", "EventCode": 2, "Tone": null}}, {"type": "Feature", "geometry": {"type": "Point", "coordinates": [-78.2057, 37.768]}, "properties": {"Title": "Some Negotiations Between Sentara And Anthem End In Failure Norfolk System Says", "SourceURL": "https://www.pilotonline.com/2026/10/08/some-negotiations-between-sentara-and-anthem-end-in-failure-norfolk-system-says/", "EventCode": 3, "Tone": null}}, {"type": "Feature", "geometry": {"type": "Point", "coordinates": [-75.6496, 40.2454]}, "properties": {"Title": "Pottstown Man Accused Of Possessing Sharing Child Sexual Abuse Material", "SourceURL": "https://www.thereporteronline.com/2026/10/08/pottstown-man-accused-of-possessing-sharing-child-sexual-abuse-material/", "EventCode": 3, "Tone": null}}, {"type": "Feature", "geometry": {"type": "Point", "coordinates": [-79.0997, 37.2335]}, "properties": {"Title": "Campbell County Man Facing Multiple Drug Charges After Search Of Brookneal Home Crime October 2026", "SourceURL": "https://wset.com/news/local/campbell-county-man-facing-multiple-drug-charges-after-search-of-brookneal-home-crime-october-2026", "EventCode": 3, "Tone": null}}, {"type": "Feature", "geometry": {"type": "Point", "coordinates": [-79.5664, 37.3001]}, "properties": {"Title": "Campbell County Man Facing Multiple Drug Charges After Search Of Brookneal Home Crime October 2026", "SourceURL": "https://wset.com/news/local/campbell-county-man-facing-multiple-drug-charges-after-search-of-brookneal-home-crime-october-2026", "EventCode": 3, "Tone": null}}, {"type": "Feature", "geometry": {"type": "Point", "coordinates": [-78.2057, 37.768]}, "properties": {"Title": "Campbell County Man Facing Multiple Drug Charges After Search Of Brookneal Home Crime October 2026", "SourceURL": "https://wset.com/news/local/campbell-county-man-facing-multiple-drug-charges-after-search-of-brookneal-home-crime-october-2026", "EventCode": 3, "Tone": null}}, {"type": "Feature", "geometry": {"type": "Point", "coordinates": [105.0, 35.0]}, "properties": {"Title": "Matthew Farwell Sandra Birchmore Case Potential Jurors", "SourceURL": "https://www.boston.com/news/crime/2026/10/08/matthew-farwell-sandra-birchmore-case-potential-jurors/", "EventCode": 3, "Tone": null}}, {"type": "Feature", "geometry": {"type": "Point", "coordinates": [-96.6836, 40.7833]}, "properties": {"Title": "Mom Baby Ground Brain Damage Police", "SourceURL": "https://www.dailymail.com/news/article-16194035/mom-baby-ground-brain-damage-police.html", "EventCode": 3, "Tone": null}}, {"type": "Feature", "geometry": {"type": "Point", "coordinates": [-77.6497, 39.0834]}, "properties": {"Title": "Husband Murder Journal Saying Realtor Wife Killed Tuesday Shot Dead", "SourceURL": "https://www.dailymail.com/news/article-16194169/Husband-murder-journal-saying-realtor-wife-killed-Tuesday-shot-dead.html", "EventCode": 3, "Tone": null}}, {"type": "Feature", "geometry": {"type": "Point", "coordinates": [-77.264, 40.5773]}, "properties": {"Title": "Husband Murder Journal Saying Realtor Wife Killed Tuesday Shot Dead", "SourceURL": "https://www.dailymail.com/news/article-16194169/Husband-murder-journal-saying-realtor-wife-killed-Tuesday-shot-dead.html", "EventCode": 3, "Tone": null}}, {"type": "Feature", "geometry": {"type": "Point", "coordinates": [-72.7093, 44.0407]}, "properties": {"Title": "Oteil Burbridge Dead Co Allman Brothers", "SourceURL": "https://www.boston.com/culture/music/2026/10/08/oteil-burbridge-dead-co-allman-brothers/", "EventCode": 4, "Tone": null}}, {"type": "Feature", "geometry": {"type": "Point", "coordinates": [-72.7093, 44.0407]}, "properties": {"Title": "Oteil Burbridge Dead Co Allman Brothers", "SourceURL": "https://www.boston.com/culture/music/2026/10/08/oteil-burbridge-dead-co-allman-brothers/", "EventCode": 4, "Tone": null}}, {"type": "Feature", "geometry": {"type": "Point", "coordinates": [-104.82, 41.14]}, "properties": {"Title": "Article 4Ce54262 B586 439F 9322 9776527Ef3Da", "SourceURL": "http://www.wyomingnews.com/features/todo/from-historic-figures-to-sheet-ghosts-hauntings-and-history-tours-bring-cheyenne-s-spooky-tales/article_4ce54262-b586-439f-9322-9776527ef3da.html", "EventCode": 4, "Tone": null}}, {"type": "Feature", "geometry": {"type": "Point", "coordinates": [-77.264, 40.5773]}, "properties": {"Title": "Husband Murder Journal Saying Realtor Wife Killed Tuesday Shot Dead", "SourceURL": "https://www.dailymail.com/news/article-16194169/Husband-murder-journal-saying-realtor-wife-killed-Tuesday-shot-dead.html", "EventCode": 4, "Tone": null}}, {"type": "Feature", "geometry": {"type": "Point", "coordinates": [-78.2057, 37.768]}, "properties": {"Title": "Husband Murder Journal Saying Realtor Wife Killed Tuesday Shot Dead", "SourceURL": "https://www.dailymail.com/news/article-16194169/Husband-murder-journal-saying-realtor-wife-killed-Tuesday-shot-dead.html", "EventCode": 4, "Tone": null}}, {"type": "Feature", "geometry": {"type": "Point", "coordinates": [-82.394, 34.8526]}, "properties": {"Title": "Hayden Panettieres Daughter Appears In Court As Estate Battle Moves Forward", "SourceURL": "https://tribune.com.pk/story/2633771/hayden-panettieres-daughter-appears-in-court-as-estate-battle-moves-forward", "EventCode": 4, "Tone": null}}, {"type": "Feature", "geometry": {"type": "Point", "coordinates": [-104.82, 41.14]}, "properties": {"Title": "Article 4Ce54262 B586 439F 9322 9776527Ef3Da", "SourceURL": "http://www.wyomingnews.com/features/todo/from-historic-figures-to-sheet-ghosts-hauntings-and-history-tours-bring-cheyenne-s-spooky-tales/article_4ce54262-b586-439f-9322-9776527ef3da.html", "EventCode": 1, "Tone": null}}, {"type": "Feature", "geometry": {"type": "Point", "coordinates": [-95.3633, 29.7633]}, "properties": {"Title": "Nasa Spacex Crew 12 Returns To Earth After 8 Months In Space 6101207", "SourceURL": "https://www.theepochtimes.com/us/nasa-spacex-crew-12-returns-to-earth-after-8-months-in-space-6101207", "EventCode": 1, "Tone": null}}, {"type": "Feature", "geometry": {"type": "Point", "coordinates": [-71.5653, 43.4108]}, "properties": {"Title": "Who Is Karoline Leavitt Trump Ex Press Secretary Joins Fox News", "SourceURL": "https://radaronline.com/p/who-is-karoline-leavitt-trump-ex-press-secretary-joins-fox-news/", "EventCode": 1, "Tone": null}}, {"type": "Feature", "geometry": {"type": "Point", "coordinates": [-97.6475, 31.106]}, "properties": {"Title": "Donald Trump Maga Rally Attendee Assaults Protestor Texas", "SourceURL": "https://radaronline.com/p/donald-trump-maga-rally-attendee-assaults-protestor-texas/", "EventCode": 1, "Tone": null}}, {"type": "Feature", "geometry": {"type": "Point", "coordinates": [-83.6487, 32.9866]}, "properties": {"Title": "Kpknfm6Xkjbypf56Murqnd4Yte", "SourceURL": "https://www.wsbradio.com/news/local/5-inmates-charged-connection-with-death-24-year-old-dekalb-county-jail/KPKNFM6XKJBYPF56MURQND4YTE/", "EventCode": 3, "Tone": null}}, {"type": "Feature", "geometry": {"type": "Point", "coordinates": [-84.2333, 33.7504]}, "properties": {"Title": "Kpknfm6Xkjbypf56Murqnd4Yte", "SourceURL": "https://www.wsbradio.com/news/local/5-inmates-charged-connection-with-death-24-year-old-dekalb-county-jail/KPKNFM6XKJBYPF56MURQND4YTE/", "EventCode": 4, "Tone": null}}, {"type": "Feature", "geometry": {"type": "Point", "coordinates": [-84.2333, 33.7504]}, "properties": {"Title": "Kpknfm6Xkjbypf56Murqnd4Yte", "SourceURL": "https://www.wsbradio.com/news/local/5-inmates-charged-connection-with-death-24-year-old-dekalb-county-jail/KPKNFM6XKJBYPF56MURQND4YTE/", "EventCode": 4, "Tone": null}}, {"type": "Feature", "geometry": {"type": "Point", "coordinates": [-75.1704, 42.3442]}, "properties": {"Title": "Venezuela Maduro Wife Face New Us Charge Over Alleged Torture", "SourceURL": "http://www.venezuelastar.com/news/279360420/venezuela-maduro-wife-face-new-us-charge-over-alleged-torture", "EventCode": 3, "Tone": null}}, {"type": "Feature", "geometry": {"type": "Point", "coordinates": [-104.82, 41.14]}, "properties": {"Title": "Article 4Ce54262 B586 439F 9322 9776527Ef3Da", "SourceURL": "http://www.wyomingnews.com/features/todo/from-historic-figures-to-sheet-ghosts-hauntings-and-history-tours-bring-cheyenne-s-spooky-tales/article_4ce54262-b586-439f-9322-9776527ef3da.html", "EventCode": 1, "Tone": null}}, {"type": "Feature", "geometry": {"type": "Point", "coordinates": [28.2294, -25.7069]}, "properties": {"Title": "53276", "SourceURL": "https://www.thereporterethiopia.com/53276/", "EventCode": 3, "Tone": null}}, {"type": "Feature", "geometry": {"type": "Point", "coordinates": [39.5, 13.5]}, "properties": {"Title": "53276", "SourceURL": "https://www.thereporterethiopia.com/53276/", "EventCode": 3, "Tone": null}}, {"type": "Feature", "geometry": {"type": "Point", "coordinates": [-77.0364, 38.8951]}, "properties": {"Title": "685676 Us Sanctions Indian Uae And Turkish Firms Over Iranian Oil Trade", "SourceURL": "https://www.geo.tv/latest/685676-us-sanctions-indian-uae-and-turkish-firms-over-iranian-oil-trade", "EventCode": 4, "Tone": null}}, {"type": "Feature", "geometry": {"type": "Point", "coordinates": [53.0, 32.0]}, "properties": {"Title": "685676 Us Sanctions Indian Uae And Turkish Firms Over Iranian Oil Trade", "SourceURL": "https://www.geo.tv/latest/685676-us-sanctions-indian-uae-and-turkish-firms-over-iranian-oil-trade", "EventCode": 4, "Tone": null}}, {"type": "Feature", "geometry": {"type": "Point", "coordinates": [138.6, -34.9333]}, "properties": {"Title": "107244324", "SourceURL": "https://www.abc.net.au/news/2026-10-09/snowtown-murder-victim-nephew-speaks-out-james-vlassakis/107244324", "EventCode": 1, "Tone": null}}, {"type": "Feature", "geometry": {"type": "Point", "coordinates": [146.167, -35.2333]}, "properties": {"Title": "Gymea Bay Baths New Water Testing To Reveal Pollution Source", "SourceURL": "https://www.theleader.com.au/story/9362441/gymea-bay-baths-new-water-testing-to-reveal-pollution-source/", "EventCode": 2, "Tone": null}}, {"type": "Feature", "geometry": {"type": "Point", "coordinates": [120.169, 32.1639]}, "properties": {"Title": "5E6C720625Eca34D4027Ae28688C39F9", "SourceURL": "https://www.townsvillebulletin.com.au/motoring/on-the-road/toyota-boss-big-bet-against-china/news-story/5e6c720625eca34d4027ae28688c39f9?nk=69c9c4c73d68cbdabcf4fede5997d09a-1791495138", "EventCode": 3, "Tone": null}}, {"type": "Feature", "geometry": {"type": "Point", "coordinates": [151.217, -33.8833]}, "properties": {"Title": "107237652", "SourceURL": "https://www.abc.net.au/news/2026-10-09/woman-represents-herself-wins-damages-child-sex-abuse/107237652", "EventCode": 4, "Tone": null}}, {"type": "Feature", "geometry": {"type": "Point", "coordinates": [138.6, -34.9333]}, "properties": {"Title": "107244324", "SourceURL": "https://www.abc.net.au/news/2026-10-09/snowtown-murder-victim-nephew-speaks-out-james-vlassakis/107244324", "EventCode": 4, "Tone": null}}, {"type": "Feature", "geometry": {"type": "Point", "coordinates": [-73.8912, 40.8535]}, "properties": {"Title": "Arrest Made Bronx Hit Run Killed Music Promoter", "SourceURL": "https://www.nydailynews.com/2026/10/08/arrest-made-bronx-hit-run-killed-music-promoter/", "EventCode": 4, "Tone": null}}, {"type": "Feature", "geometry": {"type": "Point", "coordinates": [-74.9384, 42.1497]}, "properties": {"Title": "Arrest Made Bronx Hit Run Killed Music Promoter", "SourceURL": "https://www.nydailynews.com/2026/10/08/arrest-made-bronx-hit-run-killed-music-promoter/", "EventCode": 4, "Tone": null}}, {"type": "Feature", "geometry": {"type": "Point", "coordinates": [-73.8912, 40.8535]}, "properties": {"Title": "Arrest Made Bronx Hit Run Killed Music Promoter", "SourceURL": "https://www.nydailynews.com/2026/10/08/arrest-made-bronx-hit-run-killed-music-promoter/", "EventCode": 4, "Tone": null}}, {"type": "Feature", "geometry": {"type": "Point", "coordinates": [-74.9384, 42.1497]}, "properties": {"Title": "Arrest Made Bronx Hit Run Killed Music Promoter", "SourceURL": "https://www.nydailynews.com/2026/10/08/arrest-made-bronx-hit-run-killed-music-promoter/", "EventCode": 4, "Tone": null}}, {"type": "Feature", "geometry": {"type": "Point", "coordinates": [151.083, -34.05]}, "properties": {"Title": "Gymea Bay Baths New Water Testing To Reveal Pollution Source", "SourceURL": "https://www.theleader.com.au/story/9362441/gymea-bay-baths-new-water-testing-to-reveal-pollution-source/", "EventCode": 2, "Tone": null}}, {"type": "Feature", "geometry": {"type": "Point", "coordinates": [153.114, -30.2963]}, "properties": {"Title": "107221046", "SourceURL": "https://www.abc.net.au/news/2026-10-09/nsw-towns-hit-by-backpacker-shortage-seek-dama-listing/107221046", "EventCode": 1, "Tone": null}}, {"type": "Feature", "geometry": {"type": "Point", "coordinates": [151.217, -33.8833]}, "properties": {"Title": "A Touring Choreographer S Guide To Living Like A Local 20261009 P60Ri9", "SourceURL": "https://www.afr.com/life-and-luxury/fashion-and-style/a-touring-choreographer-s-guide-to-living-like-a-local-20261009-p60ri9", "EventCode": 4, "Tone": null}}, {"type": "Feature", "geometry": {"type": "Point", "coordinates": [138.6, -34.9333]}, "properties": {"Title": "107244324", "SourceURL": "https://www.abc.net.au/news/2026-10-09/snowtown-murder-victim-nephew-speaks-out-james-vlassakis/107244324", "EventCode": 2, "Tone": null}}, {"type": "Feature", "geometry": {"type": "Point", "coordinates": [138.6, -34.9333]}, "properties": {"Title": "107244324", "SourceURL": "https://www.abc.net.au/news/2026-10-09/snowtown-murder-victim-nephew-speaks-out-james-vlassakis/107244324", "EventCode": 4, "Tone": null}}, {"type": "Feature", "geometry": {"type": "Point", "coordinates": [134.0, -20.0]}, "properties": {"Title": "107221046", "SourceURL": "https://www.abc.net.au/news/2026-10-09/nsw-towns-hit-by-backpacker-shortage-seek-dama-listing/107221046", "EventCode": 1, "Tone": null}}, {"type": "Feature", "geometry": {"type": "Point", "coordinates": [138.6, -34.9333]}, "properties": {"Title": "107244324", "SourceURL": "https://www.abc.net.au/news/2026-10-09/snowtown-murder-victim-nephew-speaks-out-james-vlassakis/107244324", "EventCode": 1, "Tone": null}}, {"type": "Feature", "geometry": {"type": "Point", "coordinates": [153.114, -30.2963]}, "properties": {"Title": "107221046", "SourceURL": "https://www.abc.net.au/news/2026-10-09/nsw-towns-hit-by-backpacker-shortage-seek-dama-listing/107221046", "EventCode": 1, "Tone": null}}, {"type": "Feature", "geometry": {"type": "Point", "coordinates": [151.954, -27.5606]}, "properties": {"Title": "107242310", "SourceURL": "https://www.abc.net.au/news/2026-10-09/coffee-brands-drop-premium-arabica-beans-in-price-squeeze/107242310", "EventCode": 1, "Tone": null}}, {"type": "Feature", "geometry": {"type": "Point", "coordinates": [138.6, -34.9333]}, "properties": {"Title": "Www.Indusage.Com.Au", "SourceURL": "https://www.indusage.com.au/?p=99607", "EventCode": 1, "Tone": null}}, {"type": "Feature", "geometry": {"type": "Point", "coordinates": [-86.7489, 35.7449]}, "properties": {"Title": "Protect The Freedom To Read", "SourceURL": "https://www.gbtribune.com/news/life/protect-the-freedom-to-read/", "EventCode": 1, "Tone": null}}, {"type": "Feature", "geometry": {"type": "Point", "coordinates": [135.0, -25.0]}, "properties": {"Title": "Jake Callum Robinson Australian Surfers Carter Rhoad Mexico Murder Trial Ntwnfb", "SourceURL": "https://www.theguardian.com/australia-news/2026/oct/09/jake-callum-robinson-australian-surfers-carter-rhoad-mexico-murder-trial-ntwnfb", "EventCode": 1, "Tone": null}}, {"type": "Feature", "geometry": {"type": "Point", "coordinates": [-98.5795, 39.828175]}, "properties": {"Title": "Jake Callum Robinson Australian Surfers Carter Rhoad Mexico Murder Trial Ntwnfb", "SourceURL": "https://www.theguardian.com/australia-news/2026/oct/09/jake-callum-robinson-australian-surfers-carter-rhoad-mexico-murder-trial-ntwnfb", "EventCode": 1, "Tone": null}}, {"type": "Feature", "geometry": {"type": "Point", "coordinates": [-86.7489, 35.7449]}, "properties": {"Title": "Protect The Freedom To Read", "SourceURL": "https://www.gbtribune.com/news/life/protect-the-freedom-to-read/", "EventCode": 1, "Tone": null}}, {"type": "Feature", "geometry": {"type": "Point", "coordinates": [151.954, -27.5606]}, "properties": {"Title": "107242310", "SourceURL": "https://www.abc.net.au/news/2026-10-09/coffee-brands-drop-premium-arabica-beans-in-price-squeeze/107242310", "EventCode": 1, "Tone": null}}, {"type": "Feature", "geometry": {"type": "Point", "coordinates": [148.605, -32.243]}, "properties": {"Title": "107221046", "SourceURL": "https://www.abc.net.au/news/2026-10-09/nsw-towns-hit-by-backpacker-shortage-seek-dama-listing/107221046", "EventCode": 2, "Tone": null}}, {"type": "Feature", "geometry": {"type": "Point", "coordinates": [146.0, -33.0]}, "properties": {"Title": "107237652", "SourceURL": "https://www.abc.net.au/news/2026-10-09/woman-represents-herself-wins-damages-child-sex-abuse/107237652", "EventCode": 4, "Tone": null}}, {"type": "Feature", "geometry": {"type": "Point", "coordinates": [138.6, -34.9333]}, "properties": {"Title": "Www.Indusage.Com.Au", "SourceURL": "https://www.indusage.com.au/?p=99607", "EventCode": 1, "Tone": null}}, {"type": "Feature", "geometry": {"type": "Point", "coordinates": [138.6, -34.9333]}, "properties": {"Title": "Www.Indusage.Com.Au", "SourceURL": "https://www.indusage.com.au/?p=99607", "EventCode": 1, "Tone": null}}, {"type": "Feature", "geometry": {"type": "Point", "coordinates": [16.3667, 48.2]}, "properties": {"Title": "Vienna Council Consider Actions After Shooting That Killed 2 Injured 35", "SourceURL": "https://www.walb.com/2026/10/08/vienna-council-consider-actions-after-shooting-that-killed-2-injured-35/", "EventCode": 4, "Tone": null}}, {"type": "Feature", "geometry": {"type": "Point", "coordinates": [6.0, 6.5]}, "properties": {"Title": "Amaechi Only Mad People And Thieves Will Vote For Tinubu", "SourceURL": "https://thesun.ng/amaechi-only-mad-people-and-thieves-will-vote-for-tinubu/", "EventCode": 1, "Tone": null}}, {"type": "Feature", "geometry": {"type": "Point", "coordinates": [-4.0, 40.0]}, "properties": {"Title": "Joe Manganiello Accuses Sophia Vergara Refusing Hug Him Illness", "SourceURL": "https://radaronline.com/p/joe-manganiello-accuses-sophia-vergara-refusing-hug-him-illness/", "EventCode": 3, "Tone": null}}, {"type": "Feature", "geometry": {"type": "Point", "coordinates": [-4.0, 40.0]}, "properties": {"Title": "Joe Manganiello Accuses Sophia Vergara Refusing Hug Him Illness", "SourceURL": "https://radaronline.com/p/joe-manganiello-accuses-sophia-vergara-refusing-hug-him-illness/", "EventCode": 4, "Tone": null}}, {"type": "Feature", "geometry": {"type": "Point", "coordinates": [-4.0, 40.0]}, "properties": {"Title": "Joe Manganiello Accuses Sophia Vergara Refusing Hug Him Illness", "SourceURL": "https://radaronline.com/p/joe-manganiello-accuses-sophia-vergara-refusing-hug-him-illness/", "EventCode": 4, "Tone": null}}, {"type": "Feature", "geometry": {"type": "Point", "coordinates": [-55.0, -10.0]}, "properties": {"Title": "Brazilian Judge Issues Arrest Warrant For Eduardo Bolsonaro Brother Of A Presidential Candidate", "SourceURL": "https://www.wsls.com/business/2026/10/08/brazilian-judge-issues-arrest-warrant-for-eduardo-bolsonaro-brother-of-a-presidential-candidate/", "EventCode": 3, "Tone": null}}, {"type": "Feature", "geometry": {"type": "Point", "coordinates": [-55.0, -10.0]}, "properties": {"Title": "Brazilian Judge Issues Arrest Warrant For Eduardo Bolsonaro Brother Of A Presidential Candidate", "SourceURL": "https://www.wsls.com/business/2026/10/08/brazilian-judge-issues-arrest-warrant-for-eduardo-bolsonaro-brother-of-a-presidential-candidate/", "EventCode": 3, "Tone": null}}, {"type": "Feature", "geometry": {"type": "Point", "coordinates": [-55.0, -10.0]}, "properties": {"Title": "Brazilian Judge Issues Arrest Warrant For Eduardo Bolsonaro Brother Of A Presidential Candidate", "SourceURL": "https://www.wsls.com/business/2026/10/08/brazilian-judge-issues-arrest-warrant-for-eduardo-bolsonaro-brother-of-a-presidential-candidate/", "EventCode": 3, "Tone": null}}, {"type": "Feature", "geometry": {"type": "Point", "coordinates": [-97.6475, 31.106]}, "properties": {"Title": "Brazilian Judge Issues Arrest Warrant For Eduardo Bolsonaro Brother Of A Presidential Candidate", "SourceURL": "https://www.wsls.com/business/2026/10/08/brazilian-judge-issues-arrest-warrant-for-eduardo-bolsonaro-brother-of-a-presidential-candidate/", "EventCode": 3, "Tone": null}}, {"type": "Feature", "geometry": {"type": "Point", "coordinates": [-97.6475, 31.106]}, "properties": {"Title": "Brazilian Judge Issues Arrest Warrant For Eduardo Bolsonaro Brother Of A Presidential Candidate", "SourceURL": "https://www.wsls.com/business/2026/10/08/brazilian-judge-issues-arrest-warrant-for-eduardo-bolsonaro-brother-of-a-presidential-candidate/", "EventCode": 3, "Tone": null}}, {"type": "Feature", "geometry": {"type": "Point", "coordinates": [-55.0, -10.0]}, "properties": {"Title": "Brazilian Judge Issues Arrest Warrant For Eduardo Bolsonaro Brother Of A Presidential Candidate", "SourceURL": "https://www.wsls.com/business/2026/10/08/brazilian-judge-issues-arrest-warrant-for-eduardo-bolsonaro-brother-of-a-presidential-candidate/", "EventCode": 3, "Tone": null}}, {"type": "Feature", "geometry": {"type": "Point", "coordinates": [-55.0, -10.0]}, "properties": {"Title": "Brazilian Judge Issues Arrest Warrant For Eduardo Bolsonaro Brother Of A Presidential Candidate", "SourceURL": "https://www.wsls.com/business/2026/10/08/brazilian-judge-issues-arrest-warrant-for-eduardo-bolsonaro-brother-of-a-presidential-candidate/", "EventCode": 3, "Tone": null}}, {"type": "Feature", "geometry": {"type": "Point", "coordinates": [103.758, 1.4655]}, "properties": {"Title": "Mydigitalin Coursera Ai Skills Development Tie Up", "SourceURL": "https://www.thestar.com.my/business/business-news/2026/10/09/mydigitalin-coursera-ai-skills-development-tie-up", "EventCode": 1, "Tone": null}}, {"type": "Feature", "geometry": {"type": "Point", "coordinates": [4.91667, 52.35]}, "properties": {"Title": "Furious River Cruise Passenger Says Itinerary 15 500 Trip Changed Minute Desirable Locations Refused Refund", "SourceURL": "https://www.dailymail.com/news/article-16194117/Furious-river-cruise-passenger-says-itinerary-15-500-trip-changed-minute-desirable-locations-refused-refund.html", "EventCode": 1, "Tone": null}}, {"type": "Feature", "geometry": {"type": "Point", "coordinates": [153.114, -30.2963]}, "properties": {"Title": "107221046", "SourceURL": "https://www.abc.net.au/news/2026-10-09/nsw-towns-hit-by-backpacker-shortage-seek-dama-listing/107221046", "EventCode": 1, "Tone": null}}, {"type": "Feature", "geometry": {"type": "Point", "coordinates": [3.39583, 6.45306]}, "properties": {"Title": "Flutterwave Ceo Joins Openai Nvidia Microsoft And Amd Led Advisory Board In Silicon Valley", "SourceURL": "https://dailypost.ng/2026/10/08/flutterwave-ceo-joins-openai-nvidia-microsoft-and-amd-led-advisory-board-in-silicon-valley/", "EventCode": 1, "Tone": null}}, {"type": "Feature", "geometry": {"type": "Point", "coordinates": [23.7333, 37.9833]}, "properties": {"Title": "Marinakis A Vote Of Confidence In Greece", "SourceURL": "https://www.in.gr/2026/10/08/english-edition/marinakis-a-vote-of-confidence-in-greece/", "EventCode": 1, "Tone": null}}, {"type": "Feature", "geometry": {"type": "Point", "coordinates": [-76.2852, 36.8468]}, "properties": {"Title": "Some Negotiations Between Sentara And Anthem End In Failure Norfolk System Says", "SourceURL": "https://www.pilotonline.com/2026/10/08/some-negotiations-between-sentara-and-anthem-end-in-failure-norfolk-system-says/", "EventCode": 1, "Tone": null}}, {"type": "Feature", "geometry": {"type": "Point", "coordinates": [-71.0598, 42.3584]}, "properties": {"Title": "Sweater Weather Fest October 17 City Hall Plaza", "SourceURL": "https://www.boston.com/things-to-do/events/sweater-weather-fest-october-17-city-hall-plaza/", "EventCode": 1, "Tone": null}}, {"type": "Feature", "geometry": {"type": "Point", "coordinates": [-78.2057, 37.768]}, "properties": {"Title": "Some Negotiations Between Sentara And Anthem End In Failure Norfolk System Says", "SourceURL": "https://www.pilotonline.com/2026/10/08/some-negotiations-between-sentara-and-anthem-end-in-failure-norfolk-system-says/", "EventCode": 1, "Tone": null}}, {"type": "Feature", "geometry": {"type": "Point", "coordinates": [-6.24889, 53.3331]}, "properties": {"Title": "1594196 Portrait Of A Demon Hunter Filmmaker Zoe Kavanagh Raises Hell", "SourceURL": "https://www.rte.ie/culture/2026/1008/1594196-portrait-of-a-demon-hunter-filmmaker-zoe-kavanagh-raises-hell/", "EventCode": 1, "Tone": null}}, {"type": "Feature", "geometry": {"type": "Point", "coordinates": [-76.0105, 36.8435]}, "properties": {"Title": "Business Notes Virginia Beach Police", "SourceURL": "https://www.pilotonline.com/2026/10/08/business-notes-virginia-beach-police/", "EventCode": 1, "Tone": null}}, {"type": "Feature", "geometry": {"type": "Point", "coordinates": [-96.0, 60.0]}, "properties": {"Title": "Eu Exported 48 Bn Goods To Canada In 2025", "SourceURL": "https://www.eubusiness.com/trade/eu-exported-48-bn-goods-to-canada-in-2025/", "EventCode": 2, "Tone": null}}, {"type": "Feature", "geometry": {"type": "Point", "coordinates": [-105.327, 39.0646]}, "properties": {"Title": "Article 47096799 E4A1 4239 9E1E A285125Da9E9", "SourceURL": "https://www.decaturdaily.com/sponsored_content/what-damages-can-you-recover-after-an-accident-injury/article_47096799-e4a1-4239-9e1e-a285125da9e9.html", "EventCode": 2, "Tone": null}}, {"type": "Feature", "geometry": {"type": "Point", "coordinates": [-95.3633, 29.7633]}, "properties": {"Title": "Archrock Nysearoc Stock Price Target Lowered At Jpmorgan Chase Co", "SourceURL": "https://www.dailypolitical.com/2026/10/08/archrock-nysearoc-stock-price-target-lowered-at-jpmorgan-chase-co.html", "EventCode": 2, "Tone": null}}, {"type": "Feature", "geometry": {"type": "Point", "coordinates": [-119.746, 36.17]}, "properties": {"Title": "California Challenges New Public Charge Rule", "SourceURL": "https://indiacurrents.com/california-challenges-new-public-charge-rule/", "EventCode": 2, "Tone": null}}, {"type": "Feature", "geometry": {"type": "Point", "coordinates": [12.5833, 55.6667]}, "properties": {"Title": "Kombucha Booming But Still Kombucha 12530576", "SourceURL": "https://www.newsweek.com/kombucha-booming-but-still-kombucha-12530576", "EventCode": 3, "Tone": null}}, {"type": "Feature", "geometry": {"type": "Point", "coordinates": [-8.0, 39.5]}, "properties": {"Title": "Kombucha Booming But Still Kombucha 12530576", "SourceURL": "https://www.newsweek.com/kombucha-booming-but-still-kombucha-12530576", "EventCode": 3, "Tone": null}}, {"type": "Feature", "geometry": {"type": "Point", "coordinates": [-89.3704, 42.8536]}, "properties": {"Title": "Mamdani Picks Viral Olive Oil Bottle Designers For 1M City Owned Grocery Store Branding Deal", "SourceURL": "https://nypost.com/2026/10/08/us-news/mamdani-picks-viral-olive-oil-bottle-designers-for-1m-city-owned-grocery-store-branding-deal/", "EventCode": 3, "Tone": null}}, {"type": "Feature", "geometry": {"type": "Point", "coordinates": [135.0, -25.0]}, "properties": {"Title": "5E6C720625Eca34D4027Ae28688C39F9", "SourceURL": "https://www.townsvillebulletin.com.au/motoring/on-the-road/toyota-boss-big-bet-against-china/news-story/5e6c720625eca34d4027ae28688c39f9?nk=69c9c4c73d68cbdabcf4fede5997d09a-1791495138", "EventCode": 3, "Tone": null}}, {"type": "Feature", "geometry": {"type": "Point", "coordinates": [-75.7, 45.4167]}, "properties": {"Title": "Cohere To Open Third Canadian Office In Ottawa", "SourceURL": "https://betakit.com/cohere-to-open-third-canadian-office-in-ottawa/", "EventCode": 1, "Tone": null}}, {"type": "Feature", "geometry": {"type": "Point", "coordinates": [-123.917, 49.15]}, "properties": {"Title": "Atlas Engineered Products Ltd Completes Installation Of Robotic Roof Truss Mfg Line 322014", "SourceURL": "https://www.canadianmanufacturing.com/manufacturing/atlas-engineered-products-ltd-completes-installation-of-robotic-roof-truss-mfg-line-322014/", "EventCode": 1, "Tone": null}}, {"type": "Feature", "geometry": {"type": "Point", "coordinates": [148.605, -32.243]}, "properties": {"Title": "107221046", "SourceURL": "https://www.abc.net.au/news/2026-10-09/nsw-towns-hit-by-backpacker-shortage-seek-dama-listing/107221046", "EventCode": 4, "Tone": null}}, {"type": "Feature", "geometry": {"type": "Point", "coordinates": [3.39583, 6.45306]}, "properties": {"Title": "Flutterwave Ceo Joins Openai Nvidia Microsoft And Amd Led Advisory Board In Silicon Valley", "SourceURL": "https://dailypost.ng/2026/10/08/flutterwave-ceo-joins-openai-nvidia-microsoft-and-amd-led-advisory-board-in-silicon-valley/", "EventCode": 1, "Tone": null}}, {"type": "Feature", "geometry": {"type": "Point", "coordinates": [-102.0, 23.0]}, "properties": {"Title": "Biometrics Industry Urges Congress To Expand Border Screening Set Limits On Traveler Profiling", "SourceURL": "https://www.biometricupdate.com/202610/biometrics-industry-urges-congress-to-expand-border-screening-set-limits-on-traveler-profiling", "EventCode": 1, "Tone": null}}, {"type": "Feature", "geometry": {"type": "Point", "coordinates": [84.0, 28.0]}, "properties": {"Title": "Amcham Nepal And Us Embassy Convene Business Roundtable Uspto Intellectual Property And Business Confidence", "SourceURL": "https://www.spotlightnepal.com/2026/10/08/amcham-nepal-and-us-embassy-convene-business-roundtable-uspto-intellectual-property-and-business-confidence/", "EventCode": 1, "Tone": null}}, {"type": "Feature", "geometry": {"type": "Point", "coordinates": [103.758, 1.4655]}, "properties": {"Title": "Mydigitalin Coursera Ai Skills Development Tie Up", "SourceURL": "https://www.thestar.com.my/business/business-news/2026/10/09/mydigitalin-coursera-ai-skills-development-tie-up", "EventCode": 3, "Tone": null}}, {"type": "Feature", "geometry": {"type": "Point", "coordinates": [4.91667, 52.35]}, "properties": {"Title": "Furious River Cruise Passenger Says Itinerary 15 500 Trip Changed Minute Desirable Locations Refused Refund", "SourceURL": "https://www.dailymail.com/news/article-16194117/Furious-river-cruise-passenger-says-itinerary-15-500-trip-changed-minute-desirable-locations-refused-refund.html", "EventCode": 1, "Tone": null}}, {"type": "Feature", "geometry": {"type": "Point", "coordinates": [-75.971, 43.0484]}, "properties": {"Title": "Ai Human Connection Forest Walks 12443076", "SourceURL": "https://www.newsweek.com/ai-human-connection-forest-walks-12443076", "EventCode": 1, "Tone": null}}, {"type": "Feature", "geometry": {"type": "Point", "coordinates": [-84.5603, 43.3504]}, "properties": {"Title": "25000 Grant Brings Salad Bars To Five Northern Michigan Schools Manistee Oscoda", "SourceURL": "https://upnorthlive.com/news/local/25000-grant-brings-salad-bars-to-five-northern-michigan-schools-manistee-oscoda", "EventCode": 1, "Tone": null}}, {"type": "Feature", "geometry": {"type": "Point", "coordinates": [-84.5603, 43.3504]}, "properties": {"Title": "25000 Grant Brings Salad Bars To Five Northern Michigan Schools Manistee Oscoda", "SourceURL": "https://upnorthlive.com/news/local/25000-grant-brings-salad-bars-to-five-northern-michigan-schools-manistee-oscoda", "EventCode": 1, "Tone": null}}, {"type": "Feature", "geometry": {"type": "Point", "coordinates": [-76.0105, 36.8435]}, "properties": {"Title": "Business Notes Virginia Beach Police", "SourceURL": "https://www.pilotonline.com/2026/10/08/business-notes-virginia-beach-police/", "EventCode": 1, "Tone": null}}, {"type": "Feature", "geometry": {"type": "Point", "coordinates": [-76.0105, 36.8435]}, "properties": {"Title": "Business Notes Virginia Beach Police", "SourceURL": "https://www.pilotonline.com/2026/10/08/business-notes-virginia-beach-police/", "EventCode": 1, "Tone": null}}, {"type": "Feature", "geometry": {"type": "Point", "coordinates": [84.0, 28.0]}, "properties": {"Title": "Dashain Tika 2026 Auspicious Time Dashain Tika 1026 M Kartik 4 Nepal", "SourceURL": "https://www.spotlightnepal.com/2026/10/08/dashain-tika-2026-auspicious-time-dashain-tika-1026-m-kartik-4-nepal/", "EventCode": 1, "Tone": null}}, {"type": "Feature", "geometry": {"type": "Point", "coordinates": [84.0, 28.0]}, "properties": {"Title": "Dashain Tika 2026 Auspicious Time Dashain Tika 1026 M Kartik 4 Nepal", "SourceURL": "https://www.spotlightnepal.com/2026/10/08/dashain-tika-2026-auspicious-time-dashain-tika-1026-m-kartik-4-nepal/", "EventCode": 1, "Tone": null}}, {"type": "Feature", "geometry": {"type": "Point", "coordinates": [151.954, -27.5606]}, "properties": {"Title": "107242310", "SourceURL": "https://www.abc.net.au/news/2026-10-09/coffee-brands-drop-premium-arabica-beans-in-price-squeeze/107242310", "EventCode": 1, "Tone": null}}, {"type": "Feature", "geometry": {"type": "Point", "coordinates": [-73.5833, 45.5]}, "properties": {"Title": "Mahad Farrah Guilty Double Homicide Montreal", "SourceURL": "https://montrealgazette.com/news/local-crime/mahad-farrah-guilty-double-homicide-montreal/", "EventCode": 1, "Tone": null}}, {"type": "Feature", "geometry": {"type": "Point", "coordinates": [-82.65, 46.3833]}, "properties": {"Title": "Two Way Race For Mayor In Elliot Lake", "SourceURL": "https://www.elliotlakestandard.ca/news/two-way-race-for-mayor-in-elliot-lake/", "EventCode": 1, "Tone": null}}, {"type": "Feature", "geometry": {"type": "Point", "coordinates": [-82.65, 46.3833]}, "properties": {"Title": "Helen Lefebvre Seeks Reelection To Council", "SourceURL": "https://www.elliotlakestandard.ca/news/helen-lefebvre-seeks-reelection-to-council/", "EventCode": 1, "Tone": null}}, {"type": "Feature", "geometry": {"type": "Point", "coordinates": [-75.65, 45.4833]}, "properties": {"Title": "143 People Allege Sexual Assaults At Quebec Spa As Judge Approves Class Action", "SourceURL": "https://montrealgazette.com/news/provincial-news/143-people-allege-sexual-assaults-at-quebec-spa-as-judge-approves-class-action/", "EventCode": 4, "Tone": null}}, {"type": "Feature", "geometry": {"type": "Point", "coordinates": [-73.5833, 45.5]}, "properties": {"Title": "Mahad Farrah Guilty Double Homicide Montreal", "SourceURL": "https://montrealgazette.com/news/local-crime/mahad-farrah-guilty-double-homicide-montreal/", "EventCode": 4, "Tone": null}}, {"type": "Feature", "geometry": {"type": "Point", "coordinates": [-75.65, 45.4833]}, "properties": {"Title": "143 People Allege Sexual Assaults At Quebec Spa As Judge Approves Class Action", "SourceURL": "https://montrealgazette.com/news/provincial-news/143-people-allege-sexual-assaults-at-quebec-spa-as-judge-approves-class-action/", "EventCode": 4, "Tone": null}}, {"type": "Feature", "geometry": {"type": "Point", "coordinates": [-75.7, 45.4167]}, "properties": {"Title": "Parole Board Extends Release For Rapist Behind 1980 Killing Of Calgary Girl", "SourceURL": "https://www.winnipegfreepress.com/uncategorized/2026/10/08/parole-board-extends-release-for-rapist-behind-1980-killing-of-calgary-girl", "EventCode": 4, "Tone": null}}, {"type": "Feature", "geometry": {"type": "Point", "coordinates": [-73.5833, 45.5]}, "properties": {"Title": "Mahad Farrah Guilty Double Homicide Montreal", "SourceURL": "https://montrealgazette.com/news/local-crime/mahad-farrah-guilty-double-homicide-montreal/", "EventCode": 4, "Tone": null}}, {"type": "Feature", "geometry": {"type": "Point", "coordinates": [-96.0, 60.0]}, "properties": {"Title": "Eu Exported 48 Bn Goods To Canada In 2025", "SourceURL": "https://www.eubusiness.com/trade/eu-exported-48-bn-goods-to-canada-in-2025/", "EventCode": 2, "Tone": null}}, {"type": "Feature", "geometry": {"type": "Point", "coordinates": [-96.0, 60.0]}, "properties": {"Title": "Galaxia And Maritime Launch Services Inc Announce Partnership To Develop Autonomous Flight Safety System 322005", "SourceURL": "https://www.canadianmanufacturing.com/manufacturing/galaxia-and-maritime-launch-services-inc-announce-partnership-to-develop-autonomous-flight-safety-system-322005/", "EventCode": 2, "Tone": null}}, {"type": "Feature", "geometry": {"type": "Point", "coordinates": [-96.0, 60.0]}, "properties": {"Title": "Galaxia And Maritime Launch Services Inc Announce Partnership To Develop Autonomous Flight Safety System 322005", "SourceURL": "https://www.canadianmanufacturing.com/manufacturing/galaxia-and-maritime-launch-services-inc-announce-partnership-to-develop-autonomous-flight-safety-system-322005/", "EventCode": 1, "Tone": null}}, {"type": "Feature", "geometry": {"type": "Point", "coordinates": [-75.7, 45.4167]}, "properties": {"Title": "Former Elliot Lake City Councillor Hopes For Return", "SourceURL": "https://www.elliotlakestandard.ca/news/former-elliot-lake-city-councillor-hopes-for-return/", "EventCode": 1, "Tone": null}}, {"type": "Feature", "geometry": {"type": "Point", "coordinates": [-73.5833, 45.5]}, "properties": {"Title": "Former Emsb Teacher Faces 42 Months Of Prison Time", "SourceURL": "https://montrealgazette.com/news/local-crime/former-emsb-teacher-faces-42-months-of-prison-time/", "EventCode": 4, "Tone": null}}, {"type": "Feature", "geometry": {"type": "Point", "coordinates": [-123.133, 49.25]}, "properties": {"Title": "Canadas Ai Adoption Is Accelerating But Accountability Is Struggling To Keep Pace", "SourceURL": "https://www.digitaljournal.com/article/canadas-ai-adoption-is-accelerating-but-accountability-is-struggling-to-keep-pace/", "EventCode": 3, "Tone": null}}, {"type": "Feature", "geometry": {"type": "Point", "coordinates": [-79.4167, 43.6667]}, "properties": {"Title": "Anne Carson Crash Course Nobel Prize 9.7373975", "SourceURL": "https://www.cbc.ca/books/anne-carson-crash-course-nobel-prize-9.7373975", "EventCode": 1, "Tone": null}}, {"type": "Feature", "geometry": {"type": "Point", "coordinates": [-79.4167, 43.6667]}, "properties": {"Title": "Anne Carson Crash Course Nobel Prize 9.7373975", "SourceURL": "https://www.cbc.ca/books/anne-carson-crash-course-nobel-prize-9.7373975", "EventCode": 1, "Tone": null}}, {"type": "Feature", "geometry": {"type": "Point", "coordinates": [-118.244, 34.0522]}, "properties": {"Title": "Anne Carson Crash Course Nobel Prize 9.7373975", "SourceURL": "https://www.cbc.ca/books/anne-carson-crash-course-nobel-prize-9.7373975", "EventCode": 1, "Tone": null}}, {"type": "Feature", "geometry": {"type": "Point", "coordinates": [-81.717, 27.8333]}, "properties": {"Title": "134800463.Cms", "SourceURL": "https://timesofindia.indiatimes.com/world/rest-of-world/ontario-man-with-stage-4-cancer-won-court-battle-after-ohip-denied-us-treatment-then-province-changed-the-rules-doctors-sought-funding-for-us600000-til-therapy-in-florida/articleshow/134800463.cms", "EventCode": 2, "Tone": null}}, {"type": "Feature", "geometry": {"type": "Point", "coordinates": [-96.0, 60.0]}, "properties": {"Title": "134800463.Cms", "SourceURL": "https://timesofindia.indiatimes.com/world/rest-of-world/ontario-man-with-stage-4-cancer-won-court-battle-after-ohip-denied-us-treatment-then-province-changed-the-rules-doctors-sought-funding-for-us600000-til-therapy-in-florida/articleshow/134800463.cms", "EventCode": 3, "Tone": null}}, {"type": "Feature", "geometry": {"type": "Point", "coordinates": [-96.0, 60.0]}, "properties": {"Title": "New Prescription Medicine Customs Requirements", "SourceURL": "https://www.wsls.com/news/local/2026/10/08/new-prescription-medicine-customs-requirements/", "EventCode": 3, "Tone": null}}, {"type": "Feature", "geometry": {"type": "Point", "coordinates": [-98.5795, 39.828175]}, "properties": {"Title": "New Prescription Medicine Customs Requirements", "SourceURL": "https://www.wsls.com/news/local/2026/10/08/new-prescription-medicine-customs-requirements/", "EventCode": 3, "Tone": null}}, {"type": "Feature", "geometry": {"type": "Point", "coordinates": [-98.5795, 39.828175]}, "properties": {"Title": "New Prescription Medicine Customs Requirements", "SourceURL": "https://www.wsls.com/news/local/2026/10/08/new-prescription-medicine-customs-requirements/", "EventCode": 3, "Tone": null}}, {"type": "Feature", "geometry": {"type": "Point", "coordinates": [-79.4167, 43.6667]}, "properties": {"Title": "Pioneering Safety Researcher Paul Christiano Unpacks Ais Dangerous Moment", "SourceURL": "https://betakit.com/pioneering-safety-researcher-paul-christiano-unpacks-ais-dangerous-moment/", "EventCode": 1, "Tone": null}}, {"type": "Feature", "geometry": {"type": "Point", "coordinates": [-73.5833, 45.5]}, "properties": {"Title": "Communauto Crash St Henri Depanneur Police Chase", "SourceURL": "https://montrealgazette.com/news/local-crime/communauto-crash-st-henri-depanneur-police-chase/", "EventCode": 4, "Tone": null}}, {"type": "Feature", "geometry": {"type": "Point", "coordinates": [-75.7, 45.4167]}, "properties": {"Title": "Former Elliot Lake City Councillor Hopes For Return", "SourceURL": "https://www.elliotlakestandard.ca/news/former-elliot-lake-city-councillor-hopes-for-return/", "EventCode": 1, "Tone": null}}, {"type": "Feature", "geometry": {"type": "Point", "coordinates": [-75.7, 45.4167]}, "properties": {"Title": "Former Elliot Lake City Councillor Hopes For Return", "SourceURL": "https://www.elliotlakestandard.ca/news/former-elliot-lake-city-councillor-hopes-for-return/", "EventCode": 1, "Tone": null}}, {"type": "Feature", "geometry": {"type": "Point", "coordinates": [-73.5833, 45.5]}, "properties": {"Title": "Former Emsb Teacher Faces 42 Months Of Prison Time", "SourceURL": "https://montrealgazette.com/news/local-crime/former-emsb-teacher-faces-42-months-of-prison-time/", "EventCode": 4, "Tone": null}}, {"type": "Feature", "geometry": {"type": "Point", "coordinates": [-73.5833, 45.5]}, "properties": {"Title": "Montreal Warming Centres Unhoused People Winter", "SourceURL": "https://montrealgazette.com/news/local-politics/montreal-warming-centres-unhoused-people-winter/", "EventCode": 2, "Tone": null}}, {"type": "Feature", "geometry": {"type": "Point", "coordinates": [120.169, 32.1639]}, "properties": {"Title": "5E6C720625Eca34D4027Ae28688C39F9", "SourceURL": "https://www.townsvillebulletin.com.au/motoring/on-the-road/toyota-boss-big-bet-against-china/news-story/5e6c720625eca34d4027ae28688c39f9?nk=69c9c4c73d68cbdabcf4fede5997d09a-1791495138", "EventCode": 3, "Tone": null}}, {"type": "Feature", "geometry": {"type": "Point", "coordinates": [120.169, 32.1639]}, "properties": {"Title": "5E6C720625Eca34D4027Ae28688C39F9", "SourceURL": "https://www.townsvillebulletin.com.au/motoring/on-the-road/toyota-boss-big-bet-against-china/news-story/5e6c720625eca34d4027ae28688c39f9?nk=69c9c4c73d68cbdabcf4fede5997d09a-1791495138", "EventCode": 3, "Tone": null}}, {"type": "Feature", "geometry": {"type": "Point", "coordinates": [-122.419, 37.7749]}, "properties": {"Title": "Hoon Lee East Of Eden Interview", "SourceURL": "https://www.esquire.com/entertainment/tv/a74070315/hoon-lee-east-of-eden-interview/", "EventCode": 1, "Tone": null}}, {"type": "Feature", "geometry": {"type": "Point", "coordinates": [-83.6487, 32.9866]}, "properties": {"Title": "74083896", "SourceURL": "https://www.wapt.com/article/jackson-mississippi-absentee-voting-awareness-march/74083896", "EventCode": 1, "Tone": null}}, {"type": "Feature", "geometry": {"type": "Point", "coordinates": [-90.0498, 33.0987]}, "properties": {"Title": "74083896", "SourceURL": "https://www.wapt.com/article/jackson-mississippi-absentee-voting-awareness-march/74083896", "EventCode": 1, "Tone": null}}, {"type": "Feature", "geometry": {"type": "Point", "coordinates": [120.169, 32.1639]}, "properties": {"Title": "5E6C720625Eca34D4027Ae28688C39F9", "SourceURL": "https://www.townsvillebulletin.com.au/motoring/on-the-road/toyota-boss-big-bet-against-china/news-story/5e6c720625eca34d4027ae28688c39f9?nk=69c9c4c73d68cbdabcf4fede5997d09a-1791495138", "EventCode": 3, "Tone": null}}, {"type": "Feature", "geometry": {"type": "Point", "coordinates": [-79.4167, 43.6667]}, "properties": {"Title": "Pioneering Safety Researcher Paul Christiano Unpacks Ais Dangerous Moment", "SourceURL": "https://betakit.com/pioneering-safety-researcher-paul-christiano-unpacks-ais-dangerous-moment/", "EventCode": 1, "Tone": null}}, {"type": "Feature", "geometry": {"type": "Point", "coordinates": [-111.854, 40.1135]}, "properties": {"Title": "Erika Kirk Warns Assassins Always Find A Way Charlie Death", "SourceURL": "https://radaronline.com/p/erika-kirk-warns-assassins-always-find-a-way-charlie-death/", "EventCode": 1, "Tone": null}}, {"type": "Feature", "geometry": {"type": "Point", "coordinates": [105.0, 35.0]}, "properties": {"Title": "Article 5406A3Db B334 51A4 97Fc D0E1A7Ccb8F5", "SourceURL": "http://www.thedailytimes.com/ap/international/pope-leo-xiv-opens-status-check-on-pope-francis-contentious-opening-to-civilly-remarried-catholics/article_5406a3db-b334-51a4-97fc-d0e1a7ccb8f5.html", "EventCode": 1, "Tone": null}}, {"type": "Feature", "geometry": {"type": "Point", "coordinates": [-77.0364, 38.8951]}, "properties": {"Title": "Article 5406A3Db B334 51A4 97Fc D0E1A7Ccb8F5", "SourceURL": "http://www.thedailytimes.com/ap/international/pope-leo-xiv-opens-status-check-on-pope-francis-contentious-opening-to-civilly-remarried-catholics/article_5406a3db-b334-51a4-97fc-d0e1a7ccb8f5.html", "EventCode": 1, "Tone": null}}, {"type": "Feature", "geometry": {"type": "Point", "coordinates": [-75.7, 45.4167]}, "properties": {"Title": "Rcmp Union Financial Crime Agency Concerns Liberals 9.7374458", "SourceURL": "https://www.cbc.ca/news/politics/rcmp-union-financial-crime-agency-concerns-liberals-9.7374458", "EventCode": 1, "Tone": null}}, {"type": "Feature", "geometry": {"type": "Point", "coordinates": [-75.4999, 40.3754]}, "properties": {"Title": "Darby Man Draws Prison For Sex Assaults Of 2 Montgomery County Girls", "SourceURL": "https://www.thereporteronline.com/2026/10/08/darby-man-draws-prison-for-sex-assaults-of-2-montgomery-county-girls/", "EventCode": 1, "Tone": null}}, {"type": "Feature", "geometry": {"type": "Point", "coordinates": [-75.4999, 40.3754]}, "properties": {"Title": "Darby Man Draws Prison For Sex Assaults Of 2 Montgomery County Girls", "SourceURL": "https://www.thereporteronline.com/2026/10/08/darby-man-draws-prison-for-sex-assaults-of-2-montgomery-county-girls/", "EventCode": 1, "Tone": null}}, {"type": "Feature", "geometry": {"type": "Point", "coordinates": [-78.2057, 37.768]}, "properties": {"Title": "Husband Murder Journal Saying Realtor Wife Killed Tuesday Shot Dead", "SourceURL": "https://www.dailymail.com/news/article-16194169/Husband-murder-journal-saying-realtor-wife-killed-Tuesday-shot-dead.html", "EventCode": 1, "Tone": null}}, {"type": "Feature", "geometry": {"type": "Point", "coordinates": [30.2642, 59.8944]}, "properties": {"Title": "Honda Thefts Oct 8 2026", "SourceURL": "https://www.wtvr.com/news/local-news/richmond/honda-thefts-oct-8-2026", "EventCode": 1, "Tone": null}}, {"type": "Feature", "geometry": {"type": "Point", "coordinates": [-75.7, 45.4167]}, "properties": {"Title": "Rcmp Union Financial Crime Agency Concerns Liberals 9.7374458", "SourceURL": "https://www.cbc.ca/news/politics/rcmp-union-financial-crime-agency-concerns-liberals-9.7374458", "EventCode": 1, "Tone": null}}, {"type": "Feature", "geometry": {"type": "Point", "coordinates": [-77.4603, 37.5538]}, "properties": {"Title": "Honda Thefts Oct 8 2026", "SourceURL": "https://www.wtvr.com/news/local-news/richmond/honda-thefts-oct-8-2026", "EventCode": 1, "Tone": null}}, {"type": "Feature", "geometry": {"type": "Point", "coordinates": [-82.4, 42.9667]}, "properties": {"Title": "Qa With Sarnias Mayoral Candidates", "SourceURL": "https://www.theobserver.ca/news/qa-with-sarnias-mayoral-candidates/", "EventCode": 2, "Tone": null}}, {"type": "Feature", "geometry": {"type": "Point", "coordinates": [-75.7, 45.4167]}, "properties": {"Title": "Rcmp Union Financial Crime Agency Concerns Liberals 9.7374458", "SourceURL": "https://www.cbc.ca/news/politics/rcmp-union-financial-crime-agency-concerns-liberals-9.7374458", "EventCode": 2, "Tone": null}}, {"type": "Feature", "geometry": {"type": "Point", "coordinates": [-75.65, 45.4833]}, "properties": {"Title": "143 People Allege Sexual Assaults At Quebec Spa As Judge Approves Class Action", "SourceURL": "https://montrealgazette.com/news/provincial-news/143-people-allege-sexual-assaults-at-quebec-spa-as-judge-approves-class-action/", "EventCode": 4, "Tone": null}}, {"type": "Feature", "geometry": {"type": "Point", "coordinates": [-84.1722, 39.9584]}, "properties": {"Title": "American Idol Alum Caleb Flynn Gives Dead Eyed Glare In New Prison Mug After Murder Conviction", "SourceURL": "https://nypost.com/2026/10/08/us-news/american-idol-alum-caleb-flynn-gives-dead-eyed-glare-in-new-prison-mug-after-murder-conviction/", "EventCode": 4, "Tone": null}}, {"type": "Feature", "geometry": {"type": "Point", "coordinates": [-81.5321, 39.1904]}, "properties": {"Title": "Us Marshals Offering 5000 Reward Wanted Sex Offender", "SourceURL": "https://www.wsaz.com/2026/10/08/us-marshals-offering-5000-reward-wanted-sex-offender/", "EventCode": 4, "Tone": null}}, {"type": "Feature", "geometry": {"type": "Point", "coordinates": [-75.65, 45.4833]}, "properties": {"Title": "143 People Allege Sexual Assaults At Quebec Spa As Judge Approves Class Action", "SourceURL": "https://montrealgazette.com/news/provincial-news/143-people-allege-sexual-assaults-at-quebec-spa-as-judge-approves-class-action/", "EventCode": 4, "Tone": null}}, {"type": "Feature", "geometry": {"type": "Point", "coordinates": [-75.4999, 40.3754]}, "properties": {"Title": "Darby Man Draws Prison For Sex Assaults Of 2 Montgomery County Girls", "SourceURL": "https://www.thereporteronline.com/2026/10/08/darby-man-draws-prison-for-sex-assaults-of-2-montgomery-county-girls/", "EventCode": 4, "Tone": null}}, {"type": "Feature", "geometry": {"type": "Point", "coordinates": [-75.1252, 40.0959]}, "properties": {"Title": "Darby Man Draws Prison For Sex Assaults Of 2 Montgomery County Girls", "SourceURL": "https://www.thereporteronline.com/2026/10/08/darby-man-draws-prison-for-sex-assaults-of-2-montgomery-county-girls/", "EventCode": 4, "Tone": null}}, {"type": "Feature", "geometry": {"type": "Point", "coordinates": [-75.4999, 40.3754]}, "properties": {"Title": "Darby Man Draws Prison For Sex Assaults Of 2 Montgomery County Girls", "SourceURL": "https://www.thereporteronline.com/2026/10/08/darby-man-draws-prison-for-sex-assaults-of-2-montgomery-county-girls/", "EventCode": 4, "Tone": null}}, {"type": "Feature", "geometry": {"type": "Point", "coordinates": [-84.1722, 39.9584]}, "properties": {"Title": "American Idol Alum Caleb Flynn Gives Dead Eyed Glare In New Prison Mug After Murder Conviction", "SourceURL": "https://nypost.com/2026/10/08/us-news/american-idol-alum-caleb-flynn-gives-dead-eyed-glare-in-new-prison-mug-after-murder-conviction/", "EventCode": 4, "Tone": null}}, {"type": "Feature", "geometry": {"type": "Point", "coordinates": [-122.579, 45.519]}, "properties": {"Title": "Portland Police Release Body Camera Footage From Fatal Chestnut Tree Inn Shooting Se Officer Involved Shooting Local Crime Homicide Investigation", "SourceURL": "https://nbc16.com/news/nation-world/portland-police-release-body-camera-footage-from-fatal-chestnut-tree-inn-shooting-se-officer-involved-shooting-local-crime-homicide-investigation", "EventCode": 4, "Tone": null}}, {"type": "Feature", "geometry": {"type": "Point", "coordinates": [-122.676, 45.5235]}, "properties": {"Title": "Portland Police Release Body Camera Footage From Fatal Chestnut Tree Inn Shooting Se Officer Involved Shooting Local Crime Homicide Investigation", "SourceURL": "https://nbc16.com/news/nation-world/portland-police-release-body-camera-footage-from-fatal-chestnut-tree-inn-shooting-se-officer-involved-shooting-local-crime-homicide-investigation", "EventCode": 4, "Tone": null}}, {"type": "Feature", "geometry": {"type": "Point", "coordinates": [-122.168, 45.2496]}, "properties": {"Title": "Portland Police Release Body Camera Footage From Fatal Chestnut Tree Inn Shooting Se Officer Involved Shooting Local Crime Homicide Investigation", "SourceURL": "https://nbc16.com/news/nation-world/portland-police-release-body-camera-footage-from-fatal-chestnut-tree-inn-shooting-se-officer-involved-shooting-local-crime-homicide-investigation", "EventCode": 4, "Tone": null}}, {"type": "Feature", "geometry": {"type": "Point", "coordinates": [138.6, -34.9333]}, "properties": {"Title": "Www.Indusage.Com.Au", "SourceURL": "https://www.indusage.com.au/?p=99607", "EventCode": 1, "Tone": null}}, {"type": "Feature", "geometry": {"type": "Point", "coordinates": [138.6, -34.9333]}, "properties": {"Title": "Www.Indusage.Com.Au", "SourceURL": "https://www.indusage.com.au/?p=99607", "EventCode": 3, "Tone": null}}, {"type": "Feature", "geometry": {"type": "Point", "coordinates": [-75.7, 45.4167]}, "properties": {"Title": "Rcmp Union Financial Crime Agency Concerns Liberals 9.7374458", "SourceURL": "https://www.cbc.ca/news/politics/rcmp-union-financial-crime-agency-concerns-liberals-9.7374458", "EventCode": 1, "Tone": null}}, {"type": "Feature", "geometry": {"type": "Point", "coordinates": [-75.7, 45.4167]}, "properties": {"Title": "Rcmp Union Financial Crime Agency Concerns Liberals 9.7374458", "SourceURL": "https://www.cbc.ca/news/politics/rcmp-union-financial-crime-agency-concerns-liberals-9.7374458", "EventCode": 1, "Tone": null}}, {"type": "Feature", "geometry": {"type": "Point", "coordinates": [-82.4, 42.9667]}, "properties": {"Title": "Qa With Sarnias Mayoral Candidates", "SourceURL": "https://www.theobserver.ca/news/qa-with-sarnias-mayoral-candidates/", "EventCode": 2, "Tone": null}}, {"type": "Feature", "geometry": {"type": "Point", "coordinates": [-97.6475, 31.106]}, "properties": {"Title": "Brazilian Judge Issues Arrest Warrant For Eduardo Bolsonaro Brother Of A Presidential Candidate", "SourceURL": "https://www.wsls.com/business/2026/10/08/brazilian-judge-issues-arrest-warrant-for-eduardo-bolsonaro-brother-of-a-presidential-candidate/", "EventCode": 4, "Tone": null}}, {"type": "Feature", "geometry": {"type": "Point", "coordinates": [-92.4032, 34.8572]}, "properties": {"Title": "Police Report Driver Who Crashed Into Waffle", "SourceURL": "https://www.arkansasonline.com/news/2026/oct/08/police-report-driver-who-crashed-into-waffle/", "EventCode": 4, "Tone": null}}, {"type": "Feature", "geometry": {"type": "Point", "coordinates": [-87.8501, 41.8334]}, "properties": {"Title": "Chicago Police Cpd Shooting Edgar Delgado Arroyo Little Village", "SourceURL": "https://chicago.suntimes.com/police-reform/2026/10/08/chicago-police-cpd-shooting-edgar-delgado-arroyo-little-village", "EventCode": 2, "Tone": null}}, {"type": "Feature", "geometry": {"type": "Point", "coordinates": [-87.6501, 41.85]}, "properties": {"Title": "Chicago Police Cpd Shooting Edgar Delgado Arroyo Little Village", "SourceURL": "https://chicago.suntimes.com/police-reform/2026/10/08/chicago-police-cpd-shooting-edgar-delgado-arroyo-little-village", "EventCode": 2, "Tone": null}}, {"type": "Feature", "geometry": {"type": "Point", "coordinates": [-1.78333, 51.7]}, "properties": {"Title": "Latvian Men Accused Of Spying After Allegedly Breaking Into Uk Airbase Used By Us Nato 6101304", "SourceURL": "https://www.theepochtimes.com/world/latvian-men-accused-of-spying-after-allegedly-breaking-into-uk-airbase-used-by-us-nato-6101304", "EventCode": 1, "Tone": null}}, {"type": "Feature", "geometry": {"type": "Point", "coordinates": [53.0, 32.0]}, "properties": {"Title": "Latvian Men Accused Of Spying After Allegedly Breaking Into Uk Airbase Used By Us Nato 6101304", "SourceURL": "https://www.theepochtimes.com/world/latvian-men-accused-of-spying-after-allegedly-breaking-into-uk-airbase-used-by-us-nato-6101304", "EventCode": 1, "Tone": null}}, {"type": "Feature", "geometry": {"type": "Point", "coordinates": [10.5, 51.5]}, "properties": {"Title": "18Yearold Been Arrested 20261008000500 Nt", "SourceURL": "https://www.surinenglish.com/malaga/marbella-san-pedro/18yearold-been-arrested-20261008000500-nt.html", "EventCode": 2, "Tone": null}}, {"type": "Feature", "geometry": {"type": "Point", "coordinates": [-75.4999, 40.3754]}, "properties": {"Title": "Darby Man Draws Prison For Sex Assaults Of 2 Montgomery County Girls", "SourceURL": "https://www.thereporteronline.com/2026/10/08/darby-man-draws-prison-for-sex-assaults-of-2-montgomery-county-girls/", "EventCode": 1, "Tone": null}}, {"type": "Feature", "geometry": {"type": "Point", "coordinates": [-77.264, 40.5773]}, "properties": {"Title": "Darby Man Draws Prison For Sex Assaults Of 2 Montgomery County Girls", "SourceURL": "https://www.thereporteronline.com/2026/10/08/darby-man-draws-prison-for-sex-assaults-of-2-montgomery-county-girls/", "EventCode": 1, "Tone": null}}, {"type": "Feature", "geometry": {"type": "Point", "coordinates": [-92.3809, 34.9513]}, "properties": {"Title": "Police Report Driver Who Crashed Into Waffle", "SourceURL": "https://www.arkansasonline.com/news/2026/oct/08/police-report-driver-who-crashed-into-waffle/", "EventCode": 1, "Tone": null}}, {"type": "Feature", "geometry": {"type": "Point", "coordinates": [-75.4999, 40.3754]}, "properties": {"Title": "Darby Man Draws Prison For Sex Assaults Of 2 Montgomery County Girls", "SourceURL": "https://www.thereporteronline.com/2026/10/08/darby-man-draws-prison-for-sex-assaults-of-2-montgomery-county-girls/", "EventCode": 1, "Tone": null}}, {"type": "Feature", "geometry": {"type": "Point", "coordinates": [-75.4999, 40.3754]}, "properties": {"Title": "Darby Man Draws Prison For Sex Assaults Of 2 Montgomery County Girls", "SourceURL": "https://www.thereporteronline.com/2026/10/08/darby-man-draws-prison-for-sex-assaults-of-2-montgomery-county-girls/", "EventCode": 1, "Tone": null}}, {"type": "Feature", "geometry": {"type": "Point", "coordinates": [-96.6836, 40.7833]}, "properties": {"Title": "Mom Baby Ground Brain Damage Police", "SourceURL": "https://www.dailymail.com/news/article-16194035/mom-baby-ground-brain-damage-police.html", "EventCode": 1, "Tone": null}}, {"type": "Feature", "geometry": {"type": "Point", "coordinates": [-96.6836, 40.7833]}, "properties": {"Title": "Mom Baby Ground Brain Damage Police", "SourceURL": "https://www.dailymail.com/news/article-16194035/mom-baby-ground-brain-damage-police.html", "EventCode": 1, "Tone": null}}, {"type": "Feature", "geometry": {"type": "Point", "coordinates": [-75.6496, 40.2454]}, "properties": {"Title": "Pottstown Man Accused Of Possessing Sharing Child Sexual Abuse Material", "SourceURL": "https://www.thereporteronline.com/2026/10/08/pottstown-man-accused-of-possessing-sharing-child-sexual-abuse-material/", "EventCode": 3, "Tone": null}}, {"type": "Feature", "geometry": {"type": "Point", "coordinates": [-84.2333, 40.0501]}, "properties": {"Title": "American Idol Alum Caleb Flynn Gives Dead Eyed Glare In New Prison Mug After Murder Conviction", "SourceURL": "https://nypost.com/2026/10/08/us-news/american-idol-alum-caleb-flynn-gives-dead-eyed-glare-in-new-prison-mug-after-murder-conviction/", "EventCode": 4, "Tone": null}}, {"type": "Feature", "geometry": {"type": "Point", "coordinates": [-122.676, 45.5235]}, "properties": {"Title": "Portland Police Release Body Camera Footage From Fatal Chestnut Tree Inn Shooting Se Officer Involved Shooting Local Crime Homicide Investigation", "SourceURL": "https://nbc16.com/news/nation-world/portland-police-release-body-camera-footage-from-fatal-chestnut-tree-inn-shooting-se-officer-involved-shooting-local-crime-homicide-investigation", "EventCode": 4, "Tone": null}}, {"type": "Feature", "geometry": {"type": "Point", "coordinates": [-75.6496, 40.2454]}, "properties": {"Title": "Pottstown Man Accused Of Possessing Sharing Child Sexual Abuse Material", "SourceURL": "https://www.thereporteronline.com/2026/10/08/pottstown-man-accused-of-possessing-sharing-child-sexual-abuse-material/", "EventCode": 4, "Tone": null}}, {"type": "Feature", "geometry": {"type": "Point", "coordinates": [-75.4999, 40.3754]}, "properties": {"Title": "Darby Man Draws Prison For Sex Assaults Of 2 Montgomery County Girls", "SourceURL": "https://www.thereporteronline.com/2026/10/08/darby-man-draws-prison-for-sex-assaults-of-2-montgomery-county-girls/", "EventCode": 4, "Tone": null}}, {"type": "Feature", "geometry": {"type": "Point", "coordinates": [-75.1252, 40.0959]}, "properties": {"Title": "Darby Man Draws Prison For Sex Assaults Of 2 Montgomery County Girls", "SourceURL": "https://www.thereporteronline.com/2026/10/08/darby-man-draws-prison-for-sex-assaults-of-2-montgomery-county-girls/", "EventCode": 4, "Tone": null}}, {"type": "Feature", "geometry": {"type": "Point", "coordinates": [-75.4999, 40.3754]}, "properties": {"Title": "Darby Man Draws Prison For Sex Assaults Of 2 Montgomery County Girls", "SourceURL": "https://www.thereporteronline.com/2026/10/08/darby-man-draws-prison-for-sex-assaults-of-2-montgomery-county-girls/", "EventCode": 4, "Tone": null}}, {"type": "Feature", "geometry": {"type": "Point", "coordinates": [-75.4999, 40.3754]}, "properties": {"Title": "Darby Man Draws Prison For Sex Assaults Of 2 Montgomery County Girls", "SourceURL": "https://www.thereporteronline.com/2026/10/08/darby-man-draws-prison-for-sex-assaults-of-2-montgomery-county-girls/", "EventCode": 4, "Tone": null}}, {"type": "Feature", "geometry": {"type": "Point", "coordinates": [-77.264, 40.5773]}, "properties": {"Title": "Darby Man Draws Prison For Sex Assaults Of 2 Montgomery County Girls", "SourceURL": "https://www.thereporteronline.com/2026/10/08/darby-man-draws-prison-for-sex-assaults-of-2-montgomery-county-girls/", "EventCode": 4, "Tone": null}}, {"type": "Feature", "geometry": {"type": "Point", "coordinates": [-122.579, 45.519]}, "properties": {"Title": "Portland Police Release Body Camera Footage From Fatal Chestnut Tree Inn Shooting Se Officer Involved Shooting Local Crime Homicide Investigation", "SourceURL": "https://nbc16.com/news/nation-world/portland-police-release-body-camera-footage-from-fatal-chestnut-tree-inn-shooting-se-officer-involved-shooting-local-crime-homicide-investigation", "EventCode": 4, "Tone": null}}, {"type": "Feature", "geometry": {"type": "Point", "coordinates": [-122.676, 45.5235]}, "properties": {"Title": "Portland Police Release Body Camera Footage From Fatal Chestnut Tree Inn Shooting Se Officer Involved Shooting Local Crime Homicide Investigation", "SourceURL": "https://nbc16.com/news/nation-world/portland-police-release-body-camera-footage-from-fatal-chestnut-tree-inn-shooting-se-officer-involved-shooting-local-crime-homicide-investigation", "EventCode": 4, "Tone": null}}, {"type": "Feature", "geometry": {"type": "Point", "coordinates": [-122.676, 45.5235]}, "properties": {"Title": "Portland Police Release Body Camera Footage From Fatal Chestnut Tree Inn Shooting Se Officer Involved Shooting Local Crime Homicide Investigation", "SourceURL": "https://nbc16.com/news/nation-world/portland-police-release-body-camera-footage-from-fatal-chestnut-tree-inn-shooting-se-officer-involved-shooting-local-crime-homicide-investigation", "EventCode": 4, "Tone": null}}, {"type": "Feature", "geometry": {"type": "Point", "coordinates": [-122.168, 45.2496]}, "properties": {"Title": "Portland Police Release Body Camera Footage From Fatal Chestnut Tree Inn Shooting Se Officer Involved Shooting Local Crime Homicide Investigation", "SourceURL": "https://nbc16.com/news/nation-world/portland-police-release-body-camera-footage-from-fatal-chestnut-tree-inn-shooting-se-officer-involved-shooting-local-crime-homicide-investigation", "EventCode": 4, "Tone": null}}, {"type": "Feature", "geometry": {"type": "Point", "coordinates": [-77.264, 40.5773]}, "properties": {"Title": "State Human Relations Commission Condemns Antisemitic Racist Graffiti At Glenside Park Ahead Of Rally", "SourceURL": "https://www.thereporteronline.com/2026/10/08/state-human-relations-commission-condemns-antisemitic-racist-graffiti-at-glenside-park-ahead-of-rally/", "EventCode": 1, "Tone": null}}, {"type": "Feature", "geometry": {"type": "Point", "coordinates": [-77.264, 40.5773]}, "properties": {"Title": "Pottstown Man Accused Of Possessing Sharing Child Sexual Abuse Material", "SourceURL": "https://www.thereporteronline.com/2026/10/08/pottstown-man-accused-of-possessing-sharing-child-sexual-abuse-material/", "EventCode": 4, "Tone": null}}, {"type": "Feature", "geometry": {"type": "Point", "coordinates": [-77.264, 40.5773]}, "properties": {"Title": "Pottstown Man Accused Of Possessing Sharing Child Sexual Abuse Material", "SourceURL": "https://www.thereporteronline.com/2026/10/08/pottstown-man-accused-of-possessing-sharing-child-sexual-abuse-material/", "EventCode": 4, "Tone": null}}, {"type": "Feature", "geometry": {"type": "Point", "coordinates": [-77.264, 40.5773]}, "properties": {"Title": "Pottstown Man Accused Of Possessing Sharing Child Sexual Abuse Material", "SourceURL": "https://www.thereporteronline.com/2026/10/08/pottstown-man-accused-of-possessing-sharing-child-sexual-abuse-material/", "EventCode": 4, "Tone": null}}, {"type": "Feature", "geometry": {"type": "Point", "coordinates": [-78.6386, 35.7721]}, "properties": {"Title": "North Carolina State Fair Opens Oct 15 With Largest Ferris Wheel In Event History And 60M Renovation", "SourceURL": "https://foxy99.com/2026/10/08/north-carolina-state-fair-opens-oct-15-with-largest-ferris-wheel-in-event-history-and-60m-renovation/", "EventCode": 1, "Tone": null}}, {"type": "Feature", "geometry": {"type": "Point", "coordinates": [-78.7103, 35.794]}, "properties": {"Title": "North Carolina State Fair Opens Oct 15 With Largest Ferris Wheel In Event History And 60M Renovation", "SourceURL": "https://foxy99.com/2026/10/08/north-carolina-state-fair-opens-oct-15-with-largest-ferris-wheel-in-event-history-and-60m-renovation/", "EventCode": 1, "Tone": null}}, {"type": "Feature", "geometry": {"type": "Point", "coordinates": [138.6, -34.9333]}, "properties": {"Title": "107244324", "SourceURL": "https://www.abc.net.au/news/2026-10-09/snowtown-murder-victim-nephew-speaks-out-james-vlassakis/107244324", "EventCode": 2, "Tone": null}}, {"type": "Feature", "geometry": {"type": "Point", "coordinates": [34.75, 31.5]}, "properties": {"Title": "Haverford Professor Charged Alleged Heinous Antisemitic Online Attacks Barred Campus", "SourceURL": "https://www.foxnews.com/media/haverford-professor-charged-alleged-heinous-antisemitic-online-attacks-barred-campus", "EventCode": 1, "Tone": null}}, {"type": "Feature", "geometry": {"type": "Point", "coordinates": [153.017, -27.5]}, "properties": {"Title": "I Had To Become A Beginner Again Dr Queenie Wu On Building Mindspace From A Solo Room", "SourceURL": "https://dynamicbusiness.com/featured/founder-friday/i-had-to-become-a-beginner-again-dr-queenie-wu-on-building-mindspace-from-a-solo-room.html", "EventCode": 1, "Tone": null}}, {"type": "Feature", "geometry": {"type": "Point", "coordinates": [106.947, -6.24]}, "properties": {"Title": "134795327.Cms", "SourceURL": "https://economictimes.indiatimes.com/world/us/conservationists-are-trying-to-save-this-endangered-bird-but-their-efforts-may-be-producing-too-many-males/articleshow/134795327.cms", "EventCode": 1, "Tone": null}}, {"type": "Feature", "geometry": {"type": "Point", "coordinates": [-121.951, 38.2332]}, "properties": {"Title": "Bay Area Property Owners Speak Out Against Proposed Gas Water Heater Ban", "SourceURL": "https://www.timesheraldonline.com/2026/10/08/bay-area-property-owners-speak-out-against-proposed-gas-water-heater-ban/", "EventCode": 1, "Tone": null}}, {"type": "Feature", "geometry": {"type": "Point", "coordinates": [-75.971, 43.0484]}, "properties": {"Title": "Ai Human Connection Forest Walks 12443076", "SourceURL": "https://www.newsweek.com/ai-human-connection-forest-walks-12443076", "EventCode": 1, "Tone": null}}, {"type": "Feature", "geometry": {"type": "Point", "coordinates": [-82.4, 42.9667]}, "properties": {"Title": "Qa With Sarnias Mayoral Candidates", "SourceURL": "https://www.theobserver.ca/news/qa-with-sarnias-mayoral-candidates/", "EventCode": 1, "Tone": null}}, {"type": "Feature", "geometry": {"type": "Point", "coordinates": [-118.244, 34.0522]}, "properties": {"Title": "Article C28B4023 D2Ab 5924 A8Bd 515Cff65C942", "SourceURL": "http://www.gazettextra.com/news/nation_world/lyft-to-pay-272-million-settlement-to-california-rideshare-drivers/article_c28b4023-d2ab-5924-a8bd-515cff65c942.html", "EventCode": 1, "Tone": null}}, {"type": "Feature", "geometry": {"type": "Point", "coordinates": [153.114, -30.2963]}, "properties": {"Title": "107221046", "SourceURL": "https://www.abc.net.au/news/2026-10-09/nsw-towns-hit-by-backpacker-shortage-seek-dama-listing/107221046", "EventCode": 1, "Tone": null}}, {"type": "Feature", "geometry": {"type": "Point", "coordinates": [-80.8137, 35.9837]}, "properties": {"Title": "Business Notes Virginia Beach Police", "SourceURL": "https://www.pilotonline.com/2026/10/08/business-notes-virginia-beach-police/", "EventCode": 1, "Tone": null}}, {"type": "Feature", "geometry": {"type": "Point", "coordinates": [-107.209, 42.7475]}, "properties": {"Title": "Article 4Ce54262 B586 439F 9322 9776527Ef3Da", "SourceURL": "http://www.wyomingnews.com/features/todo/from-historic-figures-to-sheet-ghosts-hauntings-and-history-tours-bring-cheyenne-s-spooky-tales/article_4ce54262-b586-439f-9322-9776527ef3da.html", "EventCode": 2, "Tone": null}}, {"type": "Feature", "geometry": {"type": "Point", "coordinates": [-121.951, 38.2332]}, "properties": {"Title": "Bay Area Property Owners Speak Out Against Proposed Gas Water Heater Ban", "SourceURL": "https://www.timesheraldonline.com/2026/10/08/bay-area-property-owners-speak-out-against-proposed-gas-water-heater-ban/", "EventCode": 3, "Tone": null}}, {"type": "Feature", "geometry": {"type": "Point", "coordinates": [-122.159, 38.0494]}, "properties": {"Title": "Bay Area Property Owners Speak Out Against Proposed Gas Water Heater Ban", "SourceURL": "https://www.timesheraldonline.com/2026/10/08/bay-area-property-owners-speak-out-against-proposed-gas-water-heater-ban/", "EventCode": 3, "Tone": null}}, {"type": "Feature", "geometry": {"type": "Point", "coordinates": [-78.2057, 37.768]}, "properties": {"Title": "Steve Atkinson Overlooks The Science And The Workers Behind Virginia Menhaden Fishery", "SourceURL": "http://www.newjerseytelegraph.com/news/279360556/steve-atkinson-overlooks-the-science-and-the-workers-behind-virginia-menhaden-fishery", "EventCode": 3, "Tone": null}}, {"type": "Feature", "geometry": {"type": "Point", "coordinates": [-86.8073, 32.799]}, "properties": {"Title": "Alabama Health Officials Warn Of Storm Cleanup Dangers Ahead Of Isaias", "SourceURL": "https://abc3340.com/news/local/alabama-health-officials-warn-of-storm-cleanup-dangers-ahead-of-isaias", "EventCode": 4, "Tone": null}}, {"type": "Feature", "geometry": {"type": "Point", "coordinates": [-121.951, 38.2332]}, "properties": {"Title": "Bay Area Property Owners Speak Out Against Proposed Gas Water Heater Ban", "SourceURL": "https://www.timesheraldonline.com/2026/10/08/bay-area-property-owners-speak-out-against-proposed-gas-water-heater-ban/", "EventCode": 4, "Tone": null}}, {"type": "Feature", "geometry": {"type": "Point", "coordinates": [153.114, -30.2963]}, "properties": {"Title": "107221046", "SourceURL": "https://www.abc.net.au/news/2026-10-09/nsw-towns-hit-by-backpacker-shortage-seek-dama-listing/107221046", "EventCode": 1, "Tone": null}}, {"type": "Feature", "geometry": {"type": "Point", "coordinates": [-123.917, 49.15]}, "properties": {"Title": "Atlas Engineered Products Ltd Completes Installation Of Robotic Roof Truss Mfg Line 322014", "SourceURL": "https://www.canadianmanufacturing.com/manufacturing/atlas-engineered-products-ltd-completes-installation-of-robotic-roof-truss-mfg-line-322014/", "EventCode": 1, "Tone": null}}, {"type": "Feature", "geometry": {"type": "Point", "coordinates": [-118.244, 34.0522]}, "properties": {"Title": "Article C28B4023 D2Ab 5924 A8Bd 515Cff65C942", "SourceURL": "http://www.gazettextra.com/news/nation_world/lyft-to-pay-272-million-settlement-to-california-rideshare-drivers/article_c28b4023-d2ab-5924-a8bd-515cff65c942.html", "EventCode": 1, "Tone": null}}, {"type": "Feature", "geometry": {"type": "Point", "coordinates": [-123.917, 49.15]}, "properties": {"Title": "Atlas Engineered Products Ltd Completes Installation Of Robotic Roof Truss Mfg Line 322014", "SourceURL": "https://www.canadianmanufacturing.com/manufacturing/atlas-engineered-products-ltd-completes-installation-of-robotic-roof-truss-mfg-line-322014/", "EventCode": 1, "Tone": null}}, {"type": "Feature", "geometry": {"type": "Point", "coordinates": [-118.244, 34.0522]}, "properties": {"Title": "Article C28B4023 D2Ab 5924 A8Bd 515Cff65C942", "SourceURL": "http://www.gazettextra.com/news/nation_world/lyft-to-pay-272-million-settlement-to-california-rideshare-drivers/article_c28b4023-d2ab-5924-a8bd-515cff65c942.html", "EventCode": 3, "Tone": null}}, {"type": "Feature", "geometry": {"type": "Point", "coordinates": [-123.917, 49.15]}, "properties": {"Title": "Atlas Engineered Products Ltd Completes Installation Of Robotic Roof Truss Mfg Line 322014", "SourceURL": "https://www.canadianmanufacturing.com/manufacturing/atlas-engineered-products-ltd-completes-installation-of-robotic-roof-truss-mfg-line-322014/", "EventCode": 1, "Tone": null}}, {"type": "Feature", "geometry": {"type": "Point", "coordinates": [-123.917, 49.15]}, "properties": {"Title": "Atlas Engineered Products Ltd Completes Installation Of Robotic Roof Truss Mfg Line 322014", "SourceURL": "https://www.canadianmanufacturing.com/manufacturing/atlas-engineered-products-ltd-completes-installation-of-robotic-roof-truss-mfg-line-322014/", "EventCode": 1, "Tone": null}}, {"type": "Feature", "geometry": {"type": "Point", "coordinates": [138.6, -34.9333]}, "properties": {"Title": "107244324", "SourceURL": "https://www.abc.net.au/news/2026-10-09/snowtown-murder-victim-nephew-speaks-out-james-vlassakis/107244324", "EventCode": 1, "Tone": null}}, {"type": "Feature", "geometry": {"type": "Point", "coordinates": [-76.2852, 36.8468]}, "properties": {"Title": "Ocean View License Plate", "SourceURL": "https://www.pilotonline.com/2026/10/08/ocean-view-license-plate/", "EventCode": 1, "Tone": null}}, {"type": "Feature", "geometry": {"type": "Point", "coordinates": [-78.2057, 37.768]}, "properties": {"Title": "Ocean View License Plate", "SourceURL": "https://www.pilotonline.com/2026/10/08/ocean-view-license-plate/", "EventCode": 1, "Tone": null}}, {"type": "Feature", "geometry": {"type": "Point", "coordinates": [-78.2057, 37.768]}, "properties": {"Title": "Ocean View License Plate", "SourceURL": "https://www.pilotonline.com/2026/10/08/ocean-view-license-plate/", "EventCode": 1, "Tone": null}}, {"type": "Feature", "geometry": {"type": "Point", "coordinates": [-117.157, 32.7153]}, "properties": {"Title": "Uss Abraham Lincoln Returns To San Diego After Long Combat Deployment In Middle East", "SourceURL": "https://www.pilotonline.com/2026/10/08/uss-abraham-lincoln-returns-to-san-diego-after-long-combat-deployment-in-middle-east/", "EventCode": 1, "Tone": null}}, {"type": "Feature", "geometry": {"type": "Point", "coordinates": [-117.157, 32.7153]}, "properties": {"Title": "Uss Abraham Lincoln Returns To San Diego After Long Combat Deployment In Middle East", "SourceURL": "https://www.pilotonline.com/2026/10/08/uss-abraham-lincoln-returns-to-san-diego-after-long-combat-deployment-in-middle-east/", "EventCode": 1, "Tone": null}}, {"type": "Feature", "geometry": {"type": "Point", "coordinates": [-117.134, 32.6501]}, "properties": {"Title": "Uss Abraham Lincoln Returns To San Diego After Long Combat Deployment In Middle East", "SourceURL": "https://www.pilotonline.com/2026/10/08/uss-abraham-lincoln-returns-to-san-diego-after-long-combat-deployment-in-middle-east/", "EventCode": 1, "Tone": null}}, {"type": "Feature", "geometry": {"type": "Point", "coordinates": [-78.2057, 37.768]}, "properties": {"Title": "540 Interview With Drag Queen Enya Salad", "SourceURL": "https://www.wsls.com/news/local/2026/10/08/540-interview-with-drag-queen-enya-salad/", "EventCode": 1, "Tone": null}}, {"type": "Feature", "geometry": {"type": "Point", "coordinates": [-78.2057, 37.768]}, "properties": {"Title": "540 Interview With Drag Queen Enya Salad", "SourceURL": "https://www.wsls.com/news/local/2026/10/08/540-interview-with-drag-queen-enya-salad/", "EventCode": 1, "Tone": null}}, {"type": "Feature", "geometry": {"type": "Point", "coordinates": [-90.3246, 38.6126]}, "properties": {"Title": "Abortion State Referenda 2026 November Midterms Roe Dobbs Missouri Nevada", "SourceURL": "https://www.nationalmemo.com/abortion-state-referenda-2026-november-midterms-roe-dobbs-missouri-nevada", "EventCode": 2, "Tone": null}}, {"type": "Feature", "geometry": {"type": "Point", "coordinates": [-92.302, 38.4623]}, "properties": {"Title": "Abortion State Referenda 2026 November Midterms Roe Dobbs Missouri Nevada", "SourceURL": "https://www.nationalmemo.com/abortion-state-referenda-2026-november-midterms-roe-dobbs-missouri-nevada", "EventCode": 2, "Tone": null}}, {"type": "Feature", "geometry": {"type": "Point", "coordinates": [-92.302, 38.4623]}, "properties": {"Title": "Abortion State Referenda 2026 November Midterms Roe Dobbs Missouri Nevada", "SourceURL": "https://www.nationalmemo.com/abortion-state-referenda-2026-november-midterms-roe-dobbs-missouri-nevada", "EventCode": 3, "Tone": null}}, {"type": "Feature", "geometry": {"type": "Point", "coordinates": [-77.264, 40.5773]}, "properties": {"Title": "State Human Relations Commission Condemns Antisemitic Racist Graffiti At Glenside Park Ahead Of Rally", "SourceURL": "https://www.thereporteronline.com/2026/10/08/state-human-relations-commission-condemns-antisemitic-racist-graffiti-at-glenside-park-ahead-of-rally/", "EventCode": 3, "Tone": null}}, {"type": "Feature", "geometry": {"type": "Point", "coordinates": [135.0, -25.0]}, "properties": {"Title": "107246030", "SourceURL": "https://www.abc.net.au/news/2026-10-09/federal-politics-live-blog-labor-ato-ct-9/107246030", "EventCode": 1, "Tone": null}}, {"type": "Feature", "geometry": {"type": "Point", "coordinates": [-98.5795, 39.828175]}, "properties": {"Title": "Barton Theatre Sets Auditions For 4 Am Friends", "SourceURL": "https://www.gbtribune.com/news/local-news/barton-theatre-sets-auditions-for-4-am-friends/", "EventCode": 1, "Tone": null}}, {"type": "Feature", "geometry": {"type": "Point", "coordinates": [-111.854, 40.1135]}, "properties": {"Title": "Pete Hegseth Terrorist Death Penalty Publicly Executed", "SourceURL": "https://www.dailymail.com/news/article-16194585/pete-hegseth-terrorist-death-penalty-publicly-executed.html", "EventCode": 4, "Tone": null}}, {"type": "Feature", "geometry": {"type": "Point", "coordinates": [33.95, 35.125]}, "properties": {"Title": "December Date Set For Turkish Cypriot Legislative Elections", "SourceURL": "https://cyprus-mail.com/2026/10/09/december-date-set-for-turkish-cypriot-legislative-elections", "EventCode": 1, "Tone": null}}, {"type": "Feature", "geometry": {"type": "Point", "coordinates": [33.3583, 35.2]}, "properties": {"Title": "December Date Set For Turkish Cypriot Legislative Elections", "SourceURL": "https://cyprus-mail.com/2026/10/09/december-date-set-for-turkish-cypriot-legislative-elections", "EventCode": 2, "Tone": null}}, {"type": "Feature", "geometry": {"type": "Point", "coordinates": [13.333333, 47.333333]}, "properties": {"Title": "18Yearold Been Arrested 20261008000500 Nt", "SourceURL": "https://www.surinenglish.com/malaga/marbella-san-pedro/18yearold-been-arrested-20261008000500-nt.html", "EventCode": 4, "Tone": null}}, {"type": "Feature", "geometry": {"type": "Point", "coordinates": [12.5833, 55.6667]}, "properties": {"Title": "Kombucha Booming But Still Kombucha 12530576", "SourceURL": "https://www.newsweek.com/kombucha-booming-but-still-kombucha-12530576", "EventCode": 3, "Tone": null}}, {"type": "Feature", "geometry": {"type": "Point", "coordinates": [12.5833, 55.6667]}, "properties": {"Title": "Kombucha Booming But Still Kombucha 12530576", "SourceURL": "https://www.newsweek.com/kombucha-booming-but-still-kombucha-12530576", "EventCode": 3, "Tone": null}}, {"type": "Feature", "geometry": {"type": "Point", "coordinates": [151.954, -27.5606]}, "properties": {"Title": "107242310", "SourceURL": "https://www.abc.net.au/news/2026-10-09/coffee-brands-drop-premium-arabica-beans-in-price-squeeze/107242310", "EventCode": 1, "Tone": null}}, {"type": "Feature", "geometry": {"type": "Point", "coordinates": [-79.4167, 43.6667]}, "properties": {"Title": "Hackers Access Decade Worth Of Personal Data At Canadian Mennonite University", "SourceURL": "https://www.winnipegfreepress.com/uncategorized/2026/10/08/hackers-access-decade-worth-of-personal-data-at-canadian-mennonite-university", "EventCode": 1, "Tone": null}}, {"type": "Feature", "geometry": {"type": "Point", "coordinates": [-75.3057, 40.0118]}, "properties": {"Title": "Haverford Professor Charged Alleged Heinous Antisemitic Online Attacks Barred Campus", "SourceURL": "https://www.foxnews.com/media/haverford-professor-charged-alleged-heinous-antisemitic-online-attacks-barred-campus", "EventCode": 1, "Tone": null}}, {"type": "Feature", "geometry": {"type": "Point", "coordinates": [34.75, 31.5]}, "properties": {"Title": "Haverford Professor Charged Alleged Heinous Antisemitic Online Attacks Barred Campus", "SourceURL": "https://www.foxnews.com/media/haverford-professor-charged-alleged-heinous-antisemitic-online-attacks-barred-campus", "EventCode": 1, "Tone": null}}, {"type": "Feature", "geometry": {"type": "Point", "coordinates": [34.3333, 31.4167]}, "properties": {"Title": "Article 1F850D9F 8B7B 43D9 8F81 167A3F2E8Bf6", "SourceURL": "https://www.redandblack.com/uganews/uga-student-organizations-host-commemoration-events-for-anniversary-of-oct-7/article_1f850d9f-8b7b-43d9-8f81-167a3f2e8bf6.html", "EventCode": 1, "Tone": null}}, {"type": "Feature", "geometry": {"type": "Point", "coordinates": [-74.0029, 40.7143]}, "properties": {"Title": "Nyc College Students Leave Class To Rally In Support Of Cornell Universitys Jane Doe", "SourceURL": "https://www.nydailynews.com/2026/10/08/nyc-college-students-leave-class-to-rally-in-support-of-cornell-universitys-jane-doe/", "EventCode": 1, "Tone": null}}, {"type": "Feature", "geometry": {"type": "Point", "coordinates": [-73.9613, 40.809]}, "properties": {"Title": "Nyc College Students Leave Class To Rally In Support Of Cornell Universitys Jane Doe", "SourceURL": "https://www.nydailynews.com/2026/10/08/nyc-college-students-leave-class-to-rally-in-support-of-cornell-universitys-jane-doe/", "EventCode": 1, "Tone": null}}, {"type": "Feature", "geometry": {"type": "Point", "coordinates": [-74.9384, 42.1497]}, "properties": {"Title": "Ai In Education", "SourceURL": "https://www.wamc.org/podcast/northeastnotebook/2026-10-08/ai-in-education", "EventCode": 1, "Tone": null}}, {"type": "Feature", "geometry": {"type": "Point", "coordinates": [151.05, -34.0833]}, "properties": {"Title": "Gymea Bay Baths New Water Testing To Reveal Pollution Source", "SourceURL": "https://www.theleader.com.au/story/9362441/gymea-bay-baths-new-water-testing-to-reveal-pollution-source/", "EventCode": 1, "Tone": null}}, {"type": "Feature", "geometry": {"type": "Point", "coordinates": [151.083, -34.05]}, "properties": {"Title": "Gymea Bay Baths New Water Testing To Reveal Pollution Source", "SourceURL": "https://www.theleader.com.au/story/9362441/gymea-bay-baths-new-water-testing-to-reveal-pollution-source/", "EventCode": 1, "Tone": null}}, {"type": "Feature", "geometry": {"type": "Point", "coordinates": [3.05056, 36.7631]}, "properties": {"Title": "25000 Grant Brings Salad Bars To Five Northern Michigan Schools Manistee Oscoda", "SourceURL": "https://upnorthlive.com/news/local/25000-grant-brings-salad-bars-to-five-northern-michigan-schools-manistee-oscoda", "EventCode": 2, "Tone": null}}, {"type": "Feature", "geometry": {"type": "Point", "coordinates": [-86.3242, 44.2444]}, "properties": {"Title": "25000 Grant Brings Salad Bars To Five Northern Michigan Schools Manistee Oscoda", "SourceURL": "https://upnorthlive.com/news/local/25000-grant-brings-salad-bars-to-five-northern-michigan-schools-manistee-oscoda", "EventCode": 2, "Tone": null}}, {"type": "Feature", "geometry": {"type": "Point", "coordinates": [-78.2057, 37.768]}, "properties": {"Title": "Gov Spanberger Announces Nearly 13 Million In Scholarships And Incentives For Nursing Students", "SourceURL": "https://www.wsls.com/news/local/2026/10/08/gov-spanberger-announces-nearly-13-million-in-scholarships-and-incentives-for-nursing-students/", "EventCode": 2, "Tone": null}}, {"type": "Feature", "geometry": {"type": "Point", "coordinates": [-69.3977, 44.6074]}, "properties": {"Title": "Ai In Education", "SourceURL": "https://www.wamc.org/podcast/northeastnotebook/2026-10-08/ai-in-education", "EventCode": 2, "Tone": null}}, {"type": "Feature", "geometry": {"type": "Point", "coordinates": [18.05, 59.3333]}, "properties": {"Title": "Anne Carson Crash Course Nobel Prize 9.7373975", "SourceURL": "https://www.cbc.ca/books/anne-carson-crash-course-nobel-prize-9.7373975", "EventCode": 2, "Tone": null}}, {"type": "Feature", "geometry": {"type": "Point", "coordinates": [-111.854, 40.1135]}, "properties": {"Title": "Ruth Graff", "SourceURL": "https://www.heraldextra.com/obituaries/2026/oct/08/ruth-graff/", "EventCode": 3, "Tone": null}}, {"type": "Feature", "geometry": {"type": "Point", "coordinates": [-69.3977, 44.6074]}, "properties": {"Title": "Ai In Education", "SourceURL": "https://www.wamc.org/podcast/northeastnotebook/2026-10-08/ai-in-education", "EventCode": 3, "Tone": null}}, {"type": "Feature", "geometry": {"type": "Point", "coordinates": [-76.483, 42.447]}, "properties": {"Title": "Nyc College Students Leave Class To Rally In Support Of Cornell Universitys Jane Doe", "SourceURL": "https://www.nydailynews.com/2026/10/08/nyc-college-students-leave-class-to-rally-in-support-of-cornell-universitys-jane-doe/", "EventCode": 4, "Tone": null}}, {"type": "Feature", "geometry": {"type": "Point", "coordinates": [-76.483, 42.447]}, "properties": {"Title": "Nyc College Students Leave Class To Rally In Support Of Cornell Universitys Jane Doe", "SourceURL": "https://www.nydailynews.com/2026/10/08/nyc-college-students-leave-class-to-rally-in-support-of-cornell-universitys-jane-doe/", "EventCode": 4, "Tone": null}}, {"type": "Feature", "geometry": {"type": "Point", "coordinates": [138.6, -34.9333]}, "properties": {"Title": "Www.Indusage.Com.Au", "SourceURL": "https://www.indusage.com.au/?p=99607", "EventCode": 1, "Tone": null}}, {"type": "Feature", "geometry": {"type": "Point", "coordinates": [-93.214, 42.0046]}, "properties": {"Title": "Protect The Freedom To Read", "SourceURL": "https://www.gbtribune.com/news/life/protect-the-freedom-to-read/", "EventCode": 1, "Tone": null}}, {"type": "Feature", "geometry": {"type": "Point", "coordinates": [-86.7489, 35.7449]}, "properties": {"Title": "Protect The Freedom To Read", "SourceURL": "https://www.gbtribune.com/news/life/protect-the-freedom-to-read/", "EventCode": 2, "Tone": null}}, {"type": "Feature", "geometry": {"type": "Point", "coordinates": [-123.917, 49.15]}, "properties": {"Title": "Atlas Engineered Products Ltd Completes Installation Of Robotic Roof Truss Mfg Line 322014", "SourceURL": "https://www.canadianmanufacturing.com/manufacturing/atlas-engineered-products-ltd-completes-installation-of-robotic-roof-truss-mfg-line-322014/", "EventCode": 1, "Tone": null}}, {"type": "Feature", "geometry": {"type": "Point", "coordinates": [-123.917, 49.15]}, "properties": {"Title": "Atlas Engineered Products Ltd Completes Installation Of Robotic Roof Truss Mfg Line 322014", "SourceURL": "https://www.canadianmanufacturing.com/manufacturing/atlas-engineered-products-ltd-completes-installation-of-robotic-roof-truss-mfg-line-322014/", "EventCode": 1, "Tone": null}}, {"type": "Feature", "geometry": {"type": "Point", "coordinates": [151.217, -33.8833]}, "properties": {"Title": "107237652", "SourceURL": "https://www.abc.net.au/news/2026-10-09/woman-represents-herself-wins-damages-child-sex-abuse/107237652", "EventCode": 1, "Tone": null}}, {"type": "Feature", "geometry": {"type": "Point", "coordinates": [151.217, -33.8833]}, "properties": {"Title": "107237652", "SourceURL": "https://www.abc.net.au/news/2026-10-09/woman-represents-herself-wins-damages-child-sex-abuse/107237652", "EventCode": 3, "Tone": null}}, {"type": "Feature", "geometry": {"type": "Point", "coordinates": [-123.917, 49.15]}, "properties": {"Title": "Atlas Engineered Products Ltd Completes Installation Of Robotic Roof Truss Mfg Line 322014", "SourceURL": "https://www.canadianmanufacturing.com/manufacturing/atlas-engineered-products-ltd-completes-installation-of-robotic-roof-truss-mfg-line-322014/", "EventCode": 1, "Tone": null}}, {"type": "Feature", "geometry": {"type": "Point", "coordinates": [-123.917, 49.15]}, "properties": {"Title": "Atlas Engineered Products Ltd Completes Installation Of Robotic Roof Truss Mfg Line 322014", "SourceURL": "https://www.canadianmanufacturing.com/manufacturing/atlas-engineered-products-ltd-completes-installation-of-robotic-roof-truss-mfg-line-322014/", "EventCode": 1, "Tone": null}}, {"type": "Feature", "geometry": {"type": "Point", "coordinates": [-73.9613, 40.809]}, "properties": {"Title": "Nyc College Students Leave Class To Rally In Support Of Cornell Universitys Jane Doe", "SourceURL": "https://www.nydailynews.com/2026/10/08/nyc-college-students-leave-class-to-rally-in-support-of-cornell-universitys-jane-doe/", "EventCode": 1, "Tone": null}}, {"type": "Feature", "geometry": {"type": "Point", "coordinates": [138.6, -34.9333]}, "properties": {"Title": "Www.Indusage.Com.Au", "SourceURL": "https://www.indusage.com.au/?p=99607", "EventCode": 3, "Tone": null}}, {"type": "Feature", "geometry": {"type": "Point", "coordinates": [-98.5795, 39.828175]}, "properties": {"Title": "Article 1F850D9F 8B7B 43D9 8F81 167A3F2E8Bf6", "SourceURL": "https://www.redandblack.com/uganews/uga-student-organizations-host-commemoration-events-for-anniversary-of-oct-7/article_1f850d9f-8b7b-43d9-8f81-167a3f2e8bf6.html", "EventCode": 1, "Tone": null}}, {"type": "Feature", "geometry": {"type": "Point", "coordinates": [35.2333, 31.7667]}, "properties": {"Title": "Article 1F850D9F 8B7B 43D9 8F81 167A3F2E8Bf6", "SourceURL": "https://www.redandblack.com/uganews/uga-student-organizations-host-commemoration-events-for-anniversary-of-oct-7/article_1f850d9f-8b7b-43d9-8f81-167a3f2e8bf6.html", "EventCode": 3, "Tone": null}}, {"type": "Feature", "geometry": {"type": "Point", "coordinates": [-75.3057, 40.0118]}, "properties": {"Title": "Haverford Professor Charged Alleged Heinous Antisemitic Online Attacks Barred Campus", "SourceURL": "https://www.foxnews.com/media/haverford-professor-charged-alleged-heinous-antisemitic-online-attacks-barred-campus", "EventCode": 4, "Tone": null}}, {"type": "Feature", "geometry": {"type": "Point", "coordinates": [-74.0029, 40.7143]}, "properties": {"Title": "Nyc College Students Leave Class To Rally In Support Of Cornell Universitys Jane Doe", "SourceURL": "https://www.nydailynews.com/2026/10/08/nyc-college-students-leave-class-to-rally-in-support-of-cornell-universitys-jane-doe/", "EventCode": 1, "Tone": null}}, {"type": "Feature", "geometry": {"type": "Point", "coordinates": [-73.9613, 40.809]}, "properties": {"Title": "Nyc College Students Leave Class To Rally In Support Of Cornell Universitys Jane Doe", "SourceURL": "https://www.nydailynews.com/2026/10/08/nyc-college-students-leave-class-to-rally-in-support-of-cornell-universitys-jane-doe/", "EventCode": 1, "Tone": null}}, {"type": "Feature", "geometry": {"type": "Point", "coordinates": [-74.9384, 42.1497]}, "properties": {"Title": "Nyc College Students Leave Class To Rally In Support Of Cornell Universitys Jane Doe", "SourceURL": "https://www.nydailynews.com/2026/10/08/nyc-college-students-leave-class-to-rally-in-support-of-cornell-universitys-jane-doe/", "EventCode": 1, "Tone": null}}, {"type": "Feature", "geometry": {"type": "Point", "coordinates": [-73.9613, 40.809]}, "properties": {"Title": "Nyc College Students Leave Class To Rally In Support Of Cornell Universitys Jane Doe", "SourceURL": "https://www.nydailynews.com/2026/10/08/nyc-college-students-leave-class-to-rally-in-support-of-cornell-universitys-jane-doe/", "EventCode": 3, "Tone": null}}, {"type": "Feature", "geometry": {"type": "Point", "coordinates": [-73.9613, 40.809]}, "properties": {"Title": "Nyc College Students Leave Class To Rally In Support Of Cornell Universitys Jane Doe", "SourceURL": "https://www.nydailynews.com/2026/10/08/nyc-college-students-leave-class-to-rally-in-support-of-cornell-universitys-jane-doe/", "EventCode": 3, "Tone": null}}, {"type": "Feature", "geometry": {"type": "Point", "coordinates": [-76.483, 42.447]}, "properties": {"Title": "Cornell 7 Suspect Gillio Lopes Letitia James Probe Prejudging Case", "SourceURL": "https://radaronline.com/p/cornell-7-suspect-gillio-lopes-letitia-james-probe-prejudging-case/", "EventCode": 3, "Tone": null}}, {"type": "Feature", "geometry": {"type": "Point", "coordinates": [-72.7093, 44.0407]}, "properties": {"Title": "4931958", "SourceURL": "https://www.reformer.com/local-news/vermont-supreme-court-sides-with-school-board-on-principal-firing/4931958", "EventCode": 1, "Tone": null}}, {"type": "Feature", "geometry": {"type": "Point", "coordinates": [-111.854, 40.1135]}, "properties": {"Title": "Ruth Graff", "SourceURL": "https://www.heraldextra.com/obituaries/2026/oct/08/ruth-graff/", "EventCode": 3, "Tone": null}}, {"type": "Feature", "geometry": {"type": "Point", "coordinates": [-75.3057, 40.0118]}, "properties": {"Title": "Haverford Professor Charged Alleged Heinous Antisemitic Online Attacks Barred Campus", "SourceURL": "https://www.foxnews.com/media/haverford-professor-charged-alleged-heinous-antisemitic-online-attacks-barred-campus", "EventCode": 1, "Tone": null}}, {"type": "Feature", "geometry": {"type": "Point", "coordinates": [-74.9384, 42.1497]}, "properties": {"Title": "Nyc College Students Leave Class To Rally In Support Of Cornell Universitys Jane Doe", "SourceURL": "https://www.nydailynews.com/2026/10/08/nyc-college-students-leave-class-to-rally-in-support-of-cornell-universitys-jane-doe/", "EventCode": 1, "Tone": null}}, {"type": "Feature", "geometry": {"type": "Point", "coordinates": [-69.3977, 44.6074]}, "properties": {"Title": "Ai In Education", "SourceURL": "https://www.wamc.org/podcast/northeastnotebook/2026-10-08/ai-in-education", "EventCode": 1, "Tone": null}}, {"type": "Feature", "geometry": {"type": "Point", "coordinates": [-74.9384, 42.1497]}, "properties": {"Title": "Ai In Education", "SourceURL": "https://www.wamc.org/podcast/northeastnotebook/2026-10-08/ai-in-education", "EventCode": 1, "Tone": null}}, {"type": "Feature", "geometry": {"type": "Point", "coordinates": [-93.214, 42.0046]}, "properties": {"Title": "Protect The Freedom To Read", "SourceURL": "https://www.gbtribune.com/news/life/protect-the-freedom-to-read/", "EventCode": 1, "Tone": null}}, {"type": "Feature", "geometry": {"type": "Point", "coordinates": [-74.9384, 42.1497]}, "properties": {"Title": "Nyc College Students Leave Class To Rally In Support Of Cornell Universitys Jane Doe", "SourceURL": "https://www.nydailynews.com/2026/10/08/nyc-college-students-leave-class-to-rally-in-support-of-cornell-universitys-jane-doe/", "EventCode": 1, "Tone": null}}, {"type": "Feature", "geometry": {"type": "Point", "coordinates": [-74.9384, 42.1497]}, "properties": {"Title": "Cornell 7 Suspect Gillio Lopes Letitia James Probe Prejudging Case", "SourceURL": "https://radaronline.com/p/cornell-7-suspect-gillio-lopes-letitia-james-probe-prejudging-case/", "EventCode": 1, "Tone": null}}, {"type": "Feature", "geometry": {"type": "Point", "coordinates": [-75.971, 43.0484]}, "properties": {"Title": "Ai Human Connection Forest Walks 12443076", "SourceURL": "https://www.newsweek.com/ai-human-connection-forest-walks-12443076", "EventCode": 1, "Tone": null}}, {"type": "Feature", "geometry": {"type": "Point", "coordinates": [-86.7489, 35.7449]}, "properties": {"Title": "Protect The Freedom To Read", "SourceURL": "https://www.gbtribune.com/news/life/protect-the-freedom-to-read/", "EventCode": 2, "Tone": null}}, {"type": "Feature", "geometry": {"type": "Point", "coordinates": [3.05056, 36.7631]}, "properties": {"Title": "25000 Grant Brings Salad Bars To Five Northern Michigan Schools Manistee Oscoda", "SourceURL": "https://upnorthlive.com/news/local/25000-grant-brings-salad-bars-to-five-northern-michigan-schools-manistee-oscoda", "EventCode": 2, "Tone": null}}, {"type": "Feature", "geometry": {"type": "Point", "coordinates": [-86.3242, 44.2444]}, "properties": {"Title": "25000 Grant Brings Salad Bars To Five Northern Michigan Schools Manistee Oscoda", "SourceURL": "https://upnorthlive.com/news/local/25000-grant-brings-salad-bars-to-five-northern-michigan-schools-manistee-oscoda", "EventCode": 2, "Tone": null}}, {"type": "Feature", "geometry": {"type": "Point", "coordinates": [-74.9384, 42.1497]}, "properties": {"Title": "Cornell 7 Suspect Gillio Lopes Letitia James Probe Prejudging Case", "SourceURL": "https://radaronline.com/p/cornell-7-suspect-gillio-lopes-letitia-james-probe-prejudging-case/", "EventCode": 3, "Tone": null}}, {"type": "Feature", "geometry": {"type": "Point", "coordinates": [-75.971, 43.0484]}, "properties": {"Title": "Ai Human Connection Forest Walks 12443076", "SourceURL": "https://www.newsweek.com/ai-human-connection-forest-walks-12443076", "EventCode": 3, "Tone": null}}, {"type": "Feature", "geometry": {"type": "Point", "coordinates": [-74.9384, 42.1497]}, "properties": {"Title": "Ai Human Connection Forest Walks 12443076", "SourceURL": "https://www.newsweek.com/ai-human-connection-forest-walks-12443076", "EventCode": 3, "Tone": null}}, {"type": "Feature", "geometry": {"type": "Point", "coordinates": [-111.854, 40.1135]}, "properties": {"Title": "Ruth Graff", "SourceURL": "https://www.heraldextra.com/obituaries/2026/oct/08/ruth-graff/", "EventCode": 3, "Tone": null}}, {"type": "Feature", "geometry": {"type": "Point", "coordinates": [-86.3242, 44.2444]}, "properties": {"Title": "25000 Grant Brings Salad Bars To Five Northern Michigan Schools Manistee Oscoda", "SourceURL": "https://upnorthlive.com/news/local/25000-grant-brings-salad-bars-to-five-northern-michigan-schools-manistee-oscoda", "EventCode": 4, "Tone": null}}, {"type": "Feature", "geometry": {"type": "Point", "coordinates": [-73.9613, 40.809]}, "properties": {"Title": "Nyc College Students Leave Class To Rally In Support Of Cornell Universitys Jane Doe", "SourceURL": "https://www.nydailynews.com/2026/10/08/nyc-college-students-leave-class-to-rally-in-support-of-cornell-universitys-jane-doe/", "EventCode": 1, "Tone": null}}, {"type": "Feature", "geometry": {"type": "Point", "coordinates": [-73.9613, 40.809]}, "properties": {"Title": "Nyc College Students Leave Class To Rally In Support Of Cornell Universitys Jane Doe", "SourceURL": "https://www.nydailynews.com/2026/10/08/nyc-college-students-leave-class-to-rally-in-support-of-cornell-universitys-jane-doe/", "EventCode": 1, "Tone": null}}, {"type": "Feature", "geometry": {"type": "Point", "coordinates": [-73.9613, 40.809]}, "properties": {"Title": "Nyc College Students Leave Class To Rally In Support Of Cornell Universitys Jane Doe", "SourceURL": "https://www.nydailynews.com/2026/10/08/nyc-college-students-leave-class-to-rally-in-support-of-cornell-universitys-jane-doe/", "EventCode": 1, "Tone": null}}, {"type": "Feature", "geometry": {"type": "Point", "coordinates": [-73.9613, 40.809]}, "properties": {"Title": "Nyc College Students Leave Class To Rally In Support Of Cornell Universitys Jane Doe", "SourceURL": "https://www.nydailynews.com/2026/10/08/nyc-college-students-leave-class-to-rally-in-support-of-cornell-universitys-jane-doe/", "EventCode": 1, "Tone": null}}, {"type": "Feature", "geometry": {"type": "Point", "coordinates": [-89.6385, 44.2563]}, "properties": {"Title": "Nyc College Students Leave Class To Rally In Support Of Cornell Universitys Jane Doe", "SourceURL": "https://www.nydailynews.com/2026/10/08/nyc-college-students-leave-class-to-rally-in-support-of-cornell-universitys-jane-doe/", "EventCode": 1, "Tone": null}}, {"type": "Feature", "geometry": {"type": "Point", "coordinates": [-89.6385, 44.2563]}, "properties": {"Title": "Nyc College Students Leave Class To Rally In Support Of Cornell Universitys Jane Doe", "SourceURL": "https://www.nydailynews.com/2026/10/08/nyc-college-students-leave-class-to-rally-in-support-of-cornell-universitys-jane-doe/", "EventCode": 1, "Tone": null}}, {"type": "Feature", "geometry": {"type": "Point", "coordinates": [34.75, 31.5]}, "properties": {"Title": "Haverford Professor Charged Alleged Heinous Antisemitic Online Attacks Barred Campus", "SourceURL": "https://www.foxnews.com/media/haverford-professor-charged-alleged-heinous-antisemitic-online-attacks-barred-campus", "EventCode": 4, "Tone": null}}, {"type": "Feature", "geometry": {"type": "Point", "coordinates": [-89.6385, 44.2563]}, "properties": {"Title": "Nyc College Students Leave Class To Rally In Support Of Cornell Universitys Jane Doe", "SourceURL": "https://www.nydailynews.com/2026/10/08/nyc-college-students-leave-class-to-rally-in-support-of-cornell-universitys-jane-doe/", "EventCode": 1, "Tone": null}}, {"type": "Feature", "geometry": {"type": "Point", "coordinates": [-75.3057, 40.0118]}, "properties": {"Title": "Haverford Professor Charged Alleged Heinous Antisemitic Online Attacks Barred Campus", "SourceURL": "https://www.foxnews.com/media/haverford-professor-charged-alleged-heinous-antisemitic-online-attacks-barred-campus", "EventCode": 1, "Tone": null}}, {"type": "Feature", "geometry": {"type": "Point", "coordinates": [29.9192, 31.1981]}, "properties": {"Title": "Alexandria Man Faces Multiple Charges In Plastic Gun Incident", "SourceURL": "https://www.echopress.com/news/local/alexandria-man-faces-multiple-charges-in-plastic-gun-incident", "EventCode": 4, "Tone": null}}, {"type": "Feature", "geometry": {"type": "Point", "coordinates": [-71.2328, 42.0126]}, "properties": {"Title": "Oteil Burbridge Dead Co Allman Brothers", "SourceURL": "https://www.boston.com/culture/music/2026/10/08/oteil-burbridge-dead-co-allman-brothers/", "EventCode": 1, "Tone": null}}, {"type": "Feature", "geometry": {"type": "Point", "coordinates": [30.0, 27.0]}, "properties": {"Title": "Oteil Burbridge Dead Co Allman Brothers", "SourceURL": "https://www.boston.com/culture/music/2026/10/08/oteil-burbridge-dead-co-allman-brothers/", "EventCode": 1, "Tone": null}}, {"type": "Feature", "geometry": {"type": "Point", "coordinates": [-72.7093, 44.0407]}, "properties": {"Title": "Oteil Burbridge Dead Co Allman Brothers", "SourceURL": "https://www.boston.com/culture/music/2026/10/08/oteil-burbridge-dead-co-allman-brothers/", "EventCode": 4, "Tone": null}}, {"type": "Feature", "geometry": {"type": "Point", "coordinates": [-72.7093, 44.0407]}, "properties": {"Title": "Oteil Burbridge Dead Co Allman Brothers", "SourceURL": "https://www.boston.com/culture/music/2026/10/08/oteil-burbridge-dead-co-allman-brothers/", "EventCode": 4, "Tone": null}}, {"type": "Feature", "geometry": {"type": "Point", "coordinates": [138.0, 36.0]}, "properties": {"Title": "134800502.Cms", "SourceURL": "https://timesofindia.indiatimes.com/entertainment/hindi/bollywood/news/with-street-fighter-i-finally-got-to-play-myself-on-screen-vidyut-jammwal/articleshow/134800502.cms", "EventCode": 1, "Tone": null}}, {"type": "Feature", "geometry": {"type": "Point", "coordinates": [-4.0, 40.0]}, "properties": {"Title": "Joe Manganiello Accuses Sophia Vergara Refusing Hug Him Illness", "SourceURL": "https://radaronline.com/p/joe-manganiello-accuses-sophia-vergara-refusing-hug-him-illness/", "EventCode": 1, "Tone": null}}, {"type": "Feature", "geometry": {"type": "Point", "coordinates": [-122.419, 37.7749]}, "properties": {"Title": "Hoon Lee East Of Eden Interview", "SourceURL": "https://www.esquire.com/entertainment/tv/a74070315/hoon-lee-east-of-eden-interview/", "EventCode": 2, "Tone": null}}, {"type": "Feature", "geometry": {"type": "Point", "coordinates": [-102.0, 23.0]}, "properties": {"Title": "Michael Douglas Hollywood Death Threats Revealed Memoir", "SourceURL": "https://radaronline.com/p/michael-douglas-hollywood-death-threats-revealed-memoir/", "EventCode": 2, "Tone": null}}, {"type": "Feature", "geometry": {"type": "Point", "coordinates": [73.8667, 18.5333]}, "properties": {"Title": "134800223.Cms", "SourceURL": "https://timesofindia.indiatimes.com/entertainment/hindi/bollywood/news/nana-patekars-son-malhar-reveals-why-actors-last-rites-were-held-on-thursday-night/articleshow/134800223.cms", "EventCode": 1, "Tone": null}}, {"type": "Feature", "geometry": {"type": "Point", "coordinates": [74.7833, 13.35]}, "properties": {"Title": "134800223.Cms", "SourceURL": "https://timesofindia.indiatimes.com/entertainment/hindi/bollywood/news/nana-patekars-son-malhar-reveals-why-actors-last-rites-were-held-on-thursday-night/articleshow/134800223.cms", "EventCode": 1, "Tone": null}}, {"type": "Feature", "geometry": {"type": "Point", "coordinates": [73.8667, 18.5333]}, "properties": {"Title": "134800223.Cms", "SourceURL": "https://timesofindia.indiatimes.com/entertainment/hindi/bollywood/news/nana-patekars-son-malhar-reveals-why-actors-last-rites-were-held-on-thursday-night/articleshow/134800223.cms", "EventCode": 1, "Tone": null}}, {"type": "Feature", "geometry": {"type": "Point", "coordinates": [-102.0, 23.0]}, "properties": {"Title": "Michael Douglas Hollywood Death Threats Revealed Memoir", "SourceURL": "https://radaronline.com/p/michael-douglas-hollywood-death-threats-revealed-memoir/", "EventCode": 1, "Tone": null}}, {"type": "Feature", "geometry": {"type": "Point", "coordinates": [-122.419, 37.7749]}, "properties": {"Title": "Hoon Lee East Of Eden Interview", "SourceURL": "https://www.esquire.com/entertainment/tv/a74070315/hoon-lee-east-of-eden-interview/", "EventCode": 1, "Tone": null}}, {"type": "Feature", "geometry": {"type": "Point", "coordinates": [-118.327, 34.0983]}, "properties": {"Title": "Michael Douglas Hollywood Death Threats Revealed Memoir", "SourceURL": "https://radaronline.com/p/michael-douglas-hollywood-death-threats-revealed-memoir/", "EventCode": 1, "Tone": null}}, {"type": "Feature", "geometry": {"type": "Point", "coordinates": [-122.419, 37.7749]}, "properties": {"Title": "Michael Douglas Hollywood Death Threats Revealed Memoir", "SourceURL": "https://radaronline.com/p/michael-douglas-hollywood-death-threats-revealed-memoir/", "EventCode": 1, "Tone": null}}, {"type": "Feature", "geometry": {"type": "Point", "coordinates": [-122.419, 37.7749]}, "properties": {"Title": "Hoon Lee East Of Eden Interview", "SourceURL": "https://www.esquire.com/entertainment/tv/a74070315/hoon-lee-east-of-eden-interview/", "EventCode": 2, "Tone": null}}, {"type": "Feature", "geometry": {"type": "Point", "coordinates": [-118.327, 34.0983]}, "properties": {"Title": "Michael Douglas Hollywood Death Threats Revealed Memoir", "SourceURL": "https://radaronline.com/p/michael-douglas-hollywood-death-threats-revealed-memoir/", "EventCode": 2, "Tone": null}}, {"type": "Feature", "geometry": {"type": "Point", "coordinates": [-102.0, 23.0]}, "properties": {"Title": "Michael Douglas Hollywood Death Threats Revealed Memoir", "SourceURL": "https://radaronline.com/p/michael-douglas-hollywood-death-threats-revealed-memoir/", "EventCode": 2, "Tone": null}}, {"type": "Feature", "geometry": {"type": "Point", "coordinates": [122.345, 0.5259]}, "properties": {"Title": "134795327.Cms", "SourceURL": "https://economictimes.indiatimes.com/world/us/conservationists-are-trying-to-save-this-endangered-bird-but-their-efforts-may-be-producing-too-many-males/articleshow/134795327.cms", "EventCode": 3, "Tone": null}}, {"type": "Feature", "geometry": {"type": "Point", "coordinates": [-4.0, 40.0]}, "properties": {"Title": "Joe Manganiello Accuses Sophia Vergara Refusing Hug Him Illness", "SourceURL": "https://radaronline.com/p/joe-manganiello-accuses-sophia-vergara-refusing-hug-him-illness/", "EventCode": 3, "Tone": null}}, {"type": "Feature", "geometry": {"type": "Point", "coordinates": [-4.0, 40.0]}, "properties": {"Title": "Joe Manganiello Accuses Sophia Vergara Refusing Hug Him Illness", "SourceURL": "https://radaronline.com/p/joe-manganiello-accuses-sophia-vergara-refusing-hug-him-illness/", "EventCode": 4, "Tone": null}}, {"type": "Feature", "geometry": {"type": "Point", "coordinates": [23.7333, 37.9833]}, "properties": {"Title": "Dirty Chai Goes To Hopscotch Organically Programmed Day 3", "SourceURL": "https://wknc.org/2026/10/08/dirty-chai-goes-to-hopscotch-organically-programmed-day-3/", "EventCode": 1, "Tone": null}}, {"type": "Feature", "geometry": {"type": "Point", "coordinates": [2.0, 46.0]}, "properties": {"Title": "Dirty Chai Goes To Hopscotch Organically Programmed Day 3", "SourceURL": "https://wknc.org/2026/10/08/dirty-chai-goes-to-hopscotch-organically-programmed-day-3/", "EventCode": 1, "Tone": null}}, {"type": "Feature", "geometry": {"type": "Point", "coordinates": [2.33333, 48.8667]}, "properties": {"Title": "Emma Stone Rumored Plastic Surgery Tweaks Cosmetic 2026", "SourceURL": "https://www.dailymail.com/lifestyle/beauty/article-16193823/emma-stone-rumored-plastic-surgery-tweaks-cosmetic-2026.html", "EventCode": 1, "Tone": null}}, {"type": "Feature", "geometry": {"type": "Point", "coordinates": [-98.5795, 39.828175]}, "properties": {"Title": "15 Flattering Short Haircuts Round 194000000", "SourceURL": "https://www.aol.com/articles/15-flattering-short-haircuts-round-194000000.html", "EventCode": 1, "Tone": null}}, {"type": "Feature", "geometry": {"type": "Point", "coordinates": [-98.5795, 39.828175]}, "properties": {"Title": "15 Flattering Short Haircuts Round 194000000", "SourceURL": "https://www.aol.com/articles/15-flattering-short-haircuts-round-194000000.html", "EventCode": 1, "Tone": null}}, {"type": "Feature", "geometry": {"type": "Point", "coordinates": [12.833333, 42.833333]}, "properties": {"Title": "Manchester City Working On 2027 Deal For Michael Kayode Arsenal Liverpool Also Keen", "SourceURL": "https://thehardtackle.com/transfer-news/2026/10/08/manchester-city-working-on-2027-deal-for-michael-kayode-arsenal-liverpool-also-keen/", "EventCode": 1, "Tone": null}}, {"type": "Feature", "geometry": {"type": "Point", "coordinates": [-8.0, 39.5]}, "properties": {"Title": "Bruno Fernandes Contract Talks With Manchester United Held By One Key Issue", "SourceURL": "https://thehardtackle.com/transfer-news/2026/10/08/bruno-fernandes-contract-talks-with-manchester-united-held-by-one-key-issue/", "EventCode": 1, "Tone": null}}, {"type": "Feature", "geometry": {"type": "Point", "coordinates": [-8.0, 39.5]}, "properties": {"Title": "Bruno Fernandes Contract Talks With Manchester United Held By One Key Issue", "SourceURL": "https://thehardtackle.com/transfer-news/2026/10/08/bruno-fernandes-contract-talks-with-manchester-united-held-by-one-key-issue/", "EventCode": 1, "Tone": null}}, {"type": "Feature", "geometry": {"type": "Point", "coordinates": [-8.0, 39.5]}, "properties": {"Title": "Bruno Fernandes Contract Talks With Manchester United Held By One Key Issue", "SourceURL": "https://thehardtackle.com/transfer-news/2026/10/08/bruno-fernandes-contract-talks-with-manchester-united-held-by-one-key-issue/", "EventCode": 1, "Tone": null}}, {"type": "Feature", "geometry": {"type": "Point", "coordinates": [25.0, 57.0]}, "properties": {"Title": "Latvian Men Accused Of Spying After Allegedly Breaking Into Uk Airbase Used By Us Nato 6101304", "SourceURL": "https://www.theepochtimes.com/world/latvian-men-accused-of-spying-after-allegedly-breaking-into-uk-airbase-used-by-us-nato-6101304", "EventCode": 2, "Tone": null}}, {"type": "Feature", "geometry": {"type": "Point", "coordinates": [12.5833, 55.6667]}, "properties": {"Title": "Kombucha Booming But Still Kombucha 12530576", "SourceURL": "https://www.newsweek.com/kombucha-booming-but-still-kombucha-12530576", "EventCode": 1, "Tone": null}}, {"type": "Feature", "geometry": {"type": "Point", "coordinates": [36.0, 31.0]}, "properties": {"Title": "Jordan Supports Uk In Its Decision To Keep Diplomatic Mission Open In East Jerusalem 3005370", "SourceURL": "https://www.arabnews.com/middle-east/jordan-supports-uk-in-its-decision-to-keep-diplomatic-mission-open-in-east-jerusalem-3005370", "EventCode": 1, "Tone": null}}, {"type": "Feature", "geometry": {"type": "Point", "coordinates": [-1.78333, 51.7]}, "properties": {"Title": "Latvian Men Accused Of Spying After Allegedly Breaking Into Uk Airbase Used By Us Nato 6101304", "SourceURL": "https://www.theepochtimes.com/world/latvian-men-accused-of-spying-after-allegedly-breaking-into-uk-airbase-used-by-us-nato-6101304", "EventCode": 4, "Tone": null}}, {"type": "Feature", "geometry": {"type": "Point", "coordinates": [-1.78333, 51.7]}, "properties": {"Title": "Latvian Men Accused Of Spying After Allegedly Breaking Into Uk Airbase Used By Us Nato 6101304", "SourceURL": "https://www.theepochtimes.com/world/latvian-men-accused-of-spying-after-allegedly-breaking-into-uk-airbase-used-by-us-nato-6101304", "EventCode": 4, "Tone": null}}, {"type": "Feature", "geometry": {"type": "Point", "coordinates": [36.0, 31.0]}, "properties": {"Title": "Alabama Judge Resets Damien Mcdaniel Trial Date 2027 Five Points South Mass Shooting Jordan Melton", "SourceURL": "https://abc3340.com/news/local/alabama-judge-resets-damien-mcdaniel-trial-date-2027-five-points-south-mass-shooting-jordan-melton", "EventCode": 3, "Tone": null}}, {"type": "Feature", "geometry": {"type": "Point", "coordinates": [36.0, 31.0]}, "properties": {"Title": "Alabama Judge Resets Damien Mcdaniel Trial Date 2027 Five Points South Mass Shooting Jordan Melton", "SourceURL": "https://abc3340.com/news/local/alabama-judge-resets-damien-mcdaniel-trial-date-2027-five-points-south-mass-shooting-jordan-melton", "EventCode": 4, "Tone": null}}, {"type": "Feature", "geometry": {"type": "Point", "coordinates": [36.0, 31.0]}, "properties": {"Title": "Alabama Judge Resets Damien Mcdaniel Trial Date 2027 Five Points South Mass Shooting Jordan Melton", "SourceURL": "https://abc3340.com/news/local/alabama-judge-resets-damien-mcdaniel-trial-date-2027-five-points-south-mass-shooting-jordan-melton", "EventCode": 4, "Tone": null}}, {"type": "Feature", "geometry": {"type": "Point", "coordinates": [36.0, 31.0]}, "properties": {"Title": "Alabama Judge Resets Damien Mcdaniel Trial Date 2027 Five Points South Mass Shooting Jordan Melton", "SourceURL": "https://abc3340.com/news/local/alabama-judge-resets-damien-mcdaniel-trial-date-2027-five-points-south-mass-shooting-jordan-melton", "EventCode": 4, "Tone": null}}, {"type": "Feature", "geometry": {"type": "Point", "coordinates": [36.0, 31.0]}, "properties": {"Title": "Alabama Judge Resets Damien Mcdaniel Trial Date 2027 Five Points South Mass Shooting Jordan Melton", "SourceURL": "https://abc3340.com/news/local/alabama-judge-resets-damien-mcdaniel-trial-date-2027-five-points-south-mass-shooting-jordan-melton", "EventCode": 3, "Tone": null}}, {"type": "Feature", "geometry": {"type": "Point", "coordinates": [36.0, 31.0]}, "properties": {"Title": "Alabama Judge Resets Damien Mcdaniel Trial Date 2027 Five Points South Mass Shooting Jordan Melton", "SourceURL": "https://abc3340.com/news/local/alabama-judge-resets-damien-mcdaniel-trial-date-2027-five-points-south-mass-shooting-jordan-melton", "EventCode": 4, "Tone": null}}, {"type": "Feature", "geometry": {"type": "Point", "coordinates": [36.0, 31.0]}, "properties": {"Title": "Alabama Judge Resets Damien Mcdaniel Trial Date 2027 Five Points South Mass Shooting Jordan Melton", "SourceURL": "https://abc3340.com/news/local/alabama-judge-resets-damien-mcdaniel-trial-date-2027-five-points-south-mass-shooting-jordan-melton", "EventCode": 4, "Tone": null}}, {"type": "Feature", "geometry": {"type": "Point", "coordinates": [36.0, 31.0]}, "properties": {"Title": "Alabama Judge Resets Damien Mcdaniel Trial Date 2027 Five Points South Mass Shooting Jordan Melton", "SourceURL": "https://abc3340.com/news/local/alabama-judge-resets-damien-mcdaniel-trial-date-2027-five-points-south-mass-shooting-jordan-melton", "EventCode": 4, "Tone": null}}, {"type": "Feature", "geometry": {"type": "Point", "coordinates": [-8.0, 39.5]}, "properties": {"Title": "Bruno Fernandes Contract Talks With Manchester United Held By One Key Issue", "SourceURL": "https://thehardtackle.com/transfer-news/2026/10/08/bruno-fernandes-contract-talks-with-manchester-united-held-by-one-key-issue/", "EventCode": 1, "Tone": null}}, {"type": "Feature", "geometry": {"type": "Point", "coordinates": [-73.9379, 41.6373]}, "properties": {"Title": "Nyc Truck Fleets New Turning Alerts Proper British Accent", "SourceURL": "https://www.nydailynews.com/2026/10/08/nyc-truck-fleets-new-turning-alerts-proper-british-accent/", "EventCode": 1, "Tone": null}}, {"type": "Feature", "geometry": {"type": "Point", "coordinates": [-1.78333, 51.7]}, "properties": {"Title": "Latvian Men Accused Of Spying After Allegedly Breaking Into Uk Airbase Used By Us Nato 6101304", "SourceURL": "https://www.theepochtimes.com/world/latvian-men-accused-of-spying-after-allegedly-breaking-into-uk-airbase-used-by-us-nato-6101304", "EventCode": 1, "Tone": null}}, {"type": "Feature", "geometry": {"type": "Point", "coordinates": [-0.116667, 51.5]}, "properties": {"Title": "Latvian Men Accused Of Spying After Allegedly Breaking Into Uk Airbase Used By Us Nato 6101304", "SourceURL": "https://www.theepochtimes.com/world/latvian-men-accused-of-spying-after-allegedly-breaking-into-uk-airbase-used-by-us-nato-6101304", "EventCode": 1, "Tone": null}}, {"type": "Feature", "geometry": {"type": "Point", "coordinates": [-6.68139, 53.6528]}, "properties": {"Title": "John Horan Gaa Integration Camogie Lgfa 7187566 Oct2026", "SourceURL": "https://www.the42.ie/john-horan-gaa-integration-camogie-lgfa-7187566-Oct2026/", "EventCode": 1, "Tone": null}}, {"type": "Feature", "geometry": {"type": "Point", "coordinates": [-73.5833, 45.5]}, "properties": {"Title": "Montreal Warming Centres Unhoused People Winter", "SourceURL": "https://montrealgazette.com/news/local-politics/montreal-warming-centres-unhoused-people-winter/", "EventCode": 1, "Tone": null}}, {"type": "Feature", "geometry": {"type": "Point", "coordinates": [-82.4, 42.9667]}, "properties": {"Title": "Qa With Sarnias Mayoral Candidates", "SourceURL": "https://www.theobserver.ca/news/qa-with-sarnias-mayoral-candidates/", "EventCode": 1, "Tone": null}}, {"type": "Feature", "geometry": {"type": "Point", "coordinates": [-122.159, 38.0494]}, "properties": {"Title": "Bay Area Property Owners Speak Out Against Proposed Gas Water Heater Ban", "SourceURL": "https://www.timesheraldonline.com/2026/10/08/bay-area-property-owners-speak-out-against-proposed-gas-water-heater-ban/", "EventCode": 1, "Tone": null}}, {"type": "Feature", "geometry": {"type": "Point", "coordinates": [-6.54139, 53.9486]}, "properties": {"Title": "John Horan Gaa Integration Camogie Lgfa 7187566 Oct2026", "SourceURL": "https://www.the42.ie/john-horan-gaa-integration-camogie-lgfa-7187566-Oct2026/", "EventCode": 1, "Tone": null}}, {"type": "Feature", "geometry": {"type": "Point", "coordinates": [77.5833, 12.9833]}, "properties": {"Title": "Bel Gosuraksha Partner On Sovereign Digital Identity Platform", "SourceURL": "https://www.biometricupdate.com/202610/bel-gosuraksha-partner-on-sovereign-digital-identity-platform", "EventCode": 1, "Tone": null}}, {"type": "Feature", "geometry": {"type": "Point", "coordinates": [103.758, 1.4655]}, "properties": {"Title": "Mydigitalin Coursera Ai Skills Development Tie Up", "SourceURL": "https://www.thestar.com.my/business/business-news/2026/10/09/mydigitalin-coursera-ai-skills-development-tie-up", "EventCode": 2, "Tone": null}}, {"type": "Feature", "geometry": {"type": "Point", "coordinates": [-76.2852, 36.8468]}, "properties": {"Title": "Some Negotiations Between Sentara And Anthem End In Failure Norfolk System Says", "SourceURL": "https://www.pilotonline.com/2026/10/08/some-negotiations-between-sentara-and-anthem-end-in-failure-norfolk-system-says/", "EventCode": 2, "Tone": null}}, {"type": "Feature", "geometry": {"type": "Point", "coordinates": [135.0, -25.0]}, "properties": {"Title": "107244396", "SourceURL": "https://www.abc.net.au/news/2026-10-09/tasmanian-redundancy-tax-bungle-state-service-employees/107244396", "EventCode": 2, "Tone": null}}, {"type": "Feature", "geometry": {"type": "Point", "coordinates": [-72.7093, 44.0407]}, "properties": {"Title": "4932140", "SourceURL": "https://www.reformer.com/statenews/federal-court-says-us-agents-can-search-phones-at-vermonts-border-with-canada-without-suspicion/4932140", "EventCode": 2, "Tone": null}}, {"type": "Feature", "geometry": {"type": "Point", "coordinates": [66.8986, 30.3281]}, "properties": {"Title": "Governor Kp Condemns Firing Incident In Karak", "SourceURL": "https://www.radio.gov.pk/08-10-2026/governor-kp-condemns-firing-incident-in-karak", "EventCode": 3, "Tone": null}}, {"type": "Feature", "geometry": {"type": "Point", "coordinates": [138.218, -33.7808]}, "properties": {"Title": "107244324", "SourceURL": "https://www.abc.net.au/news/2026-10-09/snowtown-murder-victim-nephew-speaks-out-james-vlassakis/107244324", "EventCode": 4, "Tone": null}}, {"type": "Feature", "geometry": {"type": "Point", "coordinates": [-6.54139, 53.9486]}, "properties": {"Title": "John Horan Gaa Integration Camogie Lgfa 7187566 Oct2026", "SourceURL": "https://www.the42.ie/john-horan-gaa-integration-camogie-lgfa-7187566-Oct2026/", "EventCode": 1, "Tone": null}}, {"type": "Feature", "geometry": {"type": "Point", "coordinates": [138.218, -33.7808]}, "properties": {"Title": "107244324", "SourceURL": "https://www.abc.net.au/news/2026-10-09/snowtown-murder-victim-nephew-speaks-out-james-vlassakis/107244324", "EventCode": 4, "Tone": null}}, {"type": "Feature", "geometry": {"type": "Point", "coordinates": [-99.4632, 44.2853]}, "properties": {"Title": "Trumps 90 Payments En Route 201947000", "SourceURL": "https://www.aol.com/articles/trumps-90-payments-en-route-201947000.html", "EventCode": 1, "Tone": null}}, {"type": "Feature", "geometry": {"type": "Point", "coordinates": [-73.5833, 45.5]}, "properties": {"Title": "Montreal Warming Centres Unhoused People Winter", "SourceURL": "https://montrealgazette.com/news/local-politics/montreal-warming-centres-unhoused-people-winter/", "EventCode": 1, "Tone": null}}, {"type": "Feature", "geometry": {"type": "Point", "coordinates": [-73.5833, 45.5]}, "properties": {"Title": "Montreal Warming Centres Unhoused People Winter", "SourceURL": "https://montrealgazette.com/news/local-politics/montreal-warming-centres-unhoused-people-winter/", "EventCode": 2, "Tone": null}}, {"type": "Feature", "geometry": {"type": "Point", "coordinates": [178.417, -18.1333]}, "properties": {"Title": "Us Sanctions Chinese Businessman In Fiji Over Alleged Bribes For Beijing 6101099", "SourceURL": "https://www.theepochtimes.com/china/us-sanctions-chinese-businessman-in-fiji-over-alleged-bribes-for-beijing-6101099", "EventCode": 1, "Tone": null}}, {"type": "Feature", "geometry": {"type": "Point", "coordinates": [178.417, -18.1333]}, "properties": {"Title": "Us Sanctions Chinese Businessman In Fiji Over Alleged Bribes For Beijing 6101099", "SourceURL": "https://www.theepochtimes.com/china/us-sanctions-chinese-businessman-in-fiji-over-alleged-bribes-for-beijing-6101099", "EventCode": 1, "Tone": null}}, {"type": "Feature", "geometry": {"type": "Point", "coordinates": [178.417, -18.1333]}, "properties": {"Title": "Us Sanctions Chinese Businessman In Fiji Over Alleged Bribes For Beijing 6101099", "SourceURL": "https://www.theepochtimes.com/china/us-sanctions-chinese-businessman-in-fiji-over-alleged-bribes-for-beijing-6101099", "EventCode": 1, "Tone": null}}, {"type": "Feature", "geometry": {"type": "Point", "coordinates": [178.417, -18.1333]}, "properties": {"Title": "Us Sanctions Chinese Businessman In Fiji Over Alleged Bribes For Beijing 6101099", "SourceURL": "https://www.theepochtimes.com/china/us-sanctions-chinese-businessman-in-fiji-over-alleged-bribes-for-beijing-6101099", "EventCode": 1, "Tone": null}}, {"type": "Feature", "geometry": {"type": "Point", "coordinates": [151.217, -33.8833]}, "properties": {"Title": "107245966", "SourceURL": "https://www.abc.net.au/news/2026-10-09/sydney-cbd-carjacking-crash/107245966", "EventCode": 1, "Tone": null}}, {"type": "Feature", "geometry": {"type": "Point", "coordinates": [66.8986, 30.3281]}, "properties": {"Title": "Governor Kp Condemns Firing Incident In Karak", "SourceURL": "https://www.radio.gov.pk/08-10-2026/governor-kp-condemns-firing-incident-in-karak", "EventCode": 3, "Tone": null}}, {"type": "Feature", "geometry": {"type": "Point", "coordinates": [-0.116667, 51.5]}, "properties": {"Title": "Andrew Finally Gets A Break As Police Raids Ruled Unlawful 20261009 P6142M", "SourceURL": "https://www.afr.com/world/europe/andrew-finally-gets-a-break-as-police-raids-ruled-unlawful-20261009-p6142m", "EventCode": 4, "Tone": null}}, {"type": "Feature", "geometry": {"type": "Point", "coordinates": [-77.0364, 38.8951]}, "properties": {"Title": "Release Of The 2026 Trafficking In Persons Report", "SourceURL": "https://standardnewswire.com/release-of-the-2026-trafficking-in-persons-report/", "EventCode": 1, "Tone": null}}, {"type": "Feature", "geometry": {"type": "Point", "coordinates": [-77.0364, 38.8951]}, "properties": {"Title": "Release Of The 2026 Trafficking In Persons Report", "SourceURL": "https://standardnewswire.com/release-of-the-2026-trafficking-in-persons-report/", "EventCode": 3, "Tone": null}}, {"type": "Feature", "geometry": {"type": "Point", "coordinates": [-118.244, 34.0522]}, "properties": {"Title": "Article C28B4023 D2Ab 5924 A8Bd 515Cff65C942", "SourceURL": "http://www.gazettextra.com/news/nation_world/lyft-to-pay-272-million-settlement-to-california-rideshare-drivers/article_c28b4023-d2ab-5924-a8bd-515cff65c942.html", "EventCode": 2, "Tone": null}}, {"type": "Feature", "geometry": {"type": "Point", "coordinates": [-72.7093, 44.0407]}, "properties": {"Title": "4932140", "SourceURL": "https://www.reformer.com/statenews/federal-court-says-us-agents-can-search-phones-at-vermonts-border-with-canada-without-suspicion/4932140", "EventCode": 2, "Tone": null}}, {"type": "Feature", "geometry": {"type": "Point", "coordinates": [33.95, 35.125]}, "properties": {"Title": "December Date Set For Turkish Cypriot Legislative Elections", "SourceURL": "https://cyprus-mail.com/2026/10/09/december-date-set-for-turkish-cypriot-legislative-elections", "EventCode": 1, "Tone": null}}, {"type": "Feature", "geometry": {"type": "Point", "coordinates": [40.6264, 37.2456]}, "properties": {"Title": "December Date Set For Turkish Cypriot Legislative Elections", "SourceURL": "https://cyprus-mail.com/2026/10/09/december-date-set-for-turkish-cypriot-legislative-elections", "EventCode": 1, "Tone": null}}, {"type": "Feature", "geometry": {"type": "Point", "coordinates": [39.5, 13.5]}, "properties": {"Title": "53276", "SourceURL": "https://www.thereporterethiopia.com/53276/", "EventCode": 4, "Tone": null}}, {"type": "Feature", "geometry": {"type": "Point", "coordinates": [-0.116667, 51.5]}, "properties": {"Title": "Andrew Finally Gets A Break As Police Raids Ruled Unlawful 20261009 P6142M", "SourceURL": "https://www.afr.com/world/europe/andrew-finally-gets-a-break-as-police-raids-ruled-unlawful-20261009-p6142m", "EventCode": 4, "Tone": null}}, {"type": "Feature", "geometry": {"type": "Point", "coordinates": [77.5833, 12.9833]}, "properties": {"Title": "Bel Gosuraksha Partner On Sovereign Digital Identity Platform", "SourceURL": "https://www.biometricupdate.com/202610/bel-gosuraksha-partner-on-sovereign-digital-identity-platform", "EventCode": 1, "Tone": null}}, {"type": "Feature", "geometry": {"type": "Point", "coordinates": [-6.24889, 53.3331]}, "properties": {"Title": "John Horan Gaa Integration Camogie Lgfa 7187566 Oct2026", "SourceURL": "https://www.the42.ie/john-horan-gaa-integration-camogie-lgfa-7187566-Oct2026/", "EventCode": 1, "Tone": null}}, {"type": "Feature", "geometry": {"type": "Point", "coordinates": [-6.68139, 53.6528]}, "properties": {"Title": "John Horan Gaa Integration Camogie Lgfa 7187566 Oct2026", "SourceURL": "https://www.the42.ie/john-horan-gaa-integration-camogie-lgfa-7187566-Oct2026/", "EventCode": 1, "Tone": null}}, {"type": "Feature", "geometry": {"type": "Point", "coordinates": [-6.24889, 53.3331]}, "properties": {"Title": "John Horan Gaa Integration Camogie Lgfa 7187566 Oct2026", "SourceURL": "https://www.the42.ie/john-horan-gaa-integration-camogie-lgfa-7187566-Oct2026/", "EventCode": 1, "Tone": null}}, {"type": "Feature", "geometry": {"type": "Point", "coordinates": [36.0, 31.0]}, "properties": {"Title": "Alabama Judge Resets Damien Mcdaniel Trial Date 2027 Five Points South Mass Shooting Jordan Melton", "SourceURL": "https://abc3340.com/news/local/alabama-judge-resets-damien-mcdaniel-trial-date-2027-five-points-south-mass-shooting-jordan-melton", "EventCode": 4, "Tone": null}}, {"type": "Feature", "geometry": {"type": "Point", "coordinates": [-87.6501, 41.85]}, "properties": {"Title": "Cta Employee Seriously Injured In Stabbing Near Damen Green Line Station Officials Say", "SourceURL": "https://www.fox32chicago.com/news/cta-employee-seriously-injured-in-stabbing-near-damen-green-line-station-officials-say", "EventCode": 4, "Tone": null}}, {"type": "Feature", "geometry": {"type": "Point", "coordinates": [-93.214, 42.0046]}, "properties": {"Title": "Article 1Eefbf6D 9186 4933 B890 2327D454072C", "SourceURL": "http://www.thegazette.com/news/elections/firefighters-group-endorses-josh-turek-for-u-s-senate/article_1eefbf6d-9186-4933-b890-2327d454072c.html", "EventCode": 1, "Tone": null}}, {"type": "Feature", "geometry": {"type": "Point", "coordinates": [101.7, 3.16667]}, "properties": {"Title": "Mydigitalin Coursera Ai Skills Development Tie Up", "SourceURL": "https://www.thestar.com.my/business/business-news/2026/10/09/mydigitalin-coursera-ai-skills-development-tie-up", "EventCode": 2, "Tone": null}}, {"type": "Feature", "geometry": {"type": "Point", "coordinates": [103.758, 1.4655]}, "properties": {"Title": "Mydigitalin Coursera Ai Skills Development Tie Up", "SourceURL": "https://www.thestar.com.my/business/business-news/2026/10/09/mydigitalin-coursera-ai-skills-development-tie-up", "EventCode": 2, "Tone": null}}, {"type": "Feature", "geometry": {"type": "Point", "coordinates": [8.0, 10.0]}, "properties": {"Title": "Panic Driven Publicity Stunt Atiku Blasts Tinubus 30 Day Fuel Discount", "SourceURL": "https://dailypost.ng/2026/10/08/panic-driven-publicity-stunt-atiku-blasts-tinubus-30-day-fuel-discount/", "EventCode": 4, "Tone": null}}, {"type": "Feature", "geometry": {"type": "Point", "coordinates": [3.36667, 6.51667]}, "properties": {"Title": "Fuel Price Reduction Why Fixing Petrol At N1350 Litre Not Subsidy Reintroduction Oyedele", "SourceURL": "https://dailypost.ng/2026/10/08/fuel-price-reduction-why-fixing-petrol-at-n1350-litre-not-subsidy-reintroduction-oyedele/", "EventCode": 1, "Tone": null}}, {"type": "Feature", "geometry": {"type": "Point", "coordinates": [66.8986, 30.3281]}, "properties": {"Title": "Governor Kp Condemns Firing Incident In Karak", "SourceURL": "https://www.radio.gov.pk/08-10-2026/governor-kp-condemns-firing-incident-in-karak", "EventCode": 3, "Tone": null}}, {"type": "Feature", "geometry": {"type": "Point", "coordinates": [73.1667, 33.7]}, "properties": {"Title": "685621 Health Ministry Says Plague Risk In Pakistan Very Low After Suspected Siberia Case", "SourceURL": "https://www.geo.tv/latest/685621-health-ministry-says-plague-risk-in-pakistan-very-low-after-suspected-siberia-case", "EventCode": 1, "Tone": null}}, {"type": "Feature", "geometry": {"type": "Point", "coordinates": [40.6685, 55.9627]}, "properties": {"Title": "685621 Health Ministry Says Plague Risk In Pakistan Very Low After Suspected Siberia Case", "SourceURL": "https://www.geo.tv/latest/685621-health-ministry-says-plague-risk-in-pakistan-very-low-after-suspected-siberia-case", "EventCode": 1, "Tone": null}}, {"type": "Feature", "geometry": {"type": "Point", "coordinates": [-102.0, 23.0]}, "properties": {"Title": "Biometrics Industry Urges Congress To Expand Border Screening Set Limits On Traveler Profiling", "SourceURL": "https://www.biometricupdate.com/202610/biometrics-industry-urges-congress-to-expand-border-screening-set-limits-on-traveler-profiling", "EventCode": 3, "Tone": null}}, {"type": "Feature", "geometry": {"type": "Point", "coordinates": [-121.884, 37.5999]}, "properties": {"Title": "Election 2026 House Control Is Up For Grabs Bay Area Seats Look Safely Democratic", "SourceURL": "https://www.timesheraldonline.com/2026/10/08/election-2026-house-control-is-up-for-grabs-bay-area-seats-look-safely-democratic/", "EventCode": 1, "Tone": null}}, {"type": "Feature", "geometry": {"type": "Point", "coordinates": [-77.0364, 38.8951]}, "properties": {"Title": "Rubio Refuses To Comment On Guilfoyle Allegations 3005371", "SourceURL": "https://www.arabnews.com/world/rubio-refuses-to-comment-on-guilfoyle-allegations-3005371", "EventCode": 1, "Tone": null}}, {"type": "Feature", "geometry": {"type": "Point", "coordinates": [-111.854, 40.1135]}, "properties": {"Title": "Erika Kirk Warns Assassins Always Find A Way Charlie Death", "SourceURL": "https://radaronline.com/p/erika-kirk-warns-assassins-always-find-a-way-charlie-death/", "EventCode": 1, "Tone": null}}, {"type": "Feature", "geometry": {"type": "Point", "coordinates": [-93.6091, 41.6005]}, "properties": {"Title": "Article 1Eefbf6D 9186 4933 B890 2327D454072C", "SourceURL": "http://www.thegazette.com/news/elections/firefighters-group-endorses-josh-turek-for-u-s-senate/article_1eefbf6d-9186-4933-b890-2327d454072c.html", "EventCode": 1, "Tone": null}}, {"type": "Feature", "geometry": {"type": "Point", "coordinates": [-111.854, 40.1135]}, "properties": {"Title": "Erika Kirk Warns Assassins Always Find A Way Charlie Death", "SourceURL": "https://radaronline.com/p/erika-kirk-warns-assassins-always-find-a-way-charlie-death/", "EventCode": 1, "Tone": null}}, {"type": "Feature", "geometry": {"type": "Point", "coordinates": [-119.746, 36.17]}, "properties": {"Title": "Charles Manson Ex Girlfriend Granted Parole After Spending Over 50 Years In Prison", "SourceURL": "https://radaronline.com/p/charles-manson-ex-girlfriend-granted-parole-after-spending-over-50-years-in-prison/", "EventCode": 3, "Tone": null}}, {"type": "Feature", "geometry": {"type": "Point", "coordinates": [-66.9167, 10.5]}, "properties": {"Title": "Venezuela Maduro Wife Face New Us Charge Over Alleged Torture", "SourceURL": "http://www.venezuelastar.com/news/279360420/venezuela-maduro-wife-face-new-us-charge-over-alleged-torture", "EventCode": 4, "Tone": null}}, {"type": "Feature", "geometry": {"type": "Point", "coordinates": [-77.264, 40.5773]}, "properties": {"Title": "Husband Murder Journal Saying Realtor Wife Killed Tuesday Shot Dead", "SourceURL": "https://www.dailymail.com/news/article-16194169/Husband-murder-journal-saying-realtor-wife-killed-Tuesday-shot-dead.html", "EventCode": 4, "Tone": null}}, {"type": "Feature", "geometry": {"type": "Point", "coordinates": [-76.7902, 39.0724]}, "properties": {"Title": "Husband Murder Journal Saying Realtor Wife Killed Tuesday Shot Dead", "SourceURL": "https://www.dailymail.com/news/article-16194169/Husband-murder-journal-saying-realtor-wife-killed-Tuesday-shot-dead.html", "EventCode": 4, "Tone": null}}, {"type": "Feature", "geometry": {"type": "Point", "coordinates": [-78.2057, 37.768]}, "properties": {"Title": "Husband Murder Journal Saying Realtor Wife Killed Tuesday Shot Dead", "SourceURL": "https://www.dailymail.com/news/article-16194169/Husband-murder-journal-saying-realtor-wife-killed-Tuesday-shot-dead.html", "EventCode": 4, "Tone": null}}, {"type": "Feature", "geometry": {"type": "Point", "coordinates": [-122.676, 45.5235]}, "properties": {"Title": "Portland Police Release Body Camera Footage From Fatal Chestnut Tree Inn Shooting Se Officer Involved Shooting Local Crime Homicide Investigation", "SourceURL": "https://nbc16.com/news/nation-world/portland-police-release-body-camera-footage-from-fatal-chestnut-tree-inn-shooting-se-officer-involved-shooting-local-crime-homicide-investigation", "EventCode": 4, "Tone": null}}, {"type": "Feature", "geometry": {"type": "Point", "coordinates": [-74.9384, 42.1497]}, "properties": {"Title": "Venezuela Maduro Wife Face New Us Charge Over Alleged Torture", "SourceURL": "http://www.venezuelastar.com/news/279360420/venezuela-maduro-wife-face-new-us-charge-over-alleged-torture", "EventCode": 4, "Tone": null}}, {"type": "Feature", "geometry": {"type": "Point", "coordinates": [39.1667, 11.1667]}, "properties": {"Title": "53276", "SourceURL": "https://www.thereporterethiopia.com/53276/", "EventCode": 1, "Tone": null}}, {"type": "Feature", "geometry": {"type": "Point", "coordinates": [39.1667, 11.1667]}, "properties": {"Title": "53276", "SourceURL": "https://www.thereporterethiopia.com/53276/", "EventCode": 4, "Tone": null}}, {"type": "Feature", "geometry": {"type": "Point", "coordinates": [39.5, 13.5]}, "properties": {"Title": "53276", "SourceURL": "https://www.thereporterethiopia.com/53276/", "EventCode": 4, "Tone": null}}, {"type": "Feature", "geometry": {"type": "Point", "coordinates": [-83.0166, 39.9667]}, "properties": {"Title": "Franklin County Commissioner Erica Crawley Reimburses County 1 421 For Parking Tickets", "SourceURL": "https://www.wosu.org/politics-government/2026-10-08/franklin-county-commissioner-erica-crawley-reimburses-county-1-421-for-parking-tickets", "EventCode": 1, "Tone": null}}, {"type": "Feature", "geometry": {"type": "Point", "coordinates": [-82.7755, 40.3736]}, "properties": {"Title": "Franklin County Commissioner Erica Crawley Reimburses County 1 421 For Parking Tickets", "SourceURL": "https://www.wosu.org/politics-government/2026-10-08/franklin-county-commissioner-erica-crawley-reimburses-county-1-421-for-parking-tickets", "EventCode": 1, "Tone": null}}, {"type": "Feature", "geometry": {"type": "Point", "coordinates": [3.89639, 7.38778]}, "properties": {"Title": "Seven Days After Abduction 20 Corps Members Arrive Ibadan", "SourceURL": "https://thesun.ng/seven-days-after-abduction-20-corps-members-arrive-ibadan/", "EventCode": 2, "Tone": null}}, {"type": "Feature", "geometry": {"type": "Point", "coordinates": [3.89639, 7.38778]}, "properties": {"Title": "Seven Days After Abduction 20 Corps Members Arrive Ibadan", "SourceURL": "https://thesun.ng/seven-days-after-abduction-20-corps-members-arrive-ibadan/", "EventCode": 2, "Tone": null}}, {"type": "Feature", "geometry": {"type": "Point", "coordinates": [3.89639, 7.38778]}, "properties": {"Title": "Seven Days After Abduction 20 Corps Members Arrive Ibadan", "SourceURL": "https://thesun.ng/seven-days-after-abduction-20-corps-members-arrive-ibadan/", "EventCode": 4, "Tone": null}}, {"type": "Feature", "geometry": {"type": "Point", "coordinates": [-83.0166, 39.9667]}, "properties": {"Title": "Franklin County Commissioner Erica Crawley Reimburses County 1 421 For Parking Tickets", "SourceURL": "https://www.wosu.org/politics-government/2026-10-08/franklin-county-commissioner-erica-crawley-reimburses-county-1-421-for-parking-tickets", "EventCode": 1, "Tone": null}}, {"type": "Feature", "geometry": {"type": "Point", "coordinates": [-82.7755, 40.3736]}, "properties": {"Title": "Franklin County Commissioner Erica Crawley Reimburses County 1 421 For Parking Tickets", "SourceURL": "https://www.wosu.org/politics-government/2026-10-08/franklin-county-commissioner-erica-crawley-reimburses-county-1-421-for-parking-tickets", "EventCode": 1, "Tone": null}}, {"type": "Feature", "geometry": {"type": "Point", "coordinates": [148.605, -32.243]}, "properties": {"Title": "107221046", "SourceURL": "https://www.abc.net.au/news/2026-10-09/nsw-towns-hit-by-backpacker-shortage-seek-dama-listing/107221046", "EventCode": 2, "Tone": null}}, {"type": "Feature", "geometry": {"type": "Point", "coordinates": [-84.9547, 35.5645]}, "properties": {"Title": "Free Flu Shot Clinics Set For Oct 20 Across Southeast Tennessee School Districts", "SourceURL": "https://newschannel9.com/news/local/free-flu-shot-clinics-set-for-oct-20-across-southeast-tennessee-school-districts", "EventCode": 1, "Tone": null}}, {"type": "Feature", "geometry": {"type": "Point", "coordinates": [-95.3978, 39.0592]}, "properties": {"Title": "Is Water Safe To Drink In Topeka After A Recent Wastewater Discharge", "SourceURL": "https://www.kmaj1440.com/2026/10/08/is-water-safe-to-drink-in-topeka-after-a-recent-wastewater-discharge/", "EventCode": 1, "Tone": null}}, {"type": "Feature", "geometry": {"type": "Point", "coordinates": [-84.9547, 35.5645]}, "properties": {"Title": "Free Flu Shot Clinics Set For Oct 20 Across Southeast Tennessee School Districts", "SourceURL": "https://newschannel9.com/news/local/free-flu-shot-clinics-set-for-oct-20-across-southeast-tennessee-school-districts", "EventCode": 4, "Tone": null}}, {"type": "Feature", "geometry": {"type": "Point", "coordinates": [32.0, 49.0]}, "properties": {"Title": "Inside Pete Hegseth Scandal Plagued Pentagon Reign Signalgate Fired", "SourceURL": "https://radaronline.com/p/inside-pete-hegseth-scandal-plagued-pentagon-reign-signalgate-fired/", "EventCode": 1, "Tone": null}}, {"type": "Feature", "geometry": {"type": "Point", "coordinates": [-98.5795, 39.828175]}, "properties": {"Title": "Inside Pete Hegseth Scandal Plagued Pentagon Reign Signalgate Fired", "SourceURL": "https://radaronline.com/p/inside-pete-hegseth-scandal-plagued-pentagon-reign-signalgate-fired/", "EventCode": 1, "Tone": null}}, {"type": "Feature", "geometry": {"type": "Point", "coordinates": [22.0, 39.0]}, "properties": {"Title": "India Greece Discuss Maritime Cooperation Coastal Security And Shipbuilding", "SourceURL": "https://theindianawaaz.com/india-greece-discuss-maritime-cooperation-coastal-security-and-shipbuilding/", "EventCode": 1, "Tone": null}}, {"type": "Feature", "geometry": {"type": "Point", "coordinates": [22.0, 39.0]}, "properties": {"Title": "India Greece Discuss Maritime Cooperation Coastal Security And Shipbuilding", "SourceURL": "https://theindianawaaz.com/india-greece-discuss-maritime-cooperation-coastal-security-and-shipbuilding/", "EventCode": 1, "Tone": null}}, {"type": "Feature", "geometry": {"type": "Point", "coordinates": [84.0, 28.0]}, "properties": {"Title": "Dashain Tika 2026 Auspicious Time Dashain Tika 1026 M Kartik 4 Nepal", "SourceURL": "https://www.spotlightnepal.com/2026/10/08/dashain-tika-2026-auspicious-time-dashain-tika-1026-m-kartik-4-nepal/", "EventCode": 3, "Tone": null}}, {"type": "Feature", "geometry": {"type": "Point", "coordinates": [-95.9378, 41.2586]}, "properties": {"Title": "Mom Baby Ground Brain Damage Police", "SourceURL": "https://www.dailymail.com/news/article-16194035/mom-baby-ground-brain-damage-police.html", "EventCode": 1, "Tone": null}}, {"type": "Feature", "geometry": {"type": "Point", "coordinates": [-98.2883, 41.1289]}, "properties": {"Title": "Mom Baby Ground Brain Damage Police", "SourceURL": "https://www.dailymail.com/news/article-16194035/mom-baby-ground-brain-damage-police.html", "EventCode": 1, "Tone": null}}, {"type": "Feature", "geometry": {"type": "Point", "coordinates": [-98.2883, 41.1289]}, "properties": {"Title": "Mom Baby Ground Brain Damage Police", "SourceURL": "https://www.dailymail.com/news/article-16194035/mom-baby-ground-brain-damage-police.html", "EventCode": 1, "Tone": null}}, {"type": "Feature", "geometry": {"type": "Point", "coordinates": [-118.327, 34.0983]}, "properties": {"Title": "Emma Stone Rumored Plastic Surgery Tweaks Cosmetic 2026", "SourceURL": "https://www.dailymail.com/lifestyle/beauty/article-16193823/emma-stone-rumored-plastic-surgery-tweaks-cosmetic-2026.html", "EventCode": 1, "Tone": null}}, {"type": "Feature", "geometry": {"type": "Point", "coordinates": [-118.4, 34.0736]}, "properties": {"Title": "Emma Stone Rumored Plastic Surgery Tweaks Cosmetic 2026", "SourceURL": "https://www.dailymail.com/lifestyle/beauty/article-16193823/emma-stone-rumored-plastic-surgery-tweaks-cosmetic-2026.html", "EventCode": 3, "Tone": null}}, {"type": "Feature", "geometry": {"type": "Point", "coordinates": [-71.0598, 42.3584]}, "properties": {"Title": "Beth Israel Lahey Ceo", "SourceURL": "https://www.bostonglobe.com/2026/10/08/business/beth-israel-lahey-ceo/", "EventCode": 3, "Tone": null}}, {"type": "Feature", "geometry": {"type": "Point", "coordinates": [2.33333, 48.8667]}, "properties": {"Title": "Emma Stone Rumored Plastic Surgery Tweaks Cosmetic 2026", "SourceURL": "https://www.dailymail.com/lifestyle/beauty/article-16193823/emma-stone-rumored-plastic-surgery-tweaks-cosmetic-2026.html", "EventCode": 1, "Tone": null}}, {"type": "Feature", "geometry": {"type": "Point", "coordinates": [-118.327, 34.0983]}, "properties": {"Title": "Emma Stone Rumored Plastic Surgery Tweaks Cosmetic 2026", "SourceURL": "https://www.dailymail.com/lifestyle/beauty/article-16193823/emma-stone-rumored-plastic-surgery-tweaks-cosmetic-2026.html", "EventCode": 1, "Tone": null}}, {"type": "Feature", "geometry": {"type": "Point", "coordinates": [2.33333, 48.8667]}, "properties": {"Title": "Emma Stone Rumored Plastic Surgery Tweaks Cosmetic 2026", "SourceURL": "https://www.dailymail.com/lifestyle/beauty/article-16193823/emma-stone-rumored-plastic-surgery-tweaks-cosmetic-2026.html", "EventCode": 3, "Tone": null}}, {"type": "Feature", "geometry": {"type": "Point", "coordinates": [-95.9378, 41.2586]}, "properties": {"Title": "Mom Baby Ground Brain Damage Police", "SourceURL": "https://www.dailymail.com/news/article-16194035/mom-baby-ground-brain-damage-police.html", "EventCode": 1, "Tone": null}}, {"type": "Feature", "geometry": {"type": "Point", "coordinates": [-98.2883, 41.1289]}, "properties": {"Title": "Mom Baby Ground Brain Damage Police", "SourceURL": "https://www.dailymail.com/news/article-16194035/mom-baby-ground-brain-damage-police.html", "EventCode": 1, "Tone": null}}, {"type": "Feature", "geometry": {"type": "Point", "coordinates": [-95.9378, 41.2586]}, "properties": {"Title": "Mom Baby Ground Brain Damage Police", "SourceURL": "https://www.dailymail.com/news/article-16194035/mom-baby-ground-brain-damage-police.html", "EventCode": 1, "Tone": null}}, {"type": "Feature", "geometry": {"type": "Point", "coordinates": [106.947, -6.24]}, "properties": {"Title": "134795327.Cms", "SourceURL": "https://economictimes.indiatimes.com/world/us/conservationists-are-trying-to-save-this-endangered-bird-but-their-efforts-may-be-producing-too-many-males/articleshow/134795327.cms", "EventCode": 4, "Tone": null}}, {"type": "Feature", "geometry": {"type": "Point", "coordinates": [28.2294, -25.7069]}, "properties": {"Title": "53276", "SourceURL": "https://www.thereporterethiopia.com/53276/", "EventCode": 1, "Tone": null}}, {"type": "Feature", "geometry": {"type": "Point", "coordinates": [39.5, 13.5]}, "properties": {"Title": "53276", "SourceURL": "https://www.thereporterethiopia.com/53276/", "EventCode": 1, "Tone": null}}, {"type": "Feature", "geometry": {"type": "Point", "coordinates": [28.2294, -25.7069]}, "properties": {"Title": "53276", "SourceURL": "https://www.thereporterethiopia.com/53276/", "EventCode": 1, "Tone": null}}, {"type": "Feature", "geometry": {"type": "Point", "coordinates": [28.2294, -25.7069]}, "properties": {"Title": "53276", "SourceURL": "https://www.thereporterethiopia.com/53276/", "EventCode": 1, "Tone": null}}, {"type": "Feature", "geometry": {"type": "Point", "coordinates": [39.5, 13.5]}, "properties": {"Title": "53276", "SourceURL": "https://www.thereporterethiopia.com/53276/", "EventCode": 1, "Tone": null}}, {"type": "Feature", "geometry": {"type": "Point", "coordinates": [-96.0, 60.0]}, "properties": {"Title": "Eu Exported 48 Bn Goods To Canada In 2025", "SourceURL": "https://www.eubusiness.com/trade/eu-exported-48-bn-goods-to-canada-in-2025/", "EventCode": 2, "Tone": null}}, {"type": "Feature", "geometry": {"type": "Point", "coordinates": [-96.0, 60.0]}, "properties": {"Title": "Eu Exported 48 Bn Goods To Canada In 2025", "SourceURL": "https://www.eubusiness.com/trade/eu-exported-48-bn-goods-to-canada-in-2025/", "EventCode": 2, "Tone": null}}, {"type": "Feature", "geometry": {"type": "Point", "coordinates": [34.3333, 31.4167]}, "properties": {"Title": "Article 1F850D9F 8B7B 43D9 8F81 167A3F2E8Bf6", "SourceURL": "https://www.redandblack.com/uganews/uga-student-organizations-host-commemoration-events-for-anniversary-of-oct-7/article_1f850d9f-8b7b-43d9-8f81-167a3f2e8bf6.html", "EventCode": 4, "Tone": null}}, {"type": "Feature", "geometry": {"type": "Point", "coordinates": [34.3333, 31.4167]}, "properties": {"Title": "Article 1F850D9F 8B7B 43D9 8F81 167A3F2E8Bf6", "SourceURL": "https://www.redandblack.com/uganews/uga-student-organizations-host-commemoration-events-for-anniversary-of-oct-7/article_1f850d9f-8b7b-43d9-8f81-167a3f2e8bf6.html", "EventCode": 4, "Tone": null}}, {"type": "Feature", "geometry": {"type": "Point", "coordinates": [0.083333, 52.3333]}, "properties": {"Title": "Latvian Men Accused Of Spying After Allegedly Breaking Into Uk Airbase Used By Us Nato 6101304", "SourceURL": "https://www.theepochtimes.com/world/latvian-men-accused-of-spying-after-allegedly-breaking-into-uk-airbase-used-by-us-nato-6101304", "EventCode": 2, "Tone": null}}, {"type": "Feature", "geometry": {"type": "Point", "coordinates": [77.5833, 12.9833]}, "properties": {"Title": "Bel Gosuraksha Partner On Sovereign Digital Identity Platform", "SourceURL": "https://www.biometricupdate.com/202610/bel-gosuraksha-partner-on-sovereign-digital-identity-platform", "EventCode": 1, "Tone": null}}, {"type": "Feature", "geometry": {"type": "Point", "coordinates": [72.8258, 18.975]}, "properties": {"Title": "Mumbai To Host World Hindu Congress 2026 From December 18 To 20", "SourceURL": "https://theindianawaaz.com/mumbai-to-host-world-hindu-congress-2026-from-december-18-to-20/", "EventCode": 1, "Tone": null}}, {"type": "Feature", "geometry": {"type": "Point", "coordinates": [-8.0, 53.0]}, "properties": {"Title": "How Ireland Can Build More Houses", "SourceURL": "https://www.todayfm.com/podcasts/the-last-word-with-matt-cooper/how-ireland-can-build-more-houses", "EventCode": 1, "Tone": null}}, {"type": "Feature", "geometry": {"type": "Point", "coordinates": [-8.0, 53.0]}, "properties": {"Title": "How Ireland Can Build More Houses", "SourceURL": "https://www.todayfm.com/podcasts/the-last-word-with-matt-cooper/how-ireland-can-build-more-houses", "EventCode": 1, "Tone": null}}, {"type": "Feature", "geometry": {"type": "Point", "coordinates": [-6.24889, 53.3331]}, "properties": {"Title": "John Horan Gaa Integration Camogie Lgfa 7187566 Oct2026", "SourceURL": "https://www.the42.ie/john-horan-gaa-integration-camogie-lgfa-7187566-Oct2026/", "EventCode": 1, "Tone": null}}, {"type": "Feature", "geometry": {"type": "Point", "coordinates": [-6.68139, 53.6528]}, "properties": {"Title": "John Horan Gaa Integration Camogie Lgfa 7187566 Oct2026", "SourceURL": "https://www.the42.ie/john-horan-gaa-integration-camogie-lgfa-7187566-Oct2026/", "EventCode": 1, "Tone": null}}, {"type": "Feature", "geometry": {"type": "Point", "coordinates": [-6.24889, 53.3331]}, "properties": {"Title": "John Horan Gaa Integration Camogie Lgfa 7187566 Oct2026", "SourceURL": "https://www.the42.ie/john-horan-gaa-integration-camogie-lgfa-7187566-Oct2026/", "EventCode": 1, "Tone": null}}, {"type": "Feature", "geometry": {"type": "Point", "coordinates": [53.0, 32.0]}, "properties": {"Title": "26620857.Long Deployed Us Aircraft Carrier Returns Home 265 Days Sea", "SourceURL": "https://www.guardian-series.co.uk/news/national/26620857.long-deployed-us-aircraft-carrier-returns-home-265-days-sea/", "EventCode": 1, "Tone": null}}, {"type": "Feature", "geometry": {"type": "Point", "coordinates": [-78.2057, 37.768]}, "properties": {"Title": "26620857.Long Deployed Us Aircraft Carrier Returns Home 265 Days Sea", "SourceURL": "https://www.guardian-series.co.uk/news/national/26620857.long-deployed-us-aircraft-carrier-returns-home-265-days-sea/", "EventCode": 1, "Tone": null}}, {"type": "Feature", "geometry": {"type": "Point", "coordinates": [53.0, 32.0]}, "properties": {"Title": "26620857.Long Deployed Us Aircraft Carrier Returns Home 265 Days Sea", "SourceURL": "https://www.countypress.co.uk/news/national/26620857.long-deployed-us-aircraft-carrier-returns-home-265-days-sea/", "EventCode": 1, "Tone": null}}, {"type": "Feature", "geometry": {"type": "Point", "coordinates": [-78.2057, 37.768]}, "properties": {"Title": "26620857.Long Deployed Us Aircraft Carrier Returns Home 265 Days Sea", "SourceURL": "https://www.countypress.co.uk/news/national/26620857.long-deployed-us-aircraft-carrier-returns-home-265-days-sea/", "EventCode": 1, "Tone": null}}, {"type": "Feature", "geometry": {"type": "Point", "coordinates": [-75.978, 36.8529]}, "properties": {"Title": "26620857.Long Deployed Us Aircraft Carrier Returns Home 265 Days Sea", "SourceURL": "https://www.guardian-series.co.uk/news/national/26620857.long-deployed-us-aircraft-carrier-returns-home-265-days-sea/", "EventCode": 1, "Tone": null}}, {"type": "Feature", "geometry": {"type": "Point", "coordinates": [-117.134, 32.6501]}, "properties": {"Title": "26620857.Long Deployed Us Aircraft Carrier Returns Home 265 Days Sea", "SourceURL": "https://www.countypress.co.uk/news/national/26620857.long-deployed-us-aircraft-carrier-returns-home-265-days-sea/", "EventCode": 1, "Tone": null}}, {"type": "Feature", "geometry": {"type": "Point", "coordinates": [-78.2057, 37.768]}, "properties": {"Title": "26620857.Long Deployed Us Aircraft Carrier Returns Home 265 Days Sea", "SourceURL": "https://www.countypress.co.uk/news/national/26620857.long-deployed-us-aircraft-carrier-returns-home-265-days-sea/", "EventCode": 1, "Tone": null}}, {"type": "Feature", "geometry": {"type": "Point", "coordinates": [53.0, 32.0]}, "properties": {"Title": "685676 Us Sanctions Indian Uae And Turkish Firms Over Iranian Oil Trade", "SourceURL": "https://www.geo.tv/latest/685676-us-sanctions-indian-uae-and-turkish-firms-over-iranian-oil-trade", "EventCode": 1, "Tone": null}}, {"type": "Feature", "geometry": {"type": "Point", "coordinates": [-77.0364, 38.8951]}, "properties": {"Title": "Ypcmtk6S2Y5C7P2Vjsqkpr4Spm", "SourceURL": "https://www.wsbradio.com/news/politics/pentagon-says-firing/YPCMTK6S2Y5C7P2VJSQKPR4SPM/", "EventCode": 1, "Tone": null}}, {"type": "Feature", "geometry": {"type": "Point", "coordinates": [-77.0364, 38.8951]}, "properties": {"Title": "Ypcmtk6S2Y5C7P2Vjsqkpr4Spm", "SourceURL": "https://www.wsbradio.com/news/politics/pentagon-says-firing/YPCMTK6S2Y5C7P2VJSQKPR4SPM/", "EventCode": 2, "Tone": null}}, {"type": "Feature", "geometry": {"type": "Point", "coordinates": [-92.3809, 34.9513]}, "properties": {"Title": "Pentagon Says The Firing Squad Execution Of Fort Hood Shooter Nidal Malik Hasan Will Be Livestreamed", "SourceURL": "https://www.arkansasonline.com/news/2026/oct/08/pentagon-says-the-firing-squad-execution-of-fort-hood-shooter-nidal-malik-hasan-will-be-livestreamed/", "EventCode": 2, "Tone": null}}, {"type": "Feature", "geometry": {"type": "Point", "coordinates": [53.0, 32.0]}, "properties": {"Title": "Ypcmtk6S2Y5C7P2Vjsqkpr4Spm", "SourceURL": "https://www.wsbradio.com/news/politics/pentagon-says-firing/YPCMTK6S2Y5C7P2VJSQKPR4SPM/", "EventCode": 2, "Tone": null}}, {"type": "Feature", "geometry": {"type": "Point", "coordinates": [38.0, 35.0]}, "properties": {"Title": "Article 88C746Da A58F 559E B719 D817Bd6B9B6E", "SourceURL": "http://www.thegazette.com/news/world/iraq-rejects-syrian-request-to-repatriate-4-000-suspected-is-detainees-official-says/article_88c746da-a58f-559e-b719-d817bd6b9b6e.html", "EventCode": 2, "Tone": null}}, {"type": "Feature", "geometry": {"type": "Point", "coordinates": [-87.6501, 41.85]}, "properties": {"Title": "Beth Israel Lahey Ceo", "SourceURL": "https://www.bostonglobe.com/2026/10/08/business/beth-israel-lahey-ceo/", "EventCode": 1, "Tone": null}}, {"type": "Feature", "geometry": {"type": "Point", "coordinates": [-71.0598, 42.3584]}, "properties": {"Title": "Beth Israel Lahey Ceo", "SourceURL": "https://www.bostonglobe.com/2026/10/08/business/beth-israel-lahey-ceo/", "EventCode": 1, "Tone": null}}, {"type": "Feature", "geometry": {"type": "Point", "coordinates": [-71.5314, 42.2373]}, "properties": {"Title": "Beth Israel Lahey Ceo", "SourceURL": "https://www.bostonglobe.com/2026/10/08/business/beth-israel-lahey-ceo/", "EventCode": 1, "Tone": null}}, {"type": "Feature", "geometry": {"type": "Point", "coordinates": [34.75, 31.5]}, "properties": {"Title": "Settlers Damage Olive Trees In West Banks Salfit District 3005377", "SourceURL": "https://www.arabnews.com/middle-east/settlers-damage-olive-trees-in-west-banks-salfit-district-3005377", "EventCode": 4, "Tone": null}}, {"type": "Feature", "geometry": {"type": "Point", "coordinates": [-98.5795, 39.828175]}, "properties": {"Title": "Article 1F850D9F 8B7B 43D9 8F81 167A3F2E8Bf6", "SourceURL": "https://www.redandblack.com/uganews/uga-student-organizations-host-commemoration-events-for-anniversary-of-oct-7/article_1f850d9f-8b7b-43d9-8f81-167a3f2e8bf6.html", "EventCode": 1, "Tone": null}}, {"type": "Feature", "geometry": {"type": "Point", "coordinates": [34.75, 31.5]}, "properties": {"Title": "Settlers Damage Olive Trees In West Banks Salfit District 3005377", "SourceURL": "https://www.arabnews.com/middle-east/settlers-damage-olive-trees-in-west-banks-salfit-district-3005377", "EventCode": 4, "Tone": null}}, {"type": "Feature", "geometry": {"type": "Point", "coordinates": [35.2636, 32.2199]}, "properties": {"Title": "Settlers Damage Olive Trees In West Banks Salfit District 3005377", "SourceURL": "https://www.arabnews.com/middle-east/settlers-damage-olive-trees-in-west-banks-salfit-district-3005377", "EventCode": 4, "Tone": null}}, {"type": "Feature", "geometry": {"type": "Point", "coordinates": [34.75, 31.5]}, "properties": {"Title": "Settlers Damage Olive Trees In West Banks Salfit District 3005377", "SourceURL": "https://www.arabnews.com/middle-east/settlers-damage-olive-trees-in-west-banks-salfit-district-3005377", "EventCode": 4, "Tone": null}}, {"type": "Feature", "geometry": {"type": "Point", "coordinates": [34.75, 31.5]}, "properties": {"Title": "Settlers Damage Olive Trees In West Banks Salfit District 3005377", "SourceURL": "https://www.arabnews.com/middle-east/settlers-damage-olive-trees-in-west-banks-salfit-district-3005377", "EventCode": 4, "Tone": null}}, {"type": "Feature", "geometry": {"type": "Point", "coordinates": [35.1808, 32.0837]}, "properties": {"Title": "Settlers Damage Olive Trees In West Banks Salfit District 3005377", "SourceURL": "https://www.arabnews.com/middle-east/settlers-damage-olive-trees-in-west-banks-salfit-district-3005377", "EventCode": 4, "Tone": null}}, {"type": "Feature", "geometry": {"type": "Point", "coordinates": [34.3333, 31.4167]}, "properties": {"Title": "Gaza Rescuers Say Israeli Fire Kills Seven 3005373", "SourceURL": "https://www.arabnews.com/middle-east/gaza-rescuers-say-israeli-fire-kills-seven-3005373", "EventCode": 1, "Tone": null}}, {"type": "Feature", "geometry": {"type": "Point", "coordinates": [34.3333, 31.4167]}, "properties": {"Title": "Gaza Rescuers Say Israeli Fire Kills Seven 3005373", "SourceURL": "https://www.arabnews.com/middle-east/gaza-rescuers-say-israeli-fire-kills-seven-3005373", "EventCode": 1, "Tone": null}}, {"type": "Feature", "geometry": {"type": "Point", "coordinates": [36.0, 31.0]}, "properties": {"Title": "Alabama Judge Resets Damien Mcdaniel Trial Date 2027 Five Points South Mass Shooting Jordan Melton", "SourceURL": "https://abc3340.com/news/local/alabama-judge-resets-damien-mcdaniel-trial-date-2027-five-points-south-mass-shooting-jordan-melton", "EventCode": 4, "Tone": null}}, {"type": "Feature", "geometry": {"type": "Point", "coordinates": [30.0, 27.0]}, "properties": {"Title": "Jordan Supports Uk In Its Decision To Keep Diplomatic Mission Open In East Jerusalem 3005370", "SourceURL": "https://www.arabnews.com/middle-east/jordan-supports-uk-in-its-decision-to-keep-diplomatic-mission-open-in-east-jerusalem-3005370", "EventCode": 1, "Tone": null}}, {"type": "Feature", "geometry": {"type": "Point", "coordinates": [35.25, 31.666667]}, "properties": {"Title": "Jordan Supports Uk In Its Decision To Keep Diplomatic Mission Open In East Jerusalem 3005370", "SourceURL": "https://www.arabnews.com/middle-east/jordan-supports-uk-in-its-decision-to-keep-diplomatic-mission-open-in-east-jerusalem-3005370", "EventCode": 1, "Tone": null}}, {"type": "Feature", "geometry": {"type": "Point", "coordinates": [138.0, 36.0]}, "properties": {"Title": "Uss Lincoln San Diego Returns", "SourceURL": "https://www.cbsnews.com/news/uss-lincoln-san-diego-returns/", "EventCode": 2, "Tone": null}}, {"type": "Feature", "geometry": {"type": "Point", "coordinates": [85.3595, 27.6986]}, "properties": {"Title": "Jica And Government Nepal Sign Grant Agreement Jpy 285 Billion Modernization Air Traffic Control Facilities Tribhuvan International Airport", "SourceURL": "https://www.spotlightnepal.com/2026/10/08/jica-and-government-nepal-sign-grant-agreement-jpy-285-billion-modernization-air-traffic-control-facilities-tribhuvan-international-airport/", "EventCode": 1, "Tone": null}}, {"type": "Feature", "geometry": {"type": "Point", "coordinates": [-117.157, 32.7153]}, "properties": {"Title": "Uss Lincoln San Diego Returns", "SourceURL": "https://www.cbsnews.com/news/uss-lincoln-san-diego-returns/", "EventCode": 2, "Tone": null}}, {"type": "Feature", "geometry": {"type": "Point", "coordinates": [100.0, 15.0]}, "properties": {"Title": "Uss Lincoln San Diego Returns", "SourceURL": "https://www.cbsnews.com/news/uss-lincoln-san-diego-returns/", "EventCode": 2, "Tone": null}}, {"type": "Feature", "geometry": {"type": "Point", "coordinates": [83.8929, 28.1311]}, "properties": {"Title": "Jica Handover 2Nd Batch Of Emergency Assistance To Nepal In Response To The Rasuwabhotekoshi Flood 2026", "SourceURL": "https://www.spotlightnepal.com/2026/10/08/jica-handover-2nd-batch-of-emergency-assistance-to-nepal-in-response-to-the-rasuwabhotekoshi-flood-2026/", "EventCode": 2, "Tone": null}}, {"type": "Feature", "geometry": {"type": "Point", "coordinates": [-117.636, 33.9497]}, "properties": {"Title": "Charles Manson Ex Girlfriend Granted Parole After Spending Over 50 Years In Prison", "SourceURL": "https://radaronline.com/p/charles-manson-ex-girlfriend-granted-parole-after-spending-over-50-years-in-prison/", "EventCode": 1, "Tone": null}}, {"type": "Feature", "geometry": {"type": "Point", "coordinates": [-76.483, 42.447]}, "properties": {"Title": "Cornell 7 Suspect Gillio Lopes Letitia James Probe Prejudging Case", "SourceURL": "https://radaronline.com/p/cornell-7-suspect-gillio-lopes-letitia-james-probe-prejudging-case/", "EventCode": 1, "Tone": null}}, {"type": "Feature", "geometry": {"type": "Point", "coordinates": [-76.4663, 42.4501]}, "properties": {"Title": "Cornell 7 Suspect Gillio Lopes Letitia James Probe Prejudging Case", "SourceURL": "https://radaronline.com/p/cornell-7-suspect-gillio-lopes-letitia-james-probe-prejudging-case/", "EventCode": 1, "Tone": null}}, {"type": "Feature", "geometry": {"type": "Point", "coordinates": [-77.0364, 38.8951]}, "properties": {"Title": "Article Fe9Eee63 31Fb 595E Bc7B D78Cc318C8C7", "SourceURL": "https://www.timesargus.com/news/local/williamstown-man-sentenced-for-leading-police-on-multiple-chases/article_fe9eee63-31fb-595e-bc7b-d78cc318c8c7.html", "EventCode": 1, "Tone": null}}, {"type": "Feature", "geometry": {"type": "Point", "coordinates": [-75.3057, 40.0118]}, "properties": {"Title": "Haverford Professor Charged Alleged Heinous Antisemitic Online Attacks Barred Campus", "SourceURL": "https://www.foxnews.com/media/haverford-professor-charged-alleged-heinous-antisemitic-online-attacks-barred-campus", "EventCode": 1, "Tone": null}}, {"type": "Feature", "geometry": {"type": "Point", "coordinates": [-75.3057, 40.0118]}, "properties": {"Title": "Haverford Professor Charged Alleged Heinous Antisemitic Online Attacks Barred Campus", "SourceURL": "https://www.foxnews.com/media/haverford-professor-charged-alleged-heinous-antisemitic-online-attacks-barred-campus", "EventCode": 1, "Tone": null}}, {"type": "Feature", "geometry": {"type": "Point", "coordinates": [-119.746, 36.17]}, "properties": {"Title": "Article 34B1E169 947A 5946 8Bf7 B77C655Dea7D", "SourceURL": "http://www.gazettextra.com/news/nation_world/hims-hers-health-shareholder-alert-claimsfiler-reminds-investors-with-losses-in-excess/article_34b1e169-947a-5946-8bf7-b77c655dea7d.html", "EventCode": 1, "Tone": null}}, {"type": "Feature", "geometry": {"type": "Point", "coordinates": [-117.636, 33.9497]}, "properties": {"Title": "Charles Manson Ex Girlfriend Granted Parole After Spending Over 50 Years In Prison", "SourceURL": "https://radaronline.com/p/charles-manson-ex-girlfriend-granted-parole-after-spending-over-50-years-in-prison/", "EventCode": 1, "Tone": null}}, {"type": "Feature", "geometry": {"type": "Point", "coordinates": [-118.244, 34.0522]}, "properties": {"Title": "Charles Manson Ex Girlfriend Granted Parole After Spending Over 50 Years In Prison", "SourceURL": "https://radaronline.com/p/charles-manson-ex-girlfriend-granted-parole-after-spending-over-50-years-in-prison/", "EventCode": 2, "Tone": null}}, {"type": "Feature", "geometry": {"type": "Point", "coordinates": [-119.746, 36.17]}, "properties": {"Title": "Charles Manson Ex Girlfriend Granted Parole After Spending Over 50 Years In Prison", "SourceURL": "https://radaronline.com/p/charles-manson-ex-girlfriend-granted-parole-after-spending-over-50-years-in-prison/", "EventCode": 2, "Tone": null}}, {"type": "Feature", "geometry": {"type": "Point", "coordinates": [-119.746, 36.17]}, "properties": {"Title": "Charles Manson Ex Girlfriend Granted Parole After Spending Over 50 Years In Prison", "SourceURL": "https://radaronline.com/p/charles-manson-ex-girlfriend-granted-parole-after-spending-over-50-years-in-prison/", "EventCode": 2, "Tone": null}}, {"type": "Feature", "geometry": {"type": "Point", "coordinates": [-117.636, 33.9497]}, "properties": {"Title": "Charles Manson Ex Girlfriend Granted Parole After Spending Over 50 Years In Prison", "SourceURL": "https://radaronline.com/p/charles-manson-ex-girlfriend-granted-parole-after-spending-over-50-years-in-prison/", "EventCode": 4, "Tone": null}}, {"type": "Feature", "geometry": {"type": "Point", "coordinates": [146.0, -33.0]}, "properties": {"Title": "107237652", "SourceURL": "https://www.abc.net.au/news/2026-10-09/woman-represents-herself-wins-damages-child-sex-abuse/107237652", "EventCode": 4, "Tone": null}}, {"type": "Feature", "geometry": {"type": "Point", "coordinates": [-78.2057, 37.768]}, "properties": {"Title": "34 Year Old Found Guilty Of Second Degree Murder In 2024 Roanoke Murder Case", "SourceURL": "https://www.wsls.com/news/local/2026/10/08/34-year-old-found-guilty-of-second-degree-murder-in-2024-roanoke-murder-case/", "EventCode": 1, "Tone": null}}, {"type": "Feature", "geometry": {"type": "Point", "coordinates": [-74.9384, 42.1497]}, "properties": {"Title": "Cornell 7 Suspect Gillio Lopes Letitia James Probe Prejudging Case", "SourceURL": "https://radaronline.com/p/cornell-7-suspect-gillio-lopes-letitia-james-probe-prejudging-case/", "EventCode": 1, "Tone": null}}, {"type": "Feature", "geometry": {"type": "Point", "coordinates": [-55.0, -10.0]}, "properties": {"Title": "Brazilian Judge Issues Arrest Warrant For Eduardo Bolsonaro Brother Of A Presidential Candidate", "SourceURL": "https://www.wsls.com/business/2026/10/08/brazilian-judge-issues-arrest-warrant-for-eduardo-bolsonaro-brother-of-a-presidential-candidate/", "EventCode": 2, "Tone": null}}, {"type": "Feature", "geometry": {"type": "Point", "coordinates": [-74.0029, 40.7143]}, "properties": {"Title": "Nyc College Students Leave Class To Rally In Support Of Cornell Universitys Jane Doe", "SourceURL": "https://www.nydailynews.com/2026/10/08/nyc-college-students-leave-class-to-rally-in-support-of-cornell-universitys-jane-doe/", "EventCode": 1, "Tone": null}}, {"type": "Feature", "geometry": {"type": "Point", "coordinates": [-73.9613, 40.809]}, "properties": {"Title": "Nyc College Students Leave Class To Rally In Support Of Cornell Universitys Jane Doe", "SourceURL": "https://www.nydailynews.com/2026/10/08/nyc-college-students-leave-class-to-rally-in-support-of-cornell-universitys-jane-doe/", "EventCode": 1, "Tone": null}}, {"type": "Feature", "geometry": {"type": "Point", "coordinates": [-74.9384, 42.1497]}, "properties": {"Title": "Nyc College Students Leave Class To Rally In Support Of Cornell Universitys Jane Doe", "SourceURL": "https://www.nydailynews.com/2026/10/08/nyc-college-students-leave-class-to-rally-in-support-of-cornell-universitys-jane-doe/", "EventCode": 1, "Tone": null}}, {"type": "Feature", "geometry": {"type": "Point", "coordinates": [-122.159, 38.0494]}, "properties": {"Title": "Bay Area Property Owners Speak Out Against Proposed Gas Water Heater Ban", "SourceURL": "https://www.timesheraldonline.com/2026/10/08/bay-area-property-owners-speak-out-against-proposed-gas-water-heater-ban/", "EventCode": 1, "Tone": null}}, {"type": "Feature", "geometry": {"type": "Point", "coordinates": [-111.854, 40.1135]}, "properties": {"Title": "Southern Utah Traffic Stop Sends Ammon Bundy To Jail On Multiple Charges", "SourceURL": "https://nbc16.com/news/nation-world/southern-utah-traffic-stop-sends-ammon-bundy-to-jail-on-multiple-charges", "EventCode": 1, "Tone": null}}, {"type": "Feature", "geometry": {"type": "Point", "coordinates": [-117.636, 33.9497]}, "properties": {"Title": "Charles Manson Ex Girlfriend Granted Parole After Spending Over 50 Years In Prison", "SourceURL": "https://radaronline.com/p/charles-manson-ex-girlfriend-granted-parole-after-spending-over-50-years-in-prison/", "EventCode": 1, "Tone": null}}, {"type": "Feature", "geometry": {"type": "Point", "coordinates": [-71.0598, 42.3584]}, "properties": {"Title": "Matthew Farwell Sandra Birchmore Case Potential Jurors", "SourceURL": "https://www.boston.com/news/crime/2026/10/08/matthew-farwell-sandra-birchmore-case-potential-jurors/", "EventCode": 2, "Tone": null}}, {"type": "Feature", "geometry": {"type": "Point", "coordinates": [-96.0, 60.0]}, "properties": {"Title": "4932140", "SourceURL": "https://www.reformer.com/statenews/federal-court-says-us-agents-can-search-phones-at-vermonts-border-with-canada-without-suspicion/4932140", "EventCode": 2, "Tone": null}}, {"type": "Feature", "geometry": {"type": "Point", "coordinates": [-72.7093, 44.0407]}, "properties": {"Title": "4932140", "SourceURL": "https://www.reformer.com/statenews/federal-court-says-us-agents-can-search-phones-at-vermonts-border-with-canada-without-suspicion/4932140", "EventCode": 2, "Tone": null}}, {"type": "Feature", "geometry": {"type": "Point", "coordinates": [-117.636, 33.9497]}, "properties": {"Title": "Charles Manson Ex Girlfriend Granted Parole After Spending Over 50 Years In Prison", "SourceURL": "https://radaronline.com/p/charles-manson-ex-girlfriend-granted-parole-after-spending-over-50-years-in-prison/", "EventCode": 4, "Tone": null}}, {"type": "Feature", "geometry": {"type": "Point", "coordinates": [-82.7755, 40.3736]}, "properties": {"Title": "American Idol Alum Caleb Flynn Gives Dead Eyed Glare In New Prison Mug After Murder Conviction", "SourceURL": "https://nypost.com/2026/10/08/us-news/american-idol-alum-caleb-flynn-gives-dead-eyed-glare-in-new-prison-mug-after-murder-conviction/", "EventCode": 4, "Tone": null}}, {"type": "Feature", "geometry": {"type": "Point", "coordinates": [-86.8073, 32.799]}, "properties": {"Title": "Alabama Man Accused Of Casting Ballot In Calhoun County After Voting In North Carolina Forrest Scott Woody 2026", "SourceURL": "https://abc3340.com/news/local/alabama-man-accused-of-casting-ballot-in-calhoun-county-after-voting-in-north-carolina-forrest-scott-woody-2026", "EventCode": 4, "Tone": null}}, {"type": "Feature", "geometry": {"type": "Point", "coordinates": [-2.99528, 51.2417]}, "properties": {"Title": "Polanski Polls Close Holborn Election Green", "SourceURL": "https://www.dailymail.com/news/article-16194609/Polanski-polls-close-Holborn-election-Green.html", "EventCode": 1, "Tone": null}}, {"type": "Feature", "geometry": {"type": "Point", "coordinates": [-75.65, 45.4833]}, "properties": {"Title": "143 People Allege Sexual Assaults At Quebec Spa As Judge Approves Class Action", "SourceURL": "https://montrealgazette.com/news/provincial-news/143-people-allege-sexual-assaults-at-quebec-spa-as-judge-approves-class-action/", "EventCode": 1, "Tone": null}}, {"type": "Feature", "geometry": {"type": "Point", "coordinates": [-75.978, 36.8529]}, "properties": {"Title": "Business Notes Virginia Beach Police", "SourceURL": "https://www.pilotonline.com/2026/10/08/business-notes-virginia-beach-police/", "EventCode": 1, "Tone": null}}, {"type": "Feature", "geometry": {"type": "Point", "coordinates": [-80.8137, 35.9837]}, "properties": {"Title": "Business Notes Virginia Beach Police", "SourceURL": "https://www.pilotonline.com/2026/10/08/business-notes-virginia-beach-police/", "EventCode": 1, "Tone": null}}, {"type": "Feature", "geometry": {"type": "Point", "coordinates": [153.114, -30.2963]}, "properties": {"Title": "107221046", "SourceURL": "https://www.abc.net.au/news/2026-10-09/nsw-towns-hit-by-backpacker-shortage-seek-dama-listing/107221046", "EventCode": 1, "Tone": null}}, {"type": "Feature", "geometry": {"type": "Point", "coordinates": [-89.6385, 44.2563]}, "properties": {"Title": "Mamdani Picks Viral Olive Oil Bottle Designers For 1M City Owned Grocery Store Branding Deal", "SourceURL": "https://nypost.com/2026/10/08/us-news/mamdani-picks-viral-olive-oil-bottle-designers-for-1m-city-owned-grocery-store-branding-deal/", "EventCode": 1, "Tone": null}}, {"type": "Feature", "geometry": {"type": "Point", "coordinates": [-75.978, 36.8529]}, "properties": {"Title": "Business Notes Virginia Beach Police", "SourceURL": "https://www.pilotonline.com/2026/10/08/business-notes-virginia-beach-police/", "EventCode": 1, "Tone": null}}, {"type": "Feature", "geometry": {"type": "Point", "coordinates": [-89.6385, 44.2563]}, "properties": {"Title": "Mamdani Picks Viral Olive Oil Bottle Designers For 1M City Owned Grocery Store Branding Deal", "SourceURL": "https://nypost.com/2026/10/08/us-news/mamdani-picks-viral-olive-oil-bottle-designers-for-1m-city-owned-grocery-store-branding-deal/", "EventCode": 1, "Tone": null}}, {"type": "Feature", "geometry": {"type": "Point", "coordinates": [-88.2315, 43.0117]}, "properties": {"Title": "15 Best U Retirement Destinations 205500000", "SourceURL": "https://www.aol.com/articles/15-best-u-retirement-destinations-205500000.html", "EventCode": 3, "Tone": null}}, {"type": "Feature", "geometry": {"type": "Point", "coordinates": [6.83333, 4.75]}, "properties": {"Title": "Rivers Apc Wike Fubara Reconciliation Not 2027 Campaign Trick", "SourceURL": "https://thesun.ng/rivers-apc-wike-fubara-reconciliation-not-2027-campaign-trick/", "EventCode": 1, "Tone": null}}, {"type": "Feature", "geometry": {"type": "Point", "coordinates": [-84.5603, 43.3504]}, "properties": {"Title": "General Assembly Marks 250 Years With Commemorative Colonial Williamsburg Session", "SourceURL": "https://www.pilotonline.com/2026/10/08/general-assembly-marks-250-years-with-commemorative-colonial-williamsburg-session/", "EventCode": 1, "Tone": null}}, {"type": "Feature", "geometry": {"type": "Point", "coordinates": [-78.2057, 37.768]}, "properties": {"Title": "General Assembly Marks 250 Years With Commemorative Colonial Williamsburg Session", "SourceURL": "https://www.pilotonline.com/2026/10/08/general-assembly-marks-250-years-with-commemorative-colonial-williamsburg-session/", "EventCode": 1, "Tone": null}}, {"type": "Feature", "geometry": {"type": "Point", "coordinates": [33.95, 35.125]}, "properties": {"Title": "December Date Set For Turkish Cypriot Legislative Elections", "SourceURL": "https://cyprus-mail.com/2026/10/09/december-date-set-for-turkish-cypriot-legislative-elections", "EventCode": 1, "Tone": null}}, {"type": "Feature", "geometry": {"type": "Point", "coordinates": [33.3583, 35.2]}, "properties": {"Title": "December Date Set For Turkish Cypriot Legislative Elections", "SourceURL": "https://cyprus-mail.com/2026/10/09/december-date-set-for-turkish-cypriot-legislative-elections", "EventCode": 1, "Tone": null}}, {"type": "Feature", "geometry": {"type": "Point", "coordinates": [-97.6475, 31.106]}, "properties": {"Title": "Gop Losing Texas", "SourceURL": "https://www.nationalmemo.com/gop-losing-texas", "EventCode": 3, "Tone": null}}, {"type": "Feature", "geometry": {"type": "Point", "coordinates": [138.6, -34.9333]}, "properties": {"Title": "Www.Indusage.Com.Au", "SourceURL": "https://www.indusage.com.au/?p=99607", "EventCode": 1, "Tone": null}}, {"type": "Feature", "geometry": {"type": "Point", "coordinates": [138.6, -34.9333]}, "properties": {"Title": "Www.Indusage.Com.Au", "SourceURL": "https://www.indusage.com.au/?p=99607", "EventCode": 1, "Tone": null}}, {"type": "Feature", "geometry": {"type": "Point", "coordinates": [84.0, 28.0]}, "properties": {"Title": "Amcham Nepal And Us Embassy Convene Business Roundtable Uspto Intellectual Property And Business Confidence", "SourceURL": "https://www.spotlightnepal.com/2026/10/08/amcham-nepal-and-us-embassy-convene-business-roundtable-uspto-intellectual-property-and-business-confidence/", "EventCode": 1, "Tone": null}}, {"type": "Feature", "geometry": {"type": "Point", "coordinates": [116.388, 39.9289]}, "properties": {"Title": "Us Sanctions Chinese Businessman In Fiji Over Alleged Bribes For Beijing 6101099", "SourceURL": "https://www.theepochtimes.com/china/us-sanctions-chinese-businessman-in-fiji-over-alleged-bribes-for-beijing-6101099", "EventCode": 2, "Tone": null}}, {"type": "Feature", "geometry": {"type": "Point", "coordinates": [135.0, -25.0]}, "properties": {"Title": "Article", "SourceURL": "https://home.nzcity.co.nz/news/article.aspx?id=455616&fm=psp,tst", "EventCode": 1, "Tone": null}}, {"type": "Feature", "geometry": {"type": "Point", "coordinates": [6.83333, 4.75]}, "properties": {"Title": "Rivers Apc Wike Fubara Reconciliation Not 2027 Campaign Trick", "SourceURL": "https://thesun.ng/rivers-apc-wike-fubara-reconciliation-not-2027-campaign-trick/", "EventCode": 1, "Tone": null}}, {"type": "Feature", "geometry": {"type": "Point", "coordinates": [33.95, 35.125]}, "properties": {"Title": "December Date Set For Turkish Cypriot Legislative Elections", "SourceURL": "https://cyprus-mail.com/2026/10/09/december-date-set-for-turkish-cypriot-legislative-elections", "EventCode": 1, "Tone": null}}, {"type": "Feature", "geometry": {"type": "Point", "coordinates": [32.8506, 35.1106]}, "properties": {"Title": "December Date Set For Turkish Cypriot Legislative Elections", "SourceURL": "https://cyprus-mail.com/2026/10/09/december-date-set-for-turkish-cypriot-legislative-elections", "EventCode": 1, "Tone": null}}, {"type": "Feature", "geometry": {"type": "Point", "coordinates": [40.6264, 37.2456]}, "properties": {"Title": "December Date Set For Turkish Cypriot Legislative Elections", "SourceURL": "https://cyprus-mail.com/2026/10/09/december-date-set-for-turkish-cypriot-legislative-elections", "EventCode": 1, "Tone": null}}, {"type": "Feature", "geometry": {"type": "Point", "coordinates": [33.3583, 35.2]}, "properties": {"Title": "December Date Set For Turkish Cypriot Legislative Elections", "SourceURL": "https://cyprus-mail.com/2026/10/09/december-date-set-for-turkish-cypriot-legislative-elections", "EventCode": 2, "Tone": null}}, {"type": "Feature", "geometry": {"type": "Point", "coordinates": [-76.7075, 37.2707]}, "properties": {"Title": "General Assembly Marks 250 Years With Commemorative Colonial Williamsburg Session", "SourceURL": "https://www.pilotonline.com/2026/10/08/general-assembly-marks-250-years-with-commemorative-colonial-williamsburg-session/", "EventCode": 1, "Tone": null}}, {"type": "Feature", "geometry": {"type": "Point", "coordinates": [-76.7075, 37.2707]}, "properties": {"Title": "General Assembly Marks 250 Years With Commemorative Colonial Williamsburg Session", "SourceURL": "https://www.pilotonline.com/2026/10/08/general-assembly-marks-250-years-with-commemorative-colonial-williamsburg-session/", "EventCode": 1, "Tone": null}}, {"type": "Feature", "geometry": {"type": "Point", "coordinates": [-76.7075, 37.2707]}, "properties": {"Title": "General Assembly Marks 250 Years With Commemorative Colonial Williamsburg Session", "SourceURL": "https://www.pilotonline.com/2026/10/08/general-assembly-marks-250-years-with-commemorative-colonial-williamsburg-session/", "EventCode": 1, "Tone": null}}, {"type": "Feature", "geometry": {"type": "Point", "coordinates": [-76.7075, 37.2707]}, "properties": {"Title": "General Assembly Marks 250 Years With Commemorative Colonial Williamsburg Session", "SourceURL": "https://www.pilotonline.com/2026/10/08/general-assembly-marks-250-years-with-commemorative-colonial-williamsburg-session/", "EventCode": 1, "Tone": null}}, {"type": "Feature", "geometry": {"type": "Point", "coordinates": [-76.7075, 37.2707]}, "properties": {"Title": "General Assembly Marks 250 Years With Commemorative Colonial Williamsburg Session", "SourceURL": "https://www.pilotonline.com/2026/10/08/general-assembly-marks-250-years-with-commemorative-colonial-williamsburg-session/", "EventCode": 1, "Tone": null}}, {"type": "Feature", "geometry": {"type": "Point", "coordinates": [-121.571, 47.3917]}, "properties": {"Title": "Mike Johnson May Step Down Democrats Win House", "SourceURL": "https://www.nydailynews.com/2026/10/08/mike-johnson-may-step-down-democrats-win-house/", "EventCode": 1, "Tone": null}}, {"type": "Feature", "geometry": {"type": "Point", "coordinates": [-78.2057, 37.768]}, "properties": {"Title": "General Assembly Marks 250 Years With Commemorative Colonial Williamsburg Session", "SourceURL": "https://www.pilotonline.com/2026/10/08/general-assembly-marks-250-years-with-commemorative-colonial-williamsburg-session/", "EventCode": 1, "Tone": null}}, {"type": "Feature", "geometry": {"type": "Point", "coordinates": [-76.7075, 37.2707]}, "properties": {"Title": "General Assembly Marks 250 Years With Commemorative Colonial Williamsburg Session", "SourceURL": "https://www.pilotonline.com/2026/10/08/general-assembly-marks-250-years-with-commemorative-colonial-williamsburg-session/", "EventCode": 1, "Tone": null}}, {"type": "Feature", "geometry": {"type": "Point", "coordinates": [-78.2057, 37.768]}, "properties": {"Title": "General Assembly Marks 250 Years With Commemorative Colonial Williamsburg Session", "SourceURL": "https://www.pilotonline.com/2026/10/08/general-assembly-marks-250-years-with-commemorative-colonial-williamsburg-session/", "EventCode": 1, "Tone": null}}, {"type": "Feature", "geometry": {"type": "Point", "coordinates": [-76.7075, 37.2707]}, "properties": {"Title": "General Assembly Marks 250 Years With Commemorative Colonial Williamsburg Session", "SourceURL": "https://www.pilotonline.com/2026/10/08/general-assembly-marks-250-years-with-commemorative-colonial-williamsburg-session/", "EventCode": 1, "Tone": null}}, {"type": "Feature", "geometry": {"type": "Point", "coordinates": [-97.6475, 31.106]}, "properties": {"Title": "Gop Losing Texas", "SourceURL": "https://www.nationalmemo.com/gop-losing-texas", "EventCode": 4, "Tone": null}}, {"type": "Feature", "geometry": {"type": "Point", "coordinates": [-61.2, 13.083333]}, "properties": {"Title": "Svg Advances Seafood Safety And Export Readiness Under Ubec Project", "SourceURL": "https://www.nbcsvg.com/2026/10/08/svg-advances-seafood-safety-and-export-readiness-under-ubec-project/", "EventCode": 1, "Tone": null}}, {"type": "Feature", "geometry": {"type": "Point", "coordinates": [-87.8501, 41.8334]}, "properties": {"Title": "Chicago Police Cpd Shooting Edgar Delgado Arroyo Little Village", "SourceURL": "https://chicago.suntimes.com/police-reform/2026/10/08/chicago-police-cpd-shooting-edgar-delgado-arroyo-little-village", "EventCode": 4, "Tone": null}}, {"type": "Feature", "geometry": {"type": "Point", "coordinates": [-87.6501, 41.85]}, "properties": {"Title": "Chicago Police Cpd Shooting Edgar Delgado Arroyo Little Village", "SourceURL": "https://chicago.suntimes.com/police-reform/2026/10/08/chicago-police-cpd-shooting-edgar-delgado-arroyo-little-village", "EventCode": 4, "Tone": null}}, {"type": "Feature", "geometry": {"type": "Point", "coordinates": [151.217, -33.8833]}, "properties": {"Title": "Search Continues 2 Missing Prince Georges County Teens", "SourceURL": "https://www.fox5dc.com/news/search-continues-2-missing-prince-georges-county-teens", "EventCode": 1, "Tone": null}}, {"type": "Feature", "geometry": {"type": "Point", "coordinates": [-71.5314, 42.2373]}, "properties": {"Title": "Where Northern Lights Visible Tonight New England", "SourceURL": "https://www.bostonglobe.com/2026/10/08/metro/where-northern-lights-visible-tonight-new-england/", "EventCode": 1, "Tone": null}}, {"type": "Feature", "geometry": {"type": "Point", "coordinates": [-77.5, 18.25]}, "properties": {"Title": "Catherine Reid Wins 250000 Red Stripe Flavours Promotion", "SourceURL": "https://www.jamaicaobserver.com/2026/10/08/catherine-reid-wins-250000-red-stripe-flavours-promotion/", "EventCode": 1, "Tone": null}}, {"type": "Feature", "geometry": {"type": "Point", "coordinates": [-77.4603, 37.5538]}, "properties": {"Title": "Honda Thefts Oct 8 2026", "SourceURL": "https://www.wtvr.com/news/local-news/richmond/honda-thefts-oct-8-2026", "EventCode": 2, "Tone": null}}, {"type": "Feature", "geometry": {"type": "Point", "coordinates": [-72.7093, 44.0407]}, "properties": {"Title": "4932140", "SourceURL": "https://www.reformer.com/statenews/federal-court-says-us-agents-can-search-phones-at-vermonts-border-with-canada-without-suspicion/4932140", "EventCode": 2, "Tone": null}}, {"type": "Feature", "geometry": {"type": "Point", "coordinates": [-83.0166, 39.9667]}, "properties": {"Title": "Franklin County Commissioner Erica Crawley Reimburses County 1 421 For Parking Tickets", "SourceURL": "https://www.wosu.org/politics-government/2026-10-08/franklin-county-commissioner-erica-crawley-reimburses-county-1-421-for-parking-tickets", "EventCode": 1, "Tone": null}}, {"type": "Feature", "geometry": {"type": "Point", "coordinates": [-82.7755, 40.3736]}, "properties": {"Title": "Franklin County Commissioner Erica Crawley Reimburses County 1 421 For Parking Tickets", "SourceURL": "https://www.wosu.org/politics-government/2026-10-08/franklin-county-commissioner-erica-crawley-reimburses-county-1-421-for-parking-tickets", "EventCode": 1, "Tone": null}}, {"type": "Feature", "geometry": {"type": "Point", "coordinates": [-82.7755, 40.3736]}, "properties": {"Title": "Franklin County Commissioner Erica Crawley Reimburses County 1 421 For Parking Tickets", "SourceURL": "https://www.wosu.org/politics-government/2026-10-08/franklin-county-commissioner-erica-crawley-reimburses-county-1-421-for-parking-tickets", "EventCode": 1, "Tone": null}}, {"type": "Feature", "geometry": {"type": "Point", "coordinates": [-83.0166, 39.9667]}, "properties": {"Title": "Franklin County Commissioner Erica Crawley Reimburses County 1 421 For Parking Tickets", "SourceURL": "https://www.wosu.org/politics-government/2026-10-08/franklin-county-commissioner-erica-crawley-reimburses-county-1-421-for-parking-tickets", "EventCode": 1, "Tone": null}}, {"type": "Feature", "geometry": {"type": "Point", "coordinates": [-82.7755, 40.3736]}, "properties": {"Title": "Franklin County Commissioner Erica Crawley Reimburses County 1 421 For Parking Tickets", "SourceURL": "https://www.wosu.org/politics-government/2026-10-08/franklin-county-commissioner-erica-crawley-reimburses-county-1-421-for-parking-tickets", "EventCode": 1, "Tone": null}}, {"type": "Feature", "geometry": {"type": "Point", "coordinates": [-82.7755, 40.3736]}, "properties": {"Title": "Franklin County Commissioner Erica Crawley Reimburses County 1 421 For Parking Tickets", "SourceURL": "https://www.wosu.org/politics-government/2026-10-08/franklin-county-commissioner-erica-crawley-reimburses-county-1-421-for-parking-tickets", "EventCode": 1, "Tone": null}}, {"type": "Feature", "geometry": {"type": "Point", "coordinates": [-98.5795, 39.828175]}, "properties": {"Title": "90 Of Boomers Would Raise Taxes On Younger Workers For Retirement Poll", "SourceURL": "https://nypost.com/2026/10/08/us-news/90-of-boomers-would-raise-taxes-on-younger-workers-for-retirement-poll/", "EventCode": 1, "Tone": null}}, {"type": "Feature", "geometry": {"type": "Point", "coordinates": [22.0, 39.0]}, "properties": {"Title": "Anne Carson Crash Course Nobel Prize 9.7373975", "SourceURL": "https://www.cbc.ca/books/anne-carson-crash-course-nobel-prize-9.7373975", "EventCode": 1, "Tone": null}}, {"type": "Feature", "geometry": {"type": "Point", "coordinates": [-118.244, 34.0522]}, "properties": {"Title": "Anne Carson Crash Course Nobel Prize 9.7373975", "SourceURL": "https://www.cbc.ca/books/anne-carson-crash-course-nobel-prize-9.7373975", "EventCode": 1, "Tone": null}}, {"type": "Feature", "geometry": {"type": "Point", "coordinates": [22.0, 39.0]}, "properties": {"Title": "Anne Carson Crash Course Nobel Prize 9.7373975", "SourceURL": "https://www.cbc.ca/books/anne-carson-crash-course-nobel-prize-9.7373975", "EventCode": 1, "Tone": null}}, {"type": "Feature", "geometry": {"type": "Point", "coordinates": [-117.134, 32.6501]}, "properties": {"Title": "26620857.Long Deployed Us Aircraft Carrier Returns Home 265 Days Sea", "SourceURL": "https://www.countypress.co.uk/news/national/26620857.long-deployed-us-aircraft-carrier-returns-home-265-days-sea/", "EventCode": 1, "Tone": null}}, {"type": "Feature", "geometry": {"type": "Point", "coordinates": [-121.901, 36.8]}, "properties": {"Title": "Election 2026 House Control Is Up For Grabs Bay Area Seats Look Safely Democratic", "SourceURL": "https://www.timesheraldonline.com/2026/10/08/election-2026-house-control-is-up-for-grabs-bay-area-seats-look-safely-democratic/", "EventCode": 1, "Tone": null}}, {"type": "Feature", "geometry": {"type": "Point", "coordinates": [0.083333, 52.3333]}, "properties": {"Title": "Latvian Men Accused Of Spying After Allegedly Breaking Into Uk Airbase Used By Us Nato 6101304", "SourceURL": "https://www.theepochtimes.com/world/latvian-men-accused-of-spying-after-allegedly-breaking-into-uk-airbase-used-by-us-nato-6101304", "EventCode": 1, "Tone": null}}, {"type": "Feature", "geometry": {"type": "Point", "coordinates": [25.0, 57.0]}, "properties": {"Title": "Latvian Men Accused Of Spying After Allegedly Breaking Into Uk Airbase Used By Us Nato 6101304", "SourceURL": "https://www.theepochtimes.com/world/latvian-men-accused-of-spying-after-allegedly-breaking-into-uk-airbase-used-by-us-nato-6101304", "EventCode": 1, "Tone": null}}, {"type": "Feature", "geometry": {"type": "Point", "coordinates": [-2.12583, 51.0922]}, "properties": {"Title": "134800442.Cms", "SourceURL": "https://timesofindia.indiatimes.com/defence/news/from-19-havai-sepoys-to-a-formidable-air-force-in-the-world-iaf-celebrates-its-94-year-old-glorious-journey/articleshow/134800442.cms", "EventCode": 1, "Tone": null}}, {"type": "Feature", "geometry": {"type": "Point", "coordinates": [76.1, 34.5667]}, "properties": {"Title": "134800442.Cms", "SourceURL": "https://timesofindia.indiatimes.com/defence/news/from-19-havai-sepoys-to-a-formidable-air-force-in-the-world-iaf-celebrates-its-94-year-old-glorious-journey/articleshow/134800442.cms", "EventCode": 1, "Tone": null}}, {"type": "Feature", "geometry": {"type": "Point", "coordinates": [-76.2852, 36.8468]}, "properties": {"Title": "Ocean View License Plate", "SourceURL": "https://www.pilotonline.com/2026/10/08/ocean-view-license-plate/", "EventCode": 2, "Tone": null}}, {"type": "Feature", "geometry": {"type": "Point", "coordinates": [-78.2057, 37.768]}, "properties": {"Title": "Ocean View License Plate", "SourceURL": "https://www.pilotonline.com/2026/10/08/ocean-view-license-plate/", "EventCode": 2, "Tone": null}}, {"type": "Feature", "geometry": {"type": "Point", "coordinates": [138.0, 36.0]}, "properties": {"Title": "Uss Lincoln San Diego Returns", "SourceURL": "https://www.cbsnews.com/news/uss-lincoln-san-diego-returns/", "EventCode": 2, "Tone": null}}, {"type": "Feature", "geometry": {"type": "Point", "coordinates": [-77.0364, 38.8951]}, "properties": {"Title": "Military Leadership Knew Flaws Army Helicopter Dc Collision American Airlines Report", "SourceURL": "https://www.dailymail.com/news/article-16194087/military-leadership-knew-flaws-army-helicopter-dc-collision-american-airlines-report.html", "EventCode": 3, "Tone": null}}, {"type": "Feature", "geometry": {"type": "Point", "coordinates": [-77.0364, 38.8951]}, "properties": {"Title": "Pentagon Chief Says Execution Of Military Base Shooter To Be Public 3005375", "SourceURL": "https://www.arabnews.com/world/pentagon-chief-says-execution-of-military-base-shooter-to-be-public-3005375", "EventCode": 4, "Tone": null}}, {"type": "Feature", "geometry": {"type": "Point", "coordinates": [-77.0003, 38.889]}, "properties": {"Title": "Military Leadership Knew Flaws Army Helicopter Dc Collision American Airlines Report", "SourceURL": "https://www.dailymail.com/news/article-16194087/military-leadership-knew-flaws-army-helicopter-dc-collision-american-airlines-report.html", "EventCode": 4, "Tone": null}}, {"type": "Feature", "geometry": {"type": "Point", "coordinates": [-121.494, 38.5816]}, "properties": {"Title": "Election 2026 House Control Is Up For Grabs Bay Area Seats Look Safely Democratic", "SourceURL": "https://www.timesheraldonline.com/2026/10/08/election-2026-house-control-is-up-for-grabs-bay-area-seats-look-safely-democratic/", "EventCode": 2, "Tone": null}}, {"type": "Feature", "geometry": {"type": "Point", "coordinates": [-121.494, 38.5816]}, "properties": {"Title": "Election 2026 House Control Is Up For Grabs Bay Area Seats Look Safely Democratic", "SourceURL": "https://www.timesheraldonline.com/2026/10/08/election-2026-house-control-is-up-for-grabs-bay-area-seats-look-safely-democratic/", "EventCode": 2, "Tone": null}}, {"type": "Feature", "geometry": {"type": "Point", "coordinates": [-121.934, 38.2685]}, "properties": {"Title": "Election 2026 House Control Is Up For Grabs Bay Area Seats Look Safely Democratic", "SourceURL": "https://www.timesheraldonline.com/2026/10/08/election-2026-house-control-is-up-for-grabs-bay-area-seats-look-safely-democratic/", "EventCode": 2, "Tone": null}}, {"type": "Feature", "geometry": {"type": "Point", "coordinates": [-2.12583, 51.0922]}, "properties": {"Title": "134800442.Cms", "SourceURL": "https://timesofindia.indiatimes.com/defence/news/from-19-havai-sepoys-to-a-formidable-air-force-in-the-world-iaf-celebrates-its-94-year-old-glorious-journey/articleshow/134800442.cms", "EventCode": 1, "Tone": null}}, {"type": "Feature", "geometry": {"type": "Point", "coordinates": [-2.12583, 51.0922]}, "properties": {"Title": "134800442.Cms", "SourceURL": "https://timesofindia.indiatimes.com/defence/news/from-19-havai-sepoys-to-a-formidable-air-force-in-the-world-iaf-celebrates-its-94-year-old-glorious-journey/articleshow/134800442.cms", "EventCode": 1, "Tone": null}}, {"type": "Feature", "geometry": {"type": "Point", "coordinates": [2.0, 46.0]}, "properties": {"Title": "134800442.Cms", "SourceURL": "https://timesofindia.indiatimes.com/defence/news/from-19-havai-sepoys-to-a-formidable-air-force-in-the-world-iaf-celebrates-its-94-year-old-glorious-journey/articleshow/134800442.cms", "EventCode": 1, "Tone": null}}, {"type": "Feature", "geometry": {"type": "Point", "coordinates": [-105.327, 39.0646]}, "properties": {"Title": "Ndlea Cracks Down In Edo Arrests 42 As Drug Baron Flees", "SourceURL": "https://thesun.ng/ndlea-cracks-down-in-edo-arrests-42-as-drug-baron-flees/", "EventCode": 1, "Tone": null}}, {"type": "Feature", "geometry": {"type": "Point", "coordinates": [-89.6812, 32.7673]}, "properties": {"Title": "74082392", "SourceURL": "https://www.wapt.com/article/proposed-mississippi-license-plate-features-military-inspired-design/74082392", "EventCode": 1, "Tone": null}}, {"type": "Feature", "geometry": {"type": "Point", "coordinates": [-117.157, 32.7153]}, "properties": {"Title": "Ypcmtk6S2Y5C7P2Vjsqkpr4Spm", "SourceURL": "https://www.wsbradio.com/news/politics/pentagon-says-firing/YPCMTK6S2Y5C7P2VJSQKPR4SPM/", "EventCode": 1, "Tone": null}}, {"type": "Feature", "geometry": {"type": "Point", "coordinates": [-121.494, 38.5816]}, "properties": {"Title": "Election 2026 House Control Is Up For Grabs Bay Area Seats Look Safely Democratic", "SourceURL": "https://www.timesheraldonline.com/2026/10/08/election-2026-house-control-is-up-for-grabs-bay-area-seats-look-safely-democratic/", "EventCode": 1, "Tone": null}}, {"type": "Feature", "geometry": {"type": "Point", "coordinates": [-121.934, 38.2685]}, "properties": {"Title": "Election 2026 House Control Is Up For Grabs Bay Area Seats Look Safely Democratic", "SourceURL": "https://www.timesheraldonline.com/2026/10/08/election-2026-house-control-is-up-for-grabs-bay-area-seats-look-safely-democratic/", "EventCode": 1, "Tone": null}}, {"type": "Feature", "geometry": {"type": "Point", "coordinates": [-119.746, 36.17]}, "properties": {"Title": "Uss Abraham Lincoln Returns To San Diego After Long Combat Deployment In Middle East", "SourceURL": "https://www.pilotonline.com/2026/10/08/uss-abraham-lincoln-returns-to-san-diego-after-long-combat-deployment-in-middle-east/", "EventCode": 1, "Tone": null}}, {"type": "Feature", "geometry": {"type": "Point", "coordinates": [100.0, 15.0]}, "properties": {"Title": "Uss Lincoln San Diego Returns", "SourceURL": "https://www.cbsnews.com/news/uss-lincoln-san-diego-returns/", "EventCode": 2, "Tone": null}}, {"type": "Feature", "geometry": {"type": "Point", "coordinates": [53.0, 32.0]}, "properties": {"Title": "26620857.Long Deployed Us Aircraft Carrier Returns Home 265 Days Sea", "SourceURL": "https://www.guardian-series.co.uk/news/national/26620857.long-deployed-us-aircraft-carrier-returns-home-265-days-sea/", "EventCode": 2, "Tone": null}}, {"type": "Feature", "geometry": {"type": "Point", "coordinates": [-117.157, 32.7153]}, "properties": {"Title": "Uss Lincoln San Diego Returns", "SourceURL": "https://www.cbsnews.com/news/uss-lincoln-san-diego-returns/", "EventCode": 2, "Tone": null}}, {"type": "Feature", "geometry": {"type": "Point", "coordinates": [-82.7755, 40.3736]}, "properties": {"Title": "O6Rcmuhahm52Vk3Ch64Rund2Lm", "SourceURL": "https://www.wsbradio.com/news/national/long-deployed-uss/O6RCMUHAHM52VK3CH64RUND2LM/", "EventCode": 2, "Tone": null}}, {"type": "Feature", "geometry": {"type": "Point", "coordinates": [107.833333, 16.166667]}, "properties": {"Title": "26620857.Long Deployed Us Aircraft Carrier Returns Home 265 Days Sea", "SourceURL": "https://www.guardian-series.co.uk/news/national/26620857.long-deployed-us-aircraft-carrier-returns-home-265-days-sea/", "EventCode": 2, "Tone": null}}, {"type": "Feature", "geometry": {"type": "Point", "coordinates": [-77.0003, 38.889]}, "properties": {"Title": "Military Leadership Knew Flaws Army Helicopter Dc Collision American Airlines Report", "SourceURL": "https://www.dailymail.com/news/article-16194087/military-leadership-knew-flaws-army-helicopter-dc-collision-american-airlines-report.html", "EventCode": 4, "Tone": null}}, {"type": "Feature", "geometry": {"type": "Point", "coordinates": [-89.6812, 32.7673]}, "properties": {"Title": "74082392", "SourceURL": "https://www.wapt.com/article/proposed-mississippi-license-plate-features-military-inspired-design/74082392", "EventCode": 1, "Tone": null}}, {"type": "Feature", "geometry": {"type": "Point", "coordinates": [113.649, 34.7578]}, "properties": {"Title": "5E6C720625Eca34D4027Ae28688C39F9", "SourceURL": "https://www.townsvillebulletin.com.au/motoring/on-the-road/toyota-boss-big-bet-against-china/news-story/5e6c720625eca34d4027ae28688c39f9?nk=69c9c4c73d68cbdabcf4fede5997d09a-1791495138", "EventCode": 3, "Tone": null}}, {"type": "Feature", "geometry": {"type": "Point", "coordinates": [135.0, -25.0]}, "properties": {"Title": "5E6C720625Eca34D4027Ae28688C39F9", "SourceURL": "https://www.townsvillebulletin.com.au/motoring/on-the-road/toyota-boss-big-bet-against-china/news-story/5e6c720625eca34d4027ae28688c39f9?nk=69c9c4c73d68cbdabcf4fede5997d09a-1791495138", "EventCode": 3, "Tone": null}}, {"type": "Feature", "geometry": {"type": "Point", "coordinates": [-97.6475, 31.106]}, "properties": {"Title": "Class Action Filed Against Samsung Over Smart Tv Spying Concerns 6101159", "SourceURL": "https://www.theepochtimes.com/us/class-action-filed-against-samsung-over-smart-tv-spying-concerns-6101159", "EventCode": 1, "Tone": null}}, {"type": "Feature", "geometry": {"type": "Point", "coordinates": [-97.6475, 31.106]}, "properties": {"Title": "Class Action Filed Against Samsung Over Smart Tv Spying Concerns 6101159", "SourceURL": "https://www.theepochtimes.com/us/class-action-filed-against-samsung-over-smart-tv-spying-concerns-6101159", "EventCode": 2, "Tone": null}}, {"type": "Feature", "geometry": {"type": "Point", "coordinates": [-97.6475, 31.106]}, "properties": {"Title": "Class Action Filed Against Samsung Over Smart Tv Spying Concerns 6101159", "SourceURL": "https://www.theepochtimes.com/us/class-action-filed-against-samsung-over-smart-tv-spying-concerns-6101159", "EventCode": 2, "Tone": null}}, {"type": "Feature", "geometry": {"type": "Point", "coordinates": [-98.5795, 39.828175]}, "properties": {"Title": "Us Suspends Microsoft And Adobe From Labour Certification Programme 1036610609", "SourceURL": "https://www.finanzen.ch/nachrichten/aktien/us-suspends-microsoft-and-adobe-from-labour-certification-programme-1036610609", "EventCode": 3, "Tone": null}}, {"type": "Feature", "geometry": {"type": "Point", "coordinates": [-98.5795, 39.828175]}, "properties": {"Title": "Us Suspends Microsoft And Adobe From Labour Certification Programme 1036610609", "SourceURL": "https://www.finanzen.ch/nachrichten/aktien/us-suspends-microsoft-and-adobe-from-labour-certification-programme-1036610609", "EventCode": 3, "Tone": null}}, {"type": "Feature", "geometry": {"type": "Point", "coordinates": [-76.0105, 36.8435]}, "properties": {"Title": "Business Notes Virginia Beach Police", "SourceURL": "https://www.pilotonline.com/2026/10/08/business-notes-virginia-beach-police/", "EventCode": 1, "Tone": null}}, {"type": "Feature", "geometry": {"type": "Point", "coordinates": [-78.2057, 37.768]}, "properties": {"Title": "Business Notes Virginia Beach Police", "SourceURL": "https://www.pilotonline.com/2026/10/08/business-notes-virginia-beach-police/", "EventCode": 1, "Tone": null}}, {"type": "Feature", "geometry": {"type": "Point", "coordinates": [-0.133333, 51.5]}, "properties": {"Title": "Prince Andrew Court Victory Search Warrants Deemed Unlawful Epstein Arrest", "SourceURL": "https://radaronline.com/p/prince-andrew-court-victory-search-warrants-deemed-unlawful-epstein-arrest/", "EventCode": 1, "Tone": null}}, {"type": "Feature", "geometry": {"type": "Point", "coordinates": [-0.116667, 51.5]}, "properties": {"Title": "Prince Andrew Court Victory Search Warrants Deemed Unlawful Epstein Arrest", "SourceURL": "https://radaronline.com/p/prince-andrew-court-victory-search-warrants-deemed-unlawful-epstein-arrest/", "EventCode": 1, "Tone": null}}, {"type": "Feature", "geometry": {"type": "Point", "coordinates": [-77.5997, 37.3835]}, "properties": {"Title": "Google Data Center Cited For 7 Deq Violations In Chesterfield", "SourceURL": "https://www.wtvr.com/news/local-news/chesterfield-county/google-data-center-cited-for-7-deq-violations-in-chesterfield", "EventCode": 1, "Tone": null}}, {"type": "Feature", "geometry": {"type": "Point", "coordinates": [-78.2057, 37.768]}, "properties": {"Title": "Google Data Center Cited For 7 Deq Violations In Chesterfield", "SourceURL": "https://www.wtvr.com/news/local-news/chesterfield-county/google-data-center-cited-for-7-deq-violations-in-chesterfield", "EventCode": 1, "Tone": null}}, {"type": "Feature", "geometry": {"type": "Point", "coordinates": [-4.0, 40.0]}, "properties": {"Title": "Joe Manganiello Accuses Sophia Vergara Refusing Hug Him Illness", "SourceURL": "https://radaronline.com/p/joe-manganiello-accuses-sophia-vergara-refusing-hug-him-illness/", "EventCode": 3, "Tone": null}}, {"type": "Feature", "geometry": {"type": "Point", "coordinates": [-111.854, 40.1135]}, "properties": {"Title": "Erika Kirk Warns Assassins Always Find A Way Charlie Death", "SourceURL": "https://radaronline.com/p/erika-kirk-warns-assassins-always-find-a-way-charlie-death/", "EventCode": 4, "Tone": null}}, {"type": "Feature", "geometry": {"type": "Point", "coordinates": [-4.0, 40.0]}, "properties": {"Title": "Joe Manganiello Accuses Sophia Vergara Refusing Hug Him Illness", "SourceURL": "https://radaronline.com/p/joe-manganiello-accuses-sophia-vergara-refusing-hug-him-illness/", "EventCode": 3, "Tone": null}}, {"type": "Feature", "geometry": {"type": "Point", "coordinates": [-0.133333, 51.5]}, "properties": {"Title": "Prince Andrew Court Victory Search Warrants Deemed Unlawful Epstein Arrest", "SourceURL": "https://radaronline.com/p/prince-andrew-court-victory-search-warrants-deemed-unlawful-epstein-arrest/", "EventCode": 1, "Tone": null}}, {"type": "Feature", "geometry": {"type": "Point", "coordinates": [0.516667, 52.8333]}, "properties": {"Title": "Prince Andrew Court Victory Search Warrants Deemed Unlawful Epstein Arrest", "SourceURL": "https://radaronline.com/p/prince-andrew-court-victory-search-warrants-deemed-unlawful-epstein-arrest/", "EventCode": 1, "Tone": null}}, {"type": "Feature", "geometry": {"type": "Point", "coordinates": [-77.5997, 37.3835]}, "properties": {"Title": "Google Data Center Cited For 7 Deq Violations In Chesterfield", "SourceURL": "https://www.wtvr.com/news/local-news/chesterfield-county/google-data-center-cited-for-7-deq-violations-in-chesterfield", "EventCode": 1, "Tone": null}}, {"type": "Feature", "geometry": {"type": "Point", "coordinates": [-78.2057, 37.768]}, "properties": {"Title": "Google Data Center Cited For 7 Deq Violations In Chesterfield", "SourceURL": "https://www.wtvr.com/news/local-news/chesterfield-county/google-data-center-cited-for-7-deq-violations-in-chesterfield", "EventCode": 1, "Tone": null}}, {"type": "Feature", "geometry": {"type": "Point", "coordinates": [-77.5997, 37.3835]}, "properties": {"Title": "Google Data Center Cited For 7 Deq Violations In Chesterfield", "SourceURL": "https://www.wtvr.com/news/local-news/chesterfield-county/google-data-center-cited-for-7-deq-violations-in-chesterfield", "EventCode": 1, "Tone": null}}, {"type": "Feature", "geometry": {"type": "Point", "coordinates": [103.758, 1.4655]}, "properties": {"Title": "Mydigitalin Coursera Ai Skills Development Tie Up", "SourceURL": "https://www.thestar.com.my/business/business-news/2026/10/09/mydigitalin-coursera-ai-skills-development-tie-up", "EventCode": 2, "Tone": null}}, {"type": "Feature", "geometry": {"type": "Point", "coordinates": [5.19312, 7.25256]}, "properties": {"Title": "Nans Backs Anti Corruption Fight Cautions Against Abuse", "SourceURL": "https://dailypost.ng/2026/10/08/nans-backs-anti-corruption-fight-cautions-against-abuse/", "EventCode": 1, "Tone": null}}, {"type": "Feature", "geometry": {"type": "Point", "coordinates": [5.08333, 7.16667]}, "properties": {"Title": "Nans Backs Anti Corruption Fight Cautions Against Abuse", "SourceURL": "https://dailypost.ng/2026/10/08/nans-backs-anti-corruption-fight-cautions-against-abuse/", "EventCode": 1, "Tone": null}}, {"type": "Feature", "geometry": {"type": "Point", "coordinates": [6.0, 6.5]}, "properties": {"Title": "2027 Only Mad Men Will Vote Tinubu Amaechi", "SourceURL": "https://dailypost.ng/2026/10/08/2027-only-mad-men-will-vote-tinubu-amaechi/", "EventCode": 1, "Tone": null}}, {"type": "Feature", "geometry": {"type": "Point", "coordinates": [2.25, 9.5]}, "properties": {"Title": "2027 Only Mad Men Will Vote Tinubu Amaechi", "SourceURL": "https://dailypost.ng/2026/10/08/2027-only-mad-men-will-vote-tinubu-amaechi/", "EventCode": 1, "Tone": null}}, {"type": "Feature", "geometry": {"type": "Point", "coordinates": [8.0, 10.0]}, "properties": {"Title": "What Cutting Fuel Price Really Means Presidency Explains", "SourceURL": "https://dailypost.ng/2026/10/08/what-cutting-fuel-price-really-means-presidency-explains/", "EventCode": 2, "Tone": null}}, {"type": "Feature", "geometry": {"type": "Point", "coordinates": [3.89639, 7.38778]}, "properties": {"Title": "Seven Days After Abduction 20 Corps Members Arrive Ibadan", "SourceURL": "https://thesun.ng/seven-days-after-abduction-20-corps-members-arrive-ibadan/", "EventCode": 2, "Tone": null}}, {"type": "Feature", "geometry": {"type": "Point", "coordinates": [6.83333, 4.75]}, "properties": {"Title": "Rivers Apc Wike Fubara Reconciliation Not 2027 Campaign Trick", "SourceURL": "https://thesun.ng/rivers-apc-wike-fubara-reconciliation-not-2027-campaign-trick/", "EventCode": 3, "Tone": null}}, {"type": "Feature", "geometry": {"type": "Point", "coordinates": [7.53333, 9.08333]}, "properties": {"Title": "Fg Announces 30 Day Petrol Discount At Nnpc Stations", "SourceURL": "https://thesun.ng/fg-announces-30-day-petrol-discount-at-nnpc-stations/", "EventCode": 1, "Tone": null}}, {"type": "Feature", "geometry": {"type": "Point", "coordinates": [4.0, 8.0]}, "properties": {"Title": "Seven Days After Abduction 20 Corps Members Arrive Ibadan", "SourceURL": "https://thesun.ng/seven-days-after-abduction-20-corps-members-arrive-ibadan/", "EventCode": 1, "Tone": null}}, {"type": "Feature", "geometry": {"type": "Point", "coordinates": [3.89639, 7.38778]}, "properties": {"Title": "Seven Days After Abduction 20 Corps Members Arrive Ibadan", "SourceURL": "https://thesun.ng/seven-days-after-abduction-20-corps-members-arrive-ibadan/", "EventCode": 2, "Tone": null}}, {"type": "Feature", "geometry": {"type": "Point", "coordinates": [8.0, 10.0]}, "properties": {"Title": "Panic Driven Publicity Stunt Atiku Blasts Tinubus 30 Day Fuel Discount", "SourceURL": "https://dailypost.ng/2026/10/08/panic-driven-publicity-stunt-atiku-blasts-tinubus-30-day-fuel-discount/", "EventCode": 4, "Tone": null}}, {"type": "Feature", "geometry": {"type": "Point", "coordinates": [5.19312, 7.25256]}, "properties": {"Title": "Nans Backs Anti Corruption Fight Cautions Against Abuse", "SourceURL": "https://dailypost.ng/2026/10/08/nans-backs-anti-corruption-fight-cautions-against-abuse/", "EventCode": 1, "Tone": null}}, {"type": "Feature", "geometry": {"type": "Point", "coordinates": [3.89639, 7.38778]}, "properties": {"Title": "Seven Days After Abduction 20 Corps Members Arrive Ibadan", "SourceURL": "https://thesun.ng/seven-days-after-abduction-20-corps-members-arrive-ibadan/", "EventCode": 1, "Tone": null}}, {"type": "Feature", "geometry": {"type": "Point", "coordinates": [4.0, 8.0]}, "properties": {"Title": "Seven Days After Abduction 20 Corps Members Arrive Ibadan", "SourceURL": "https://thesun.ng/seven-days-after-abduction-20-corps-members-arrive-ibadan/", "EventCode": 4, "Tone": null}}, {"type": "Feature", "geometry": {"type": "Point", "coordinates": [5.19312, 7.25256]}, "properties": {"Title": "Nans Backs Anti Corruption Fight Cautions Against Abuse", "SourceURL": "https://dailypost.ng/2026/10/08/nans-backs-anti-corruption-fight-cautions-against-abuse/", "EventCode": 1, "Tone": null}}, {"type": "Feature", "geometry": {"type": "Point", "coordinates": [-72.7093, 44.0407]}, "properties": {"Title": "4924984", "SourceURL": "https://www.reformer.com/newenglandnews/vermont-prop-4-explained-in-virtual-forum/4924984", "EventCode": 1, "Tone": null}}, {"type": "Feature", "geometry": {"type": "Point", "coordinates": [-72.7093, 44.0407]}, "properties": {"Title": "4924984", "SourceURL": "https://www.reformer.com/newenglandnews/vermont-prop-4-explained-in-virtual-forum/4924984", "EventCode": 1, "Tone": null}}, {"type": "Feature", "geometry": {"type": "Point", "coordinates": [-122.159, 38.0494]}, "properties": {"Title": "Bay Area Property Owners Speak Out Against Proposed Gas Water Heater Ban", "SourceURL": "https://www.timesheraldonline.com/2026/10/08/bay-area-property-owners-speak-out-against-proposed-gas-water-heater-ban/", "EventCode": 1, "Tone": null}}, {"type": "Feature", "geometry": {"type": "Point", "coordinates": [-122.159, 38.0494]}, "properties": {"Title": "Bay Area Property Owners Speak Out Against Proposed Gas Water Heater Ban", "SourceURL": "https://www.timesheraldonline.com/2026/10/08/bay-area-property-owners-speak-out-against-proposed-gas-water-heater-ban/", "EventCode": 1, "Tone": null}}, {"type": "Feature", "geometry": {"type": "Point", "coordinates": [2.0, 46.0]}, "properties": {"Title": "134800442.Cms", "SourceURL": "https://timesofindia.indiatimes.com/defence/news/from-19-havai-sepoys-to-a-formidable-air-force-in-the-world-iaf-celebrates-its-94-year-old-glorious-journey/articleshow/134800442.cms", "EventCode": 1, "Tone": null}}, {"type": "Feature", "geometry": {"type": "Point", "coordinates": [4.0, 50.833333]}, "properties": {"Title": "Furious River Cruise Passenger Says Itinerary 15 500 Trip Changed Minute Desirable Locations Refused Refund", "SourceURL": "https://www.dailymail.com/news/article-16194117/Furious-river-cruise-passenger-says-itinerary-15-500-trip-changed-minute-desirable-locations-refused-refund.html", "EventCode": 1, "Tone": null}}, {"type": "Feature", "geometry": {"type": "Point", "coordinates": [4.91667, 52.35]}, "properties": {"Title": "Furious River Cruise Passenger Says Itinerary 15 500 Trip Changed Minute Desirable Locations Refused Refund", "SourceURL": "https://www.dailymail.com/news/article-16194117/Furious-river-cruise-passenger-says-itinerary-15-500-trip-changed-minute-desirable-locations-refused-refund.html", "EventCode": 1, "Tone": null}}, {"type": "Feature", "geometry": {"type": "Point", "coordinates": [84.0, 28.0]}, "properties": {"Title": "Dashain Tika 2026 Auspicious Time Dashain Tika 1026 M Kartik 4 Nepal", "SourceURL": "https://www.spotlightnepal.com/2026/10/08/dashain-tika-2026-auspicious-time-dashain-tika-1026-m-kartik-4-nepal/", "EventCode": 1, "Tone": null}}, {"type": "Feature", "geometry": {"type": "Point", "coordinates": [83.8929, 28.1311]}, "properties": {"Title": "Jica Handover 2Nd Batch Of Emergency Assistance To Nepal In Response To The Rasuwabhotekoshi Flood 2026", "SourceURL": "https://www.spotlightnepal.com/2026/10/08/jica-handover-2nd-batch-of-emergency-assistance-to-nepal-in-response-to-the-rasuwabhotekoshi-flood-2026/", "EventCode": 2, "Tone": null}}, {"type": "Feature", "geometry": {"type": "Point", "coordinates": [85.3595, 27.6986]}, "properties": {"Title": "Jica And Government Nepal Sign Grant Agreement Jpy 285 Billion Modernization Air Traffic Control Facilities Tribhuvan International Airport", "SourceURL": "https://www.spotlightnepal.com/2026/10/08/jica-and-government-nepal-sign-grant-agreement-jpy-285-billion-modernization-air-traffic-control-facilities-tribhuvan-international-airport/", "EventCode": 1, "Tone": null}}, {"type": "Feature", "geometry": {"type": "Point", "coordinates": [138.6, -34.9333]}, "properties": {"Title": "Www.Indusage.Com.Au", "SourceURL": "https://www.indusage.com.au/?p=99607", "EventCode": 1, "Tone": null}}, {"type": "Feature", "geometry": {"type": "Point", "coordinates": [-2.99528, 51.2417]}, "properties": {"Title": "Polanski Polls Close Holborn Election Green", "SourceURL": "https://www.dailymail.com/news/article-16194609/Polanski-polls-close-Holborn-election-Green.html", "EventCode": 1, "Tone": null}}, {"type": "Feature", "geometry": {"type": "Point", "coordinates": [-0.116667, 51.5]}, "properties": {"Title": "Polanski Polls Close Holborn Election Green", "SourceURL": "https://www.dailymail.com/news/article-16194609/Polanski-polls-close-Holborn-election-Green.html", "EventCode": 1, "Tone": null}}, {"type": "Feature", "geometry": {"type": "Point", "coordinates": [-2.99528, 51.2417]}, "properties": {"Title": "Polanski Polls Close Holborn Election Green", "SourceURL": "https://www.dailymail.com/news/article-16194609/Polanski-polls-close-Holborn-election-Green.html", "EventCode": 1, "Tone": null}}, {"type": "Feature", "geometry": {"type": "Point", "coordinates": [-0.116667, 51.5]}, "properties": {"Title": "Polanski Polls Close Holborn Election Green", "SourceURL": "https://www.dailymail.com/news/article-16194609/Polanski-polls-close-Holborn-election-Green.html", "EventCode": 1, "Tone": null}}, {"type": "Feature", "geometry": {"type": "Point", "coordinates": [12.5833, 55.6667]}, "properties": {"Title": "Kombucha Booming But Still Kombucha 12530576", "SourceURL": "https://www.newsweek.com/kombucha-booming-but-still-kombucha-12530576", "EventCode": 1, "Tone": null}}, {"type": "Feature", "geometry": {"type": "Point", "coordinates": [12.5833, 55.6667]}, "properties": {"Title": "Kombucha Booming But Still Kombucha 12530576", "SourceURL": "https://www.newsweek.com/kombucha-booming-but-still-kombucha-12530576", "EventCode": 1, "Tone": null}}, {"type": "Feature", "geometry": {"type": "Point", "coordinates": [-8.0, 39.5]}, "properties": {"Title": "Bruno Fernandes Contract Talks With Manchester United Held By One Key Issue", "SourceURL": "https://thehardtackle.com/transfer-news/2026/10/08/bruno-fernandes-contract-talks-with-manchester-united-held-by-one-key-issue/", "EventCode": 1, "Tone": null}}, {"type": "Feature", "geometry": {"type": "Point", "coordinates": [-8.0, 39.5]}, "properties": {"Title": "Bruno Fernandes Contract Talks With Manchester United Held By One Key Issue", "SourceURL": "https://thehardtackle.com/transfer-news/2026/10/08/bruno-fernandes-contract-talks-with-manchester-united-held-by-one-key-issue/", "EventCode": 1, "Tone": null}}, {"type": "Feature", "geometry": {"type": "Point", "coordinates": [35.25, 31.666667]}, "properties": {"Title": "Jordan Supports Uk In Its Decision To Keep Diplomatic Mission Open In East Jerusalem 3005370", "SourceURL": "https://www.arabnews.com/middle-east/jordan-supports-uk-in-its-decision-to-keep-diplomatic-mission-open-in-east-jerusalem-3005370", "EventCode": 3, "Tone": null}}, {"type": "Feature", "geometry": {"type": "Point", "coordinates": [34.75, 31.5]}, "properties": {"Title": "Settlers Damage Olive Trees In West Banks Salfit District 3005377", "SourceURL": "https://www.arabnews.com/middle-east/settlers-damage-olive-trees-in-west-banks-salfit-district-3005377", "EventCode": 4, "Tone": null}}, {"type": "Feature", "geometry": {"type": "Point", "coordinates": [34.75, 31.5]}, "properties": {"Title": "Settlers Damage Olive Trees In West Banks Salfit District 3005377", "SourceURL": "https://www.arabnews.com/middle-east/settlers-damage-olive-trees-in-west-banks-salfit-district-3005377", "EventCode": 4, "Tone": null}}, {"type": "Feature", "geometry": {"type": "Point", "coordinates": [34.75, 31.5]}, "properties": {"Title": "Settlers Damage Olive Trees In West Banks Salfit District 3005377", "SourceURL": "https://www.arabnews.com/middle-east/settlers-damage-olive-trees-in-west-banks-salfit-district-3005377", "EventCode": 4, "Tone": null}}, {"type": "Feature", "geometry": {"type": "Point", "coordinates": [35.2636, 32.2199]}, "properties": {"Title": "Settlers Damage Olive Trees In West Banks Salfit District 3005377", "SourceURL": "https://www.arabnews.com/middle-east/settlers-damage-olive-trees-in-west-banks-salfit-district-3005377", "EventCode": 4, "Tone": null}}, {"type": "Feature", "geometry": {"type": "Point", "coordinates": [34.75, 31.5]}, "properties": {"Title": "Settlers Damage Olive Trees In West Banks Salfit District 3005377", "SourceURL": "https://www.arabnews.com/middle-east/settlers-damage-olive-trees-in-west-banks-salfit-district-3005377", "EventCode": 4, "Tone": null}}, {"type": "Feature", "geometry": {"type": "Point", "coordinates": [35.1808, 32.0837]}, "properties": {"Title": "Settlers Damage Olive Trees In West Banks Salfit District 3005377", "SourceURL": "https://www.arabnews.com/middle-east/settlers-damage-olive-trees-in-west-banks-salfit-district-3005377", "EventCode": 4, "Tone": null}}, {"type": "Feature", "geometry": {"type": "Point", "coordinates": [34.3333, 31.4167]}, "properties": {"Title": "Article 1F850D9F 8B7B 43D9 8F81 167A3F2E8Bf6", "SourceURL": "https://www.redandblack.com/uganews/uga-student-organizations-host-commemoration-events-for-anniversary-of-oct-7/article_1f850d9f-8b7b-43d9-8f81-167a3f2e8bf6.html", "EventCode": 4, "Tone": null}}, {"type": "Feature", "geometry": {"type": "Point", "coordinates": [6.83333, 4.75]}, "properties": {"Title": "Amaechi Only Mad People And Thieves Will Vote For Tinubu", "SourceURL": "https://thesun.ng/amaechi-only-mad-people-and-thieves-will-vote-for-tinubu/", "EventCode": 1, "Tone": null}}, {"type": "Feature", "geometry": {"type": "Point", "coordinates": [6.0, 6.5]}, "properties": {"Title": "Amaechi Only Mad People And Thieves Will Vote For Tinubu", "SourceURL": "https://thesun.ng/amaechi-only-mad-people-and-thieves-will-vote-for-tinubu/", "EventCode": 1, "Tone": null}}, {"type": "Feature", "geometry": {"type": "Point", "coordinates": [37.2407, 34.2296]}, "properties": {"Title": "Fourth Group Of Displaced Families Returns To Syrias Ras Al Ain 3005376", "SourceURL": "https://www.arabnews.com/middle-east/fourth-group-of-displaced-families-returns-to-syrias-ras-al-ain-3005376", "EventCode": 1, "Tone": null}}, {"type": "Feature", "geometry": {"type": "Point", "coordinates": [36.6339, 35.9306]}, "properties": {"Title": "Fourth Group Of Displaced Families Returns To Syrias Ras Al Ain 3005376", "SourceURL": "https://www.arabnews.com/middle-east/fourth-group-of-displaced-families-returns-to-syrias-ras-al-ain-3005376", "EventCode": 1, "Tone": null}}, {"type": "Feature", "geometry": {"type": "Point", "coordinates": [36.6339, 35.9306]}, "properties": {"Title": "Fourth Group Of Displaced Families Returns To Syrias Ras Al Ain 3005376", "SourceURL": "https://www.arabnews.com/middle-east/fourth-group-of-displaced-families-returns-to-syrias-ras-al-ain-3005376", "EventCode": 1, "Tone": null}}, {"type": "Feature", "geometry": {"type": "Point", "coordinates": [37.2407, 34.2296]}, "properties": {"Title": "Fourth Group Of Displaced Families Returns To Syrias Ras Al Ain 3005376", "SourceURL": "https://www.arabnews.com/middle-east/fourth-group-of-displaced-families-returns-to-syrias-ras-al-ain-3005376", "EventCode": 1, "Tone": null}}, {"type": "Feature", "geometry": {"type": "Point", "coordinates": [36.6339, 35.9306]}, "properties": {"Title": "Fourth Group Of Displaced Families Returns To Syrias Ras Al Ain 3005376", "SourceURL": "https://www.arabnews.com/middle-east/fourth-group-of-displaced-families-returns-to-syrias-ras-al-ain-3005376", "EventCode": 1, "Tone": null}}, {"type": "Feature", "geometry": {"type": "Point", "coordinates": [36.6339, 35.9306]}, "properties": {"Title": "Fourth Group Of Displaced Families Returns To Syrias Ras Al Ain 3005376", "SourceURL": "https://www.arabnews.com/middle-east/fourth-group-of-displaced-families-returns-to-syrias-ras-al-ain-3005376", "EventCode": 1, "Tone": null}}, {"type": "Feature", "geometry": {"type": "Point", "coordinates": [36.4525, 26.2455]}, "properties": {"Title": "The Future Of Saudi Architecture May Lie In Its Past 3005266", "SourceURL": "https://www.arabnews.com/saudi-arabia/the-future-of-saudi-architecture-may-lie-in-its-past-3005266", "EventCode": 3, "Tone": null}}, {"type": "Feature", "geometry": {"type": "Point", "coordinates": [36.4525, 26.2455]}, "properties": {"Title": "The Future Of Saudi Architecture May Lie In Its Past 3005266", "SourceURL": "https://www.arabnews.com/saudi-arabia/the-future-of-saudi-architecture-may-lie-in-its-past-3005266", "EventCode": 3, "Tone": null}}, {"type": "Feature", "geometry": {"type": "Point", "coordinates": [34.75, 31.5]}, "properties": {"Title": "Settlers Damage Olive Trees In West Banks Salfit District 3005377", "SourceURL": "https://www.arabnews.com/middle-east/settlers-damage-olive-trees-in-west-banks-salfit-district-3005377", "EventCode": 4, "Tone": null}}, {"type": "Feature", "geometry": {"type": "Point", "coordinates": [34.75, 31.5]}, "properties": {"Title": "Settlers Damage Olive Trees In West Banks Salfit District 3005377", "SourceURL": "https://www.arabnews.com/middle-east/settlers-damage-olive-trees-in-west-banks-salfit-district-3005377", "EventCode": 4, "Tone": null}}, {"type": "Feature", "geometry": {"type": "Point", "coordinates": [35.0245, 32.0655]}, "properties": {"Title": "Settlers Damage Olive Trees In West Banks Salfit District 3005377", "SourceURL": "https://www.arabnews.com/middle-east/settlers-damage-olive-trees-in-west-banks-salfit-district-3005377", "EventCode": 4, "Tone": null}}, {"type": "Feature", "geometry": {"type": "Point", "coordinates": [34.75, 31.5]}, "properties": {"Title": "Settlers Damage Olive Trees In West Banks Salfit District 3005377", "SourceURL": "https://www.arabnews.com/middle-east/settlers-damage-olive-trees-in-west-banks-salfit-district-3005377", "EventCode": 4, "Tone": null}}, {"type": "Feature", "geometry": {"type": "Point", "coordinates": [34.75, 31.5]}, "properties": {"Title": "Settlers Damage Olive Trees In West Banks Salfit District 3005377", "SourceURL": "https://www.arabnews.com/middle-east/settlers-damage-olive-trees-in-west-banks-salfit-district-3005377", "EventCode": 4, "Tone": null}}, {"type": "Feature", "geometry": {"type": "Point", "coordinates": [72.8258, 18.975]}, "properties": {"Title": "Cbi Busts Multi State Banking Recruitment Racket Arrests Four", "SourceURL": "https://theindianawaaz.com/cbi-busts-multi-state-banking-recruitment-racket-arrests-four/", "EventCode": 2, "Tone": null}}, {"type": "Feature", "geometry": {"type": "Point", "coordinates": [-75.971, 43.0484]}, "properties": {"Title": "Ai Human Connection Forest Walks 12443076", "SourceURL": "https://www.newsweek.com/ai-human-connection-forest-walks-12443076", "EventCode": 4, "Tone": null}}, {"type": "Feature", "geometry": {"type": "Point", "coordinates": [-74.9384, 42.1497]}, "properties": {"Title": "Ai Human Connection Forest Walks 12443076", "SourceURL": "https://www.newsweek.com/ai-human-connection-forest-walks-12443076", "EventCode": 4, "Tone": null}}, {"type": "Feature", "geometry": {"type": "Point", "coordinates": [135.0, -25.0]}, "properties": {"Title": "Aware Super Keen To Diversify Ai Investments Amid Firmus Debacle 20261009 P6143A", "SourceURL": "https://www.afr.com/technology/aware-super-keen-to-diversify-ai-investments-amid-firmus-debacle-20261009-p6143a", "EventCode": 2, "Tone": null}}, {"type": "Feature", "geometry": {"type": "Point", "coordinates": [-123.133, 49.25]}, "properties": {"Title": "Canadas Ai Adoption Is Accelerating But Accountability Is Struggling To Keep Pace", "SourceURL": "https://www.digitaljournal.com/article/canadas-ai-adoption-is-accelerating-but-accountability-is-struggling-to-keep-pace/", "EventCode": 4, "Tone": null}}, {"type": "Feature", "geometry": {"type": "Point", "coordinates": [-123.133, 49.25]}, "properties": {"Title": "Canadas Ai Adoption Is Accelerating But Accountability Is Struggling To Keep Pace", "SourceURL": "https://www.digitaljournal.com/article/canadas-ai-adoption-is-accelerating-but-accountability-is-struggling-to-keep-pace/", "EventCode": 4, "Tone": null}}, {"type": "Feature", "geometry": {"type": "Point", "coordinates": [0.083333, 52.3333]}, "properties": {"Title": "Latvian Men Accused Of Spying After Allegedly Breaking Into Uk Airbase Used By Us Nato 6101304", "SourceURL": "https://www.theepochtimes.com/world/latvian-men-accused-of-spying-after-allegedly-breaking-into-uk-airbase-used-by-us-nato-6101304", "EventCode": 2, "Tone": null}}, {"type": "Feature", "geometry": {"type": "Point", "coordinates": [44.3939, 33.3386]}, "properties": {"Title": "Article 88C746Da A58F 559E B719 D817Bd6B9B6E", "SourceURL": "http://www.thegazette.com/news/world/iraq-rejects-syrian-request-to-repatriate-4-000-suspected-is-detainees-official-says/article_88c746da-a58f-559e-b719-d817bd6b9b6e.html", "EventCode": 4, "Tone": null}}, {"type": "Feature", "geometry": {"type": "Point", "coordinates": [38.0, 35.0]}, "properties": {"Title": "Article 88C746Da A58F 559E B719 D817Bd6B9B6E", "SourceURL": "http://www.thegazette.com/news/world/iraq-rejects-syrian-request-to-repatriate-4-000-suspected-is-detainees-official-says/article_88c746da-a58f-559e-b719-d817bd6b9b6e.html", "EventCode": 4, "Tone": null}}, {"type": "Feature", "geometry": {"type": "Point", "coordinates": [36.6339, 35.9306]}, "properties": {"Title": "Fourth Group Of Displaced Families Returns To Syrias Ras Al Ain 3005376", "SourceURL": "https://www.arabnews.com/middle-east/fourth-group-of-displaced-families-returns-to-syrias-ras-al-ain-3005376", "EventCode": 1, "Tone": null}}, {"type": "Feature", "geometry": {"type": "Point", "coordinates": [36.6339, 35.9306]}, "properties": {"Title": "Fourth Group Of Displaced Families Returns To Syrias Ras Al Ain 3005376", "SourceURL": "https://www.arabnews.com/middle-east/fourth-group-of-displaced-families-returns-to-syrias-ras-al-ain-3005376", "EventCode": 1, "Tone": null}}, {"type": "Feature", "geometry": {"type": "Point", "coordinates": [36.6339, 35.9306]}, "properties": {"Title": "Fourth Group Of Displaced Families Returns To Syrias Ras Al Ain 3005376", "SourceURL": "https://www.arabnews.com/middle-east/fourth-group-of-displaced-families-returns-to-syrias-ras-al-ain-3005376", "EventCode": 1, "Tone": null}}, {"type": "Feature", "geometry": {"type": "Point", "coordinates": [-9.13333, 38.7167]}, "properties": {"Title": "Ai Human Connection Forest Walks 12443076", "SourceURL": "https://www.newsweek.com/ai-human-connection-forest-walks-12443076", "EventCode": 1, "Tone": null}}, {"type": "Feature", "geometry": {"type": "Point", "coordinates": [-9.13333, 38.7167]}, "properties": {"Title": "Ai Human Connection Forest Walks 12443076", "SourceURL": "https://www.newsweek.com/ai-human-connection-forest-walks-12443076", "EventCode": 1, "Tone": null}}, {"type": "Feature", "geometry": {"type": "Point", "coordinates": [40.6264, 37.2456]}, "properties": {"Title": "December Date Set For Turkish Cypriot Legislative Elections", "SourceURL": "https://cyprus-mail.com/2026/10/09/december-date-set-for-turkish-cypriot-legislative-elections", "EventCode": 2, "Tone": null}}, {"type": "Feature", "geometry": {"type": "Point", "coordinates": [4.0, 8.0]}, "properties": {"Title": "Seven Days After Abduction 20 Corps Members Arrive Ibadan", "SourceURL": "https://thesun.ng/seven-days-after-abduction-20-corps-members-arrive-ibadan/", "EventCode": 1, "Tone": null}}, {"type": "Feature", "geometry": {"type": "Point", "coordinates": [138.0, 36.0]}, "properties": {"Title": "134800502.Cms", "SourceURL": "https://timesofindia.indiatimes.com/entertainment/hindi/bollywood/news/with-street-fighter-i-finally-got-to-play-myself-on-screen-vidyut-jammwal/articleshow/134800502.cms", "EventCode": 4, "Tone": null}}, {"type": "Feature", "geometry": {"type": "Point", "coordinates": [-1.78333, 51.7]}, "properties": {"Title": "Latvian Men Accused Of Spying After Allegedly Breaking Into Uk Airbase Used By Us Nato 6101304", "SourceURL": "https://www.theepochtimes.com/world/latvian-men-accused-of-spying-after-allegedly-breaking-into-uk-airbase-used-by-us-nato-6101304", "EventCode": 1, "Tone": null}}, {"type": "Feature", "geometry": {"type": "Point", "coordinates": [53.0, 32.0]}, "properties": {"Title": "Latvian Men Accused Of Spying After Allegedly Breaking Into Uk Airbase Used By Us Nato 6101304", "SourceURL": "https://www.theepochtimes.com/world/latvian-men-accused-of-spying-after-allegedly-breaking-into-uk-airbase-used-by-us-nato-6101304", "EventCode": 1, "Tone": null}}, {"type": "Feature", "geometry": {"type": "Point", "coordinates": [138.0, 36.0]}, "properties": {"Title": "134800502.Cms", "SourceURL": "https://timesofindia.indiatimes.com/entertainment/hindi/bollywood/news/with-street-fighter-i-finally-got-to-play-myself-on-screen-vidyut-jammwal/articleshow/134800502.cms", "EventCode": 4, "Tone": null}}, {"type": "Feature", "geometry": {"type": "Point", "coordinates": [-75.6496, 40.2454]}, "properties": {"Title": "Pottstown Man Accused Of Possessing Sharing Child Sexual Abuse Material", "SourceURL": "https://www.thereporteronline.com/2026/10/08/pottstown-man-accused-of-possessing-sharing-child-sexual-abuse-material/", "EventCode": 1, "Tone": null}}, {"type": "Feature", "geometry": {"type": "Point", "coordinates": [-96.8005, 38.5111]}, "properties": {"Title": "School Bus Involved In Three Vehicle Crash East Of Topeka Thursday", "SourceURL": "https://www.kmaj1440.com/2026/10/08/school-bus-involved-in-three-vehicle-crash-east-of-topeka-thursday/", "EventCode": 1, "Tone": null}}, {"type": "Feature", "geometry": {"type": "Point", "coordinates": [-95.6922, 39.0378]}, "properties": {"Title": "Is Water Safe To Drink In Topeka After A Recent Wastewater Discharge", "SourceURL": "https://www.kmaj1440.com/2026/10/08/is-water-safe-to-drink-in-topeka-after-a-recent-wastewater-discharge/", "EventCode": 1, "Tone": null}}, {"type": "Feature", "geometry": {"type": "Point", "coordinates": [-77.0003, 38.889]}, "properties": {"Title": "Military Leadership Knew Flaws Army Helicopter Dc Collision American Airlines Report", "SourceURL": "https://www.dailymail.com/news/article-16194087/military-leadership-knew-flaws-army-helicopter-dc-collision-american-airlines-report.html", "EventCode": 1, "Tone": null}}, {"type": "Feature", "geometry": {"type": "Point", "coordinates": [-95.9378, 41.2586]}, "properties": {"Title": "Mom Baby Ground Brain Damage Police", "SourceURL": "https://www.dailymail.com/news/article-16194035/mom-baby-ground-brain-damage-police.html", "EventCode": 1, "Tone": null}}, {"type": "Feature", "geometry": {"type": "Point", "coordinates": [-76.383, 38.5168]}, "properties": {"Title": "Steve Atkinson Overlooks The Science And The Workers Behind Virginia Menhaden Fishery", "SourceURL": "http://www.newjerseytelegraph.com/news/279360556/steve-atkinson-overlooks-the-science-and-the-workers-behind-virginia-menhaden-fishery", "EventCode": 1, "Tone": null}}, {"type": "Feature", "geometry": {"type": "Point", "coordinates": [-76.4663, 42.4501]}, "properties": {"Title": "Cornell 7 Suspect Gillio Lopes Letitia James Probe Prejudging Case", "SourceURL": "https://radaronline.com/p/cornell-7-suspect-gillio-lopes-letitia-james-probe-prejudging-case/", "EventCode": 1, "Tone": null}}, {"type": "Feature", "geometry": {"type": "Point", "coordinates": [-111.388, 33.7712]}, "properties": {"Title": "Bernadette Greene Placentia Arizona Congressional Candidate Rape Report", "SourceURL": "https://www.cbsnews.com/news/bernadette-greene-placentia-arizona-congressional-candidate-rape-report/", "EventCode": 1, "Tone": null}}, {"type": "Feature", "geometry": {"type": "Point", "coordinates": [-86.8073, 32.799]}, "properties": {"Title": "Alabama Man Accused Of Casting Ballot In Calhoun County After Voting In North Carolina Forrest Scott Woody 2026", "SourceURL": "https://abc3340.com/news/local/alabama-man-accused-of-casting-ballot-in-calhoun-county-after-voting-in-north-carolina-forrest-scott-woody-2026", "EventCode": 1, "Tone": null}}, {"type": "Feature", "geometry": {"type": "Point", "coordinates": [-77.264, 40.5773]}, "properties": {"Title": "Darby Man Draws Prison For Sex Assaults Of 2 Montgomery County Girls", "SourceURL": "https://www.thereporteronline.com/2026/10/08/darby-man-draws-prison-for-sex-assaults-of-2-montgomery-county-girls/", "EventCode": 1, "Tone": null}}, {"type": "Feature", "geometry": {"type": "Point", "coordinates": [-78.6386, 35.7721]}, "properties": {"Title": "North Carolina State Fair Opens Oct 15 With Largest Ferris Wheel In Event History And 60M Renovation", "SourceURL": "https://foxy99.com/2026/10/08/north-carolina-state-fair-opens-oct-15-with-largest-ferris-wheel-in-event-history-and-60m-renovation/", "EventCode": 1, "Tone": null}}, {"type": "Feature", "geometry": {"type": "Point", "coordinates": [-78.7103, 35.794]}, "properties": {"Title": "North Carolina State Fair Opens Oct 15 With Largest Ferris Wheel In Event History And 60M Renovation", "SourceURL": "https://foxy99.com/2026/10/08/north-carolina-state-fair-opens-oct-15-with-largest-ferris-wheel-in-event-history-and-60m-renovation/", "EventCode": 1, "Tone": null}}, {"type": "Feature", "geometry": {"type": "Point", "coordinates": [-80.8137, 35.9837]}, "properties": {"Title": "Business Notes Virginia Beach Police", "SourceURL": "https://www.pilotonline.com/2026/10/08/business-notes-virginia-beach-police/", "EventCode": 1, "Tone": null}}, {"type": "Feature", "geometry": {"type": "Point", "coordinates": [-95.6922, 39.0378]}, "properties": {"Title": "Is Water Safe To Drink In Topeka After A Recent Wastewater Discharge", "SourceURL": "https://www.kmaj1440.com/2026/10/08/is-water-safe-to-drink-in-topeka-after-a-recent-wastewater-discharge/", "EventCode": 1, "Tone": null}}, {"type": "Feature", "geometry": {"type": "Point", "coordinates": [-122.127, 44.5672]}, "properties": {"Title": "Trumps 90 Payments En Route 201947000", "SourceURL": "https://www.aol.com/articles/trumps-90-payments-en-route-201947000.html", "EventCode": 1, "Tone": null}}, {"type": "Feature", "geometry": {"type": "Point", "coordinates": [-77.0364, 38.8951]}, "properties": {"Title": "Jeff Bezos Interview Fox Ai Three Day Workweek Success Villainy", "SourceURL": "https://www.dailymail.com/media/article-16194325/jeff-bezos-interview-fox-ai-three-day-workweek-success-villainy.html", "EventCode": 1, "Tone": null}}, {"type": "Feature", "geometry": {"type": "Point", "coordinates": [-106.487, 31.7587]}, "properties": {"Title": "Us Marshals Offering 5000 Reward Wanted Sex Offender", "SourceURL": "https://www.wsaz.com/2026/10/08/us-marshals-offering-5000-reward-wanted-sex-offender/", "EventCode": 1, "Tone": null}}, {"type": "Feature", "geometry": {"type": "Point", "coordinates": [-81.5321, 39.1904]}, "properties": {"Title": "Us Marshals Offering 5000 Reward Wanted Sex Offender", "SourceURL": "https://www.wsaz.com/2026/10/08/us-marshals-offering-5000-reward-wanted-sex-offender/", "EventCode": 1, "Tone": null}}, {"type": "Feature", "geometry": {"type": "Point", "coordinates": [-76.483, 42.447]}, "properties": {"Title": "Cornell 7 Suspect Gillio Lopes Letitia James Probe Prejudging Case", "SourceURL": "https://radaronline.com/p/cornell-7-suspect-gillio-lopes-letitia-james-probe-prejudging-case/", "EventCode": 1, "Tone": null}}, {"type": "Feature", "geometry": {"type": "Point", "coordinates": [-74.9384, 42.1497]}, "properties": {"Title": "Marvel Daredevil Born Again Season 3 Announcement Nycc Defenders", "SourceURL": "https://bamsmackpow.com/marvel-daredevil-born-again-season-3-announcement-nycc-defenders", "EventCode": 1, "Tone": null}}, {"type": "Feature", "geometry": {"type": "Point", "coordinates": [-77.264, 40.5773]}, "properties": {"Title": "Us Election 2026 Pennsylvania Ice", "SourceURL": "https://www.pilotonline.com/2026/10/08/us-election-2026-pennsylvania-ice/", "EventCode": 1, "Tone": null}}, {"type": "Feature", "geometry": {"type": "Point", "coordinates": [-78.6386, 35.7721]}, "properties": {"Title": "North Carolina State Fair Opens Oct 15 With Largest Ferris Wheel In Event History And 60M Renovation", "SourceURL": "https://foxy99.com/2026/10/08/north-carolina-state-fair-opens-oct-15-with-largest-ferris-wheel-in-event-history-and-60m-renovation/", "EventCode": 1, "Tone": null}}, {"type": "Feature", "geometry": {"type": "Point", "coordinates": [-86.7675, 34.0607]}, "properties": {"Title": "Your Daily Civic Brief For October 8", "SourceURL": "https://wlrh.org/episode/your-daily-civic-brief-for-october-8/", "EventCode": 1, "Tone": null}}, {"type": "Feature", "geometry": {"type": "Point", "coordinates": [-86.8073, 32.799]}, "properties": {"Title": "Your Daily Civic Brief For October 8", "SourceURL": "https://wlrh.org/episode/your-daily-civic-brief-for-october-8/", "EventCode": 1, "Tone": null}}, {"type": "Feature", "geometry": {"type": "Point", "coordinates": [-86.8892, 35.052]}, "properties": {"Title": "Your Daily Civic Brief For October 8", "SourceURL": "https://wlrh.org/episode/your-daily-civic-brief-for-october-8/", "EventCode": 1, "Tone": null}}, {"type": "Feature", "geometry": {"type": "Point", "coordinates": [-96.5278, 39.1881]}, "properties": {"Title": "Is Water Safe To Drink In Topeka After A Recent Wastewater Discharge", "SourceURL": "https://www.kmaj1440.com/2026/10/08/is-water-safe-to-drink-in-topeka-after-a-recent-wastewater-discharge/", "EventCode": 1, "Tone": null}}, {"type": "Feature", "geometry": {"type": "Point", "coordinates": [-96.8005, 38.5111]}, "properties": {"Title": "Is Water Safe To Drink In Topeka After A Recent Wastewater Discharge", "SourceURL": "https://www.kmaj1440.com/2026/10/08/is-water-safe-to-drink-in-topeka-after-a-recent-wastewater-discharge/", "EventCode": 1, "Tone": null}}, {"type": "Feature", "geometry": {"type": "Point", "coordinates": [-69.3977, 44.6074]}, "properties": {"Title": "Ai In Education", "SourceURL": "https://www.wamc.org/podcast/northeastnotebook/2026-10-08/ai-in-education", "EventCode": 1, "Tone": null}}, {"type": "Feature", "geometry": {"type": "Point", "coordinates": [-82.394, 34.8526]}, "properties": {"Title": "Hayden Panettieres Daughter Appears In Court As Estate Battle Moves Forward", "SourceURL": "https://tribune.com.pk/story/2633771/hayden-panettieres-daughter-appears-in-court-as-estate-battle-moves-forward", "EventCode": 1, "Tone": null}}, {"type": "Feature", "geometry": {"type": "Point", "coordinates": [-99.4632, 44.2853]}, "properties": {"Title": "Trumps 90 Payments En Route 201947000", "SourceURL": "https://www.aol.com/articles/trumps-90-payments-en-route-201947000.html", "EventCode": 1, "Tone": null}}, {"type": "Feature", "geometry": {"type": "Point", "coordinates": [-122.676, 45.5235]}, "properties": {"Title": "Loretta Lynn S Van Lear Rose Gets Expanded Reissue Returns To Streaming", "SourceURL": "https://exclaim.ca/music/article/loretta-lynn-s-van-lear-rose-gets-expanded-reissue-returns-to-streaming", "EventCode": 1, "Tone": null}}, {"type": "Feature", "geometry": {"type": "Point", "coordinates": [-121.901, 36.8]}, "properties": {"Title": "Election 2026 House Control Is Up For Grabs Bay Area Seats Look Safely Democratic", "SourceURL": "https://www.timesheraldonline.com/2026/10/08/election-2026-house-control-is-up-for-grabs-bay-area-seats-look-safely-democratic/", "EventCode": 1, "Tone": null}}, {"type": "Feature", "geometry": {"type": "Point", "coordinates": [-82.3498, 27.917]}, "properties": {"Title": "Hurricane Isaias Tampa Bay Search Rescue Team Deploys Florida Panhandle", "SourceURL": "https://www.fox13news.com/news/hurricane-isaias-tampa-bay-search-rescue-team-deploys-florida-panhandle", "EventCode": 1, "Tone": null}}, {"type": "Feature", "geometry": {"type": "Point", "coordinates": [-80.3836, 25.7522]}, "properties": {"Title": "Tracking Isaias Storm Intensifies First 164617000", "SourceURL": "https://www.aol.com/articles/tracking-isaias-storm-intensifies-first-164617000.html", "EventCode": 1, "Tone": null}}, {"type": "Feature", "geometry": {"type": "Point", "coordinates": [-71.5653, 43.4108]}, "properties": {"Title": "Who Is Karoline Leavitt Trump Ex Press Secretary Joins Fox News", "SourceURL": "https://radaronline.com/p/who-is-karoline-leavitt-trump-ex-press-secretary-joins-fox-news/", "EventCode": 1, "Tone": null}}, {"type": "Feature", "geometry": {"type": "Point", "coordinates": [-82.394, 34.8526]}, "properties": {"Title": "Hayden Panettieres Daughter Appears In Court As Estate Battle Moves Forward", "SourceURL": "https://tribune.com.pk/story/2633771/hayden-panettieres-daughter-appears-in-court-as-estate-battle-moves-forward", "EventCode": 1, "Tone": null}}, {"type": "Feature", "geometry": {"type": "Point", "coordinates": [-76.7075, 37.2707]}, "properties": {"Title": "General Assembly Marks 250 Years With Commemorative Colonial Williamsburg Session", "SourceURL": "https://www.pilotonline.com/2026/10/08/general-assembly-marks-250-years-with-commemorative-colonial-williamsburg-session/", "EventCode": 1, "Tone": null}}, {"type": "Feature", "geometry": {"type": "Point", "coordinates": [-88.2315, 43.0117]}, "properties": {"Title": "15 Best U Retirement Destinations 205500000", "SourceURL": "https://www.aol.com/articles/15-best-u-retirement-destinations-205500000.html", "EventCode": 1, "Tone": null}}, {"type": "Feature", "geometry": {"type": "Point", "coordinates": [-89.6385, 44.2563]}, "properties": {"Title": "15 Best U Retirement Destinations 205500000", "SourceURL": "https://www.aol.com/articles/15-best-u-retirement-destinations-205500000.html", "EventCode": 1, "Tone": null}}, {"type": "Feature", "geometry": {"type": "Point", "coordinates": [-77.0364, 38.8951]}, "properties": {"Title": "Jeff Bezos Interview Fox Ai Three Day Workweek Success Villainy", "SourceURL": "https://www.dailymail.com/media/article-16194325/jeff-bezos-interview-fox-ai-three-day-workweek-success-villainy.html", "EventCode": 1, "Tone": null}}, {"type": "Feature", "geometry": {"type": "Point", "coordinates": [-83.0166, 39.9667]}, "properties": {"Title": "Franklin County Commissioner Erica Crawley Reimburses County 1 421 For Parking Tickets", "SourceURL": "https://www.wosu.org/politics-government/2026-10-08/franklin-county-commissioner-erica-crawley-reimburses-county-1-421-for-parking-tickets", "EventCode": 1, "Tone": null}}, {"type": "Feature", "geometry": {"type": "Point", "coordinates": [-82.7755, 40.3736]}, "properties": {"Title": "Franklin County Commissioner Erica Crawley Reimburses County 1 421 For Parking Tickets", "SourceURL": "https://www.wosu.org/politics-government/2026-10-08/franklin-county-commissioner-erica-crawley-reimburses-county-1-421-for-parking-tickets", "EventCode": 1, "Tone": null}}, {"type": "Feature", "geometry": {"type": "Point", "coordinates": [-92.302, 38.4623]}, "properties": {"Title": "Abortion State Referenda 2026 November Midterms Roe Dobbs Missouri Nevada", "SourceURL": "https://www.nationalmemo.com/abortion-state-referenda-2026-november-midterms-roe-dobbs-missouri-nevada", "EventCode": 1, "Tone": null}}, {"type": "Feature", "geometry": {"type": "Point", "coordinates": [53.0, 32.0]}, "properties": {"Title": "26620857.Long Deployed Us Aircraft Carrier Returns Home 265 Days Sea", "SourceURL": "https://www.guardian-series.co.uk/news/national/26620857.long-deployed-us-aircraft-carrier-returns-home-265-days-sea/", "EventCode": 2, "Tone": null}}, {"type": "Feature", "geometry": {"type": "Point", "coordinates": [-117.134, 32.6501]}, "properties": {"Title": "26620857.Long Deployed Us Aircraft Carrier Returns Home 265 Days Sea", "SourceURL": "https://www.countypress.co.uk/news/national/26620857.long-deployed-us-aircraft-carrier-returns-home-265-days-sea/", "EventCode": 2, "Tone": null}}, {"type": "Feature", "geometry": {"type": "Point", "coordinates": [53.0, 32.0]}, "properties": {"Title": "26620857.Long Deployed Us Aircraft Carrier Returns Home 265 Days Sea", "SourceURL": "https://www.countypress.co.uk/news/national/26620857.long-deployed-us-aircraft-carrier-returns-home-265-days-sea/", "EventCode": 2, "Tone": null}}, {"type": "Feature", "geometry": {"type": "Point", "coordinates": [-82.4584, 27.9475]}, "properties": {"Title": "Hurricane Isaias Tampa Bay Search Rescue Team Deploys Florida Panhandle", "SourceURL": "https://www.fox13news.com/news/hurricane-isaias-tampa-bay-search-rescue-team-deploys-florida-panhandle", "EventCode": 2, "Tone": null}}, {"type": "Feature", "geometry": {"type": "Point", "coordinates": [-81.717, 27.8333]}, "properties": {"Title": "Hurricane Isaias Tampa Bay Search Rescue Team Deploys Florida Panhandle", "SourceURL": "https://www.fox13news.com/news/hurricane-isaias-tampa-bay-search-rescue-team-deploys-florida-panhandle", "EventCode": 2, "Tone": null}}, {"type": "Feature", "geometry": {"type": "Point", "coordinates": [-78.2057, 37.768]}, "properties": {"Title": "Republican Senate Leader Endorses Warner", "SourceURL": "https://www.pilotonline.com/2026/10/08/republican-senate-leader-endorses-warner/", "EventCode": 2, "Tone": null}}, {"type": "Feature", "geometry": {"type": "Point", "coordinates": [2.0, 46.0]}, "properties": {"Title": "15 Flattering Short Haircuts Round 194000000", "SourceURL": "https://www.aol.com/articles/15-flattering-short-haircuts-round-194000000.html", "EventCode": 2, "Tone": null}}, {"type": "Feature", "geometry": {"type": "Point", "coordinates": [-78.2057, 37.768]}, "properties": {"Title": "Man Arrested Following Narcotics Investigation In Campbell County", "SourceURL": "https://www.wsls.com/news/local/2026/10/08/man-arrested-following-narcotics-investigation-in-campbell-county/", "EventCode": 2, "Tone": null}}, {"type": "Feature", "geometry": {"type": "Point", "coordinates": [-82.4584, 27.9475]}, "properties": {"Title": "Hurricane Isaias Tampa Bay Search Rescue Team Deploys Florida Panhandle", "SourceURL": "https://www.fox13news.com/news/hurricane-isaias-tampa-bay-search-rescue-team-deploys-florida-panhandle", "EventCode": 2, "Tone": null}}, {"type": "Feature", "geometry": {"type": "Point", "coordinates": [-96.6836, 40.7833]}, "properties": {"Title": "Mom Baby Ground Brain Damage Police", "SourceURL": "https://www.dailymail.com/news/article-16194035/mom-baby-ground-brain-damage-police.html", "EventCode": 2, "Tone": null}}, {"type": "Feature", "geometry": {"type": "Point", "coordinates": [-118.244, 34.0522]}, "properties": {"Title": "Charles Manson Ex Girlfriend Granted Parole After Spending Over 50 Years In Prison", "SourceURL": "https://radaronline.com/p/charles-manson-ex-girlfriend-granted-parole-after-spending-over-50-years-in-prison/", "EventCode": 2, "Tone": null}}, {"type": "Feature", "geometry": {"type": "Point", "coordinates": [-78.2057, 37.768]}, "properties": {"Title": "Ocean View License Plate", "SourceURL": "https://www.pilotonline.com/2026/10/08/ocean-view-license-plate/", "EventCode": 3, "Tone": null}}, {"type": "Feature", "geometry": {"type": "Point", "coordinates": [-84.85, 43.9834]}, "properties": {"Title": "Clare County Man Pleads No Contest To Embezzling Over 400K From Vulnerable Adult Farewell Caregiver Traumatic Brain Injury 82 Year Old Victim", "SourceURL": "https://upnorthlive.com/news/local/clare-county-man-pleads-no-contest-to-embezzling-over-400k-from-vulnerable-adult-farewell-caregiver-traumatic-brain-injury-82-year-old-victim", "EventCode": 3, "Tone": null}}, {"type": "Feature", "geometry": {"type": "Point", "coordinates": [-121.901, 36.8]}, "properties": {"Title": "Election 2026 House Control Is Up For Grabs Bay Area Seats Look Safely Democratic", "SourceURL": "https://www.timesheraldonline.com/2026/10/08/election-2026-house-control-is-up-for-grabs-bay-area-seats-look-safely-democratic/", "EventCode": 3, "Tone": null}}, {"type": "Feature", "geometry": {"type": "Point", "coordinates": [-111.854, 40.1135]}, "properties": {"Title": "Erika Kirk Warns Assassins Always Find A Way Charlie Death", "SourceURL": "https://radaronline.com/p/erika-kirk-warns-assassins-always-find-a-way-charlie-death/", "EventCode": 3, "Tone": null}}, {"type": "Feature", "geometry": {"type": "Point", "coordinates": [-89.3704, 42.8536]}, "properties": {"Title": "Mamdani Picks Viral Olive Oil Bottle Designers For 1M City Owned Grocery Store Branding Deal", "SourceURL": "https://nypost.com/2026/10/08/us-news/mamdani-picks-viral-olive-oil-bottle-designers-for-1m-city-owned-grocery-store-branding-deal/", "EventCode": 3, "Tone": null}}, {"type": "Feature", "geometry": {"type": "Point", "coordinates": [-81.717, 27.8333]}, "properties": {"Title": "134800463.Cms", "SourceURL": "https://timesofindia.indiatimes.com/world/rest-of-world/ontario-man-with-stage-4-cancer-won-court-battle-after-ohip-denied-us-treatment-then-province-changed-the-rules-doctors-sought-funding-for-us600000-til-therapy-in-florida/articleshow/134800463.cms", "EventCode": 3, "Tone": null}}, {"type": "Feature", "geometry": {"type": "Point", "coordinates": [-97.6475, 31.106]}, "properties": {"Title": "Gop Losing Texas", "SourceURL": "https://www.nationalmemo.com/gop-losing-texas", "EventCode": 3, "Tone": null}}, {"type": "Feature", "geometry": {"type": "Point", "coordinates": [-116.203, 43.6135]}, "properties": {"Title": "Southern Utah Traffic Stop Sends Ammon Bundy To Jail On Multiple Charges", "SourceURL": "https://nbc16.com/news/nation-world/southern-utah-traffic-stop-sends-ammon-bundy-to-jail-on-multiple-charges", "EventCode": 4, "Tone": null}}, {"type": "Feature", "geometry": {"type": "Point", "coordinates": [-116.203, 43.6135]}, "properties": {"Title": "Southern Utah Traffic Stop Sends Ammon Bundy To Jail On Multiple Charges", "SourceURL": "https://nbc16.com/news/nation-world/southern-utah-traffic-stop-sends-ammon-bundy-to-jail-on-multiple-charges", "EventCode": 4, "Tone": null}}, {"type": "Feature", "geometry": {"type": "Point", "coordinates": [-111.854, 40.1135]}, "properties": {"Title": "Southern Utah Traffic Stop Sends Ammon Bundy To Jail On Multiple Charges", "SourceURL": "https://nbc16.com/news/nation-world/southern-utah-traffic-stop-sends-ammon-bundy-to-jail-on-multiple-charges", "EventCode": 4, "Tone": null}}, {"type": "Feature", "geometry": {"type": "Point", "coordinates": [30.0, 27.0]}, "properties": {"Title": "Oteil Burbridge Dead Co Allman Brothers", "SourceURL": "https://www.boston.com/culture/music/2026/10/08/oteil-burbridge-dead-co-allman-brothers/", "EventCode": 4, "Tone": null}}, {"type": "Feature", "geometry": {"type": "Point", "coordinates": [-96.9247, 35.5376]}, "properties": {"Title": "Manson Family Murderer Patricia Kernwinkel Up For Parole Third Time", "SourceURL": "https://www.nydailynews.com/2026/10/08/manson-family-murderer-patricia-kernwinkel-up-for-parole-third-time/", "EventCode": 4, "Tone": null}}, {"type": "Feature", "geometry": {"type": "Point", "coordinates": [-81.5321, 39.1904]}, "properties": {"Title": "Us Marshals Offering 5000 Reward Wanted Sex Offender", "SourceURL": "https://www.wsaz.com/2026/10/08/us-marshals-offering-5000-reward-wanted-sex-offender/", "EventCode": 4, "Tone": null}}, {"type": "Feature", "geometry": {"type": "Point", "coordinates": [-79.5664, 37.3001]}, "properties": {"Title": "Bedford County Grand Jury Indicts 6 On Drug Charges Three Remain Wanted Crime October 2026", "SourceURL": "https://wset.com/news/local/bedford-county-grand-jury-indicts-6-on-drug-charges-three-remain-wanted-crime-october-2026", "EventCode": 4, "Tone": null}}, {"type": "Feature", "geometry": {"type": "Point", "coordinates": [-92.3809, 34.9513]}, "properties": {"Title": "On Books Opinion Nate Powells Diana Completes Trilogy With Come Again And Fall Through", "SourceURL": "https://www.arkansasonline.com/news/2026/oct/08/on-books-opinion-nate-powells-diana-completes-trilogy-with-come-again-and-fall-through/", "EventCode": 4, "Tone": null}}, {"type": "Feature", "geometry": {"type": "Point", "coordinates": [-84.2333, 33.7504]}, "properties": {"Title": "Kpknfm6Xkjbypf56Murqnd4Yte", "SourceURL": "https://www.wsbradio.com/news/local/5-inmates-charged-connection-with-death-24-year-old-dekalb-county-jail/KPKNFM6XKJBYPF56MURQND4YTE/", "EventCode": 4, "Tone": null}}, {"type": "Feature", "geometry": {"type": "Point", "coordinates": [-77.264, 40.5773]}, "properties": {"Title": "Darby Man Draws Prison For Sex Assaults Of 2 Montgomery County Girls", "SourceURL": "https://www.thereporteronline.com/2026/10/08/darby-man-draws-prison-for-sex-assaults-of-2-montgomery-county-girls/", "EventCode": 4, "Tone": null}}, {"type": "Feature", "geometry": {"type": "Point", "coordinates": [-82.394, 34.8526]}, "properties": {"Title": "Hayden Panettieres Daughter Appears In Court As Estate Battle Moves Forward", "SourceURL": "https://tribune.com.pk/story/2633771/hayden-panettieres-daughter-appears-in-court-as-estate-battle-moves-forward", "EventCode": 4, "Tone": null}}, {"type": "Feature", "geometry": {"type": "Point", "coordinates": [-96.9247, 35.5376]}, "properties": {"Title": "The Informant Report Previewing Ous Clash With No 1 Texas From The Other Side Of The Red River Rivalry", "SourceURL": "https://www.bucksinsider.com/2026/10/08/the-informant-report-previewing-ous-clash-with-no-1-texas-from-the-other-side-of-the-red-river-rivalry/", "EventCode": 4, "Tone": null}}, {"type": "Feature", "geometry": {"type": "Point", "coordinates": [-95.9378, 41.2586]}, "properties": {"Title": "Mom Baby Ground Brain Damage Police", "SourceURL": "https://www.dailymail.com/news/article-16194035/mom-baby-ground-brain-damage-police.html", "EventCode": 4, "Tone": null}}, {"type": "Feature", "geometry": {"type": "Point", "coordinates": [-96.9247, 35.5376]}, "properties": {"Title": "Manson Family Murderer Patricia Kernwinkel Up For Parole Third Time", "SourceURL": "https://www.nydailynews.com/2026/10/08/manson-family-murderer-patricia-kernwinkel-up-for-parole-third-time/", "EventCode": 4, "Tone": null}}, {"type": "Feature", "geometry": {"type": "Point", "coordinates": [-79.892, 36.9976]}, "properties": {"Title": "540 Rocky Mount Kitten Update", "SourceURL": "https://www.wsls.com/news/local/2026/10/08/540-rocky-mount-kitten-update/", "EventCode": 4, "Tone": null}}, {"type": "Feature", "geometry": {"type": "Point", "coordinates": [-86.7489, 35.7449]}, "properties": {"Title": "Tennessee Voters To Weigh In On Crime Victims Rights Amendment In November Election", "SourceURL": "https://newschannel9.com/news/local/tennessee-voters-to-weigh-in-on-crime-victims-rights-amendment-in-november-election", "EventCode": 4, "Tone": null}}, {"type": "Feature", "geometry": {"type": "Point", "coordinates": [-93.214, 42.0046]}, "properties": {"Title": "Protect The Freedom To Read", "SourceURL": "https://www.gbtribune.com/news/life/protect-the-freedom-to-read/", "EventCode": 1, "Tone": null}}, {"type": "Feature", "geometry": {"type": "Point", "coordinates": [151.217, -33.8833]}, "properties": {"Title": "Search Continues 2 Missing Prince Georges County Teens", "SourceURL": "https://www.fox5dc.com/news/search-continues-2-missing-prince-georges-county-teens", "EventCode": 2, "Tone": null}}, {"type": "Feature", "geometry": {"type": "Point", "coordinates": [-98.5795, 39.828175]}, "properties": {"Title": "Roc Looks Beyond Biometrics With Unified Vision Ai Strategy", "SourceURL": "https://www.biometricupdate.com/202610/roc-looks-beyond-biometrics-with-unified-vision-ai-strategy", "EventCode": 1, "Tone": null}}, {"type": "Feature", "geometry": {"type": "Point", "coordinates": [-99.793, 47.5362]}, "properties": {"Title": "Trumps 90 Payments En Route 201947000", "SourceURL": "https://www.aol.com/articles/trumps-90-payments-en-route-201947000.html", "EventCode": 1, "Tone": null}}, {"type": "Feature", "geometry": {"type": "Point", "coordinates": [-99.4632, 44.2853]}, "properties": {"Title": "Trumps 90 Payments En Route 201947000", "SourceURL": "https://www.aol.com/articles/trumps-90-payments-en-route-201947000.html", "EventCode": 1, "Tone": null}}, {"type": "Feature", "geometry": {"type": "Point", "coordinates": [-86.3242, 44.2444]}, "properties": {"Title": "25000 Grant Brings Salad Bars To Five Northern Michigan Schools Manistee Oscoda", "SourceURL": "https://upnorthlive.com/news/local/25000-grant-brings-salad-bars-to-five-northern-michigan-schools-manistee-oscoda", "EventCode": 1, "Tone": null}}, {"type": "Feature", "geometry": {"type": "Point", "coordinates": [-76.0105, 36.8435]}, "properties": {"Title": "Business Notes Virginia Beach Police", "SourceURL": "https://www.pilotonline.com/2026/10/08/business-notes-virginia-beach-police/", "EventCode": 1, "Tone": null}}, {"type": "Feature", "geometry": {"type": "Point", "coordinates": [-76.0105, 36.8435]}, "properties": {"Title": "Business Notes Virginia Beach Police", "SourceURL": "https://www.pilotonline.com/2026/10/08/business-notes-virginia-beach-police/", "EventCode": 1, "Tone": null}}, {"type": "Feature", "geometry": {"type": "Point", "coordinates": [-84.5603, 43.3504]}, "properties": {"Title": "25000 Grant Brings Salad Bars To Five Northern Michigan Schools Manistee Oscoda", "SourceURL": "https://upnorthlive.com/news/local/25000-grant-brings-salad-bars-to-five-northern-michigan-schools-manistee-oscoda", "EventCode": 4, "Tone": null}}, {"type": "Feature", "geometry": {"type": "Point", "coordinates": [-84.5603, 43.3504]}, "properties": {"Title": "25000 Grant Brings Salad Bars To Five Northern Michigan Schools Manistee Oscoda", "SourceURL": "https://upnorthlive.com/news/local/25000-grant-brings-salad-bars-to-five-northern-michigan-schools-manistee-oscoda", "EventCode": 4, "Tone": null}}, {"type": "Feature", "geometry": {"type": "Point", "coordinates": [-122.419, 37.7749]}, "properties": {"Title": "Hoon Lee East Of Eden Interview", "SourceURL": "https://www.esquire.com/entertainment/tv/a74070315/hoon-lee-east-of-eden-interview/", "EventCode": 1, "Tone": null}}, {"type": "Feature", "geometry": {"type": "Point", "coordinates": [116.388, 39.9289]}, "properties": {"Title": "Us Sanctions Chinese Businessman In Fiji Over Alleged Bribes For Beijing 6101099", "SourceURL": "https://www.theepochtimes.com/china/us-sanctions-chinese-businessman-in-fiji-over-alleged-bribes-for-beijing-6101099", "EventCode": 3, "Tone": null}}, {"type": "Feature", "geometry": {"type": "Point", "coordinates": [-96.6836, 40.7833]}, "properties": {"Title": "Mom Baby Ground Brain Damage Police", "SourceURL": "https://www.dailymail.com/news/article-16194035/mom-baby-ground-brain-damage-police.html", "EventCode": 1, "Tone": null}}, {"type": "Feature", "geometry": {"type": "Point", "coordinates": [-111.854, 40.1135]}, "properties": {"Title": "Southern Utah Traffic Stop Sends Ammon Bundy To Jail On Multiple Charges", "SourceURL": "https://nbc16.com/news/nation-world/southern-utah-traffic-stop-sends-ammon-bundy-to-jail-on-multiple-charges", "EventCode": 1, "Tone": null}}, {"type": "Feature", "geometry": {"type": "Point", "coordinates": [-75.4999, 40.3754]}, "properties": {"Title": "Darby Man Draws Prison For Sex Assaults Of 2 Montgomery County Girls", "SourceURL": "https://www.thereporteronline.com/2026/10/08/darby-man-draws-prison-for-sex-assaults-of-2-montgomery-county-girls/", "EventCode": 1, "Tone": null}}, {"type": "Feature", "geometry": {"type": "Point", "coordinates": [-75.4999, 40.3754]}, "properties": {"Title": "Darby Man Draws Prison For Sex Assaults Of 2 Montgomery County Girls", "SourceURL": "https://www.thereporteronline.com/2026/10/08/darby-man-draws-prison-for-sex-assaults-of-2-montgomery-county-girls/", "EventCode": 1, "Tone": null}}, {"type": "Feature", "geometry": {"type": "Point", "coordinates": [-75.4999, 40.3754]}, "properties": {"Title": "Darby Man Draws Prison For Sex Assaults Of 2 Montgomery County Girls", "SourceURL": "https://www.thereporteronline.com/2026/10/08/darby-man-draws-prison-for-sex-assaults-of-2-montgomery-county-girls/", "EventCode": 1, "Tone": null}}, {"type": "Feature", "geometry": {"type": "Point", "coordinates": [-77.264, 40.5773]}, "properties": {"Title": "Darby Man Draws Prison For Sex Assaults Of 2 Montgomery County Girls", "SourceURL": "https://www.thereporteronline.com/2026/10/08/darby-man-draws-prison-for-sex-assaults-of-2-montgomery-county-girls/", "EventCode": 1, "Tone": null}}, {"type": "Feature", "geometry": {"type": "Point", "coordinates": [-77.264, 40.5773]}, "properties": {"Title": "Husband Murder Journal Saying Realtor Wife Killed Tuesday Shot Dead", "SourceURL": "https://www.dailymail.com/news/article-16194169/Husband-murder-journal-saying-realtor-wife-killed-Tuesday-shot-dead.html", "EventCode": 1, "Tone": null}}, {"type": "Feature", "geometry": {"type": "Point", "coordinates": [-98.2883, 41.1289]}, "properties": {"Title": "Mom Baby Ground Brain Damage Police", "SourceURL": "https://www.dailymail.com/news/article-16194035/mom-baby-ground-brain-damage-police.html", "EventCode": 1, "Tone": null}}, {"type": "Feature", "geometry": {"type": "Point", "coordinates": [-84.1722, 39.9584]}, "properties": {"Title": "American Idol Alum Caleb Flynn Gives Dead Eyed Glare In New Prison Mug After Murder Conviction", "SourceURL": "https://nypost.com/2026/10/08/us-news/american-idol-alum-caleb-flynn-gives-dead-eyed-glare-in-new-prison-mug-after-murder-conviction/", "EventCode": 4, "Tone": null}}, {"type": "Feature", "geometry": {"type": "Point", "coordinates": [-75.4999, 40.3754]}, "properties": {"Title": "Darby Man Draws Prison For Sex Assaults Of 2 Montgomery County Girls", "SourceURL": "https://www.thereporteronline.com/2026/10/08/darby-man-draws-prison-for-sex-assaults-of-2-montgomery-county-girls/", "EventCode": 4, "Tone": null}}, {"type": "Feature", "geometry": {"type": "Point", "coordinates": [-75.4999, 40.3754]}, "properties": {"Title": "Darby Man Draws Prison For Sex Assaults Of 2 Montgomery County Girls", "SourceURL": "https://www.thereporteronline.com/2026/10/08/darby-man-draws-prison-for-sex-assaults-of-2-montgomery-county-girls/", "EventCode": 4, "Tone": null}}, {"type": "Feature", "geometry": {"type": "Point", "coordinates": [-77.264, 40.5773]}, "properties": {"Title": "Darby Man Draws Prison For Sex Assaults Of 2 Montgomery County Girls", "SourceURL": "https://www.thereporteronline.com/2026/10/08/darby-man-draws-prison-for-sex-assaults-of-2-montgomery-county-girls/", "EventCode": 4, "Tone": null}}, {"type": "Feature", "geometry": {"type": "Point", "coordinates": [-71.0598, 42.3584]}, "properties": {"Title": "Matthew Farwell Sandra Birchmore Case Potential Jurors", "SourceURL": "https://www.boston.com/news/crime/2026/10/08/matthew-farwell-sandra-birchmore-case-potential-jurors/", "EventCode": 3, "Tone": null}}, {"type": "Feature", "geometry": {"type": "Point", "coordinates": [105.0, 35.0]}, "properties": {"Title": "Matthew Farwell Sandra Birchmore Case Potential Jurors", "SourceURL": "https://www.boston.com/news/crime/2026/10/08/matthew-farwell-sandra-birchmore-case-potential-jurors/", "EventCode": 3, "Tone": null}}, {"type": "Feature", "geometry": {"type": "Point", "coordinates": [-86.7489, 35.7449]}, "properties": {"Title": "Tennessee Voters To Weigh In On Crime Victims Rights Amendment In November Election", "SourceURL": "https://newschannel9.com/news/local/tennessee-voters-to-weigh-in-on-crime-victims-rights-amendment-in-november-election", "EventCode": 1, "Tone": null}}, {"type": "Feature", "geometry": {"type": "Point", "coordinates": [-117.157, 32.7153]}, "properties": {"Title": "Uss Abraham Lincoln Returns To San Diego After Long Combat Deployment In Middle East", "SourceURL": "https://www.pilotonline.com/2026/10/08/uss-abraham-lincoln-returns-to-san-diego-after-long-combat-deployment-in-middle-east/", "EventCode": 1, "Tone": null}}, {"type": "Feature", "geometry": {"type": "Point", "coordinates": [-117.157, 32.7153]}, "properties": {"Title": "Uss Abraham Lincoln Returns To San Diego After Long Combat Deployment In Middle East", "SourceURL": "https://www.pilotonline.com/2026/10/08/uss-abraham-lincoln-returns-to-san-diego-after-long-combat-deployment-in-middle-east/", "EventCode": 1, "Tone": null}}, {"type": "Feature", "geometry": {"type": "Point", "coordinates": [-117.134, 32.6501]}, "properties": {"Title": "Uss Abraham Lincoln Returns To San Diego After Long Combat Deployment In Middle East", "SourceURL": "https://www.pilotonline.com/2026/10/08/uss-abraham-lincoln-returns-to-san-diego-after-long-combat-deployment-in-middle-east/", "EventCode": 1, "Tone": null}}, {"type": "Feature", "geometry": {"type": "Point", "coordinates": [-78.2057, 37.768]}, "properties": {"Title": "Ocean View License Plate", "SourceURL": "https://www.pilotonline.com/2026/10/08/ocean-view-license-plate/", "EventCode": 1, "Tone": null}}, {"type": "Feature", "geometry": {"type": "Point", "coordinates": [-78.2057, 37.768]}, "properties": {"Title": "540 Interview With Drag Queen Enya Salad", "SourceURL": "https://www.wsls.com/news/local/2026/10/08/540-interview-with-drag-queen-enya-salad/", "EventCode": 1, "Tone": null}}, {"type": "Feature", "geometry": {"type": "Point", "coordinates": [-86.8073, 32.799]}, "properties": {"Title": "Alabama Health Officials Warn Of Storm Cleanup Dangers Ahead Of Isaias", "SourceURL": "https://abc3340.com/news/local/alabama-health-officials-warn-of-storm-cleanup-dangers-ahead-of-isaias", "EventCode": 3, "Tone": null}}, {"type": "Feature", "geometry": {"type": "Point", "coordinates": [-75.6496, 40.2454]}, "properties": {"Title": "Pottstown Man Accused Of Possessing Sharing Child Sexual Abuse Material", "SourceURL": "https://www.thereporteronline.com/2026/10/08/pottstown-man-accused-of-possessing-sharing-child-sexual-abuse-material/", "EventCode": 3, "Tone": null}}, {"type": "Feature", "geometry": {"type": "Point", "coordinates": [-78.2057, 37.768]}, "properties": {"Title": "Steve Atkinson Overlooks The Science And The Workers Behind Virginia Menhaden Fishery", "SourceURL": "http://www.newjerseytelegraph.com/news/279360556/steve-atkinson-overlooks-the-science-and-the-workers-behind-virginia-menhaden-fishery", "EventCode": 3, "Tone": null}}, {"type": "Feature", "geometry": {"type": "Point", "coordinates": [66.0, 33.0]}, "properties": {"Title": "Pete Hegseth Terrorist Death Penalty Publicly Executed", "SourceURL": "https://www.dailymail.com/news/article-16194585/pete-hegseth-terrorist-death-penalty-publicly-executed.html", "EventCode": 4, "Tone": null}}, {"type": "Feature", "geometry": {"type": "Point", "coordinates": [-111.854, 40.1135]}, "properties": {"Title": "Pete Hegseth Terrorist Death Penalty Publicly Executed", "SourceURL": "https://www.dailymail.com/news/article-16194585/pete-hegseth-terrorist-death-penalty-publicly-executed.html", "EventCode": 4, "Tone": null}}, {"type": "Feature", "geometry": {"type": "Point", "coordinates": [-69.3977, 44.6074]}, "properties": {"Title": "Ai In Education", "SourceURL": "https://www.wamc.org/podcast/northeastnotebook/2026-10-08/ai-in-education", "EventCode": 1, "Tone": null}}, {"type": "Feature", "geometry": {"type": "Point", "coordinates": [-74.9384, 42.1497]}, "properties": {"Title": "Ai In Education", "SourceURL": "https://www.wamc.org/podcast/northeastnotebook/2026-10-08/ai-in-education", "EventCode": 1, "Tone": null}}, {"type": "Feature", "geometry": {"type": "Point", "coordinates": [-74.9384, 42.1497]}, "properties": {"Title": "Nyc College Students Leave Class To Rally In Support Of Cornell Universitys Jane Doe", "SourceURL": "https://www.nydailynews.com/2026/10/08/nyc-college-students-leave-class-to-rally-in-support-of-cornell-universitys-jane-doe/", "EventCode": 1, "Tone": null}}, {"type": "Feature", "geometry": {"type": "Point", "coordinates": [-86.7489, 35.7449]}, "properties": {"Title": "Protect The Freedom To Read", "SourceURL": "https://www.gbtribune.com/news/life/protect-the-freedom-to-read/", "EventCode": 1, "Tone": null}}, {"type": "Feature", "geometry": {"type": "Point", "coordinates": [-76.483, 42.447]}, "properties": {"Title": "Nyc College Students Leave Class To Rally In Support Of Cornell Universitys Jane Doe", "SourceURL": "https://www.nydailynews.com/2026/10/08/nyc-college-students-leave-class-to-rally-in-support-of-cornell-universitys-jane-doe/", "EventCode": 1, "Tone": null}}, {"type": "Feature", "geometry": {"type": "Point", "coordinates": [-76.483, 42.447]}, "properties": {"Title": "Nyc College Students Leave Class To Rally In Support Of Cornell Universitys Jane Doe", "SourceURL": "https://www.nydailynews.com/2026/10/08/nyc-college-students-leave-class-to-rally-in-support-of-cornell-universitys-jane-doe/", "EventCode": 1, "Tone": null}}, {"type": "Feature", "geometry": {"type": "Point", "coordinates": [-86.7489, 35.7449]}, "properties": {"Title": "Protect The Freedom To Read", "SourceURL": "https://www.gbtribune.com/news/life/protect-the-freedom-to-read/", "EventCode": 2, "Tone": null}}, {"type": "Feature", "geometry": {"type": "Point", "coordinates": [-121.934, 38.2685]}, "properties": {"Title": "Election 2026 House Control Is Up For Grabs Bay Area Seats Look Safely Democratic", "SourceURL": "https://www.timesheraldonline.com/2026/10/08/election-2026-house-control-is-up-for-grabs-bay-area-seats-look-safely-democratic/", "EventCode": 2, "Tone": null}}, {"type": "Feature", "geometry": {"type": "Point", "coordinates": [-73.9613, 40.809]}, "properties": {"Title": "Nyc College Students Leave Class To Rally In Support Of Cornell Universitys Jane Doe", "SourceURL": "https://www.nydailynews.com/2026/10/08/nyc-college-students-leave-class-to-rally-in-support-of-cornell-universitys-jane-doe/", "EventCode": 3, "Tone": null}}, {"type": "Feature", "geometry": {"type": "Point", "coordinates": [-77.6414, 38.9757]}, "properties": {"Title": "Husband Murder Journal Saying Realtor Wife Killed Tuesday Shot Dead", "SourceURL": "https://www.dailymail.com/news/article-16194169/Husband-murder-journal-saying-realtor-wife-killed-Tuesday-shot-dead.html", "EventCode": 4, "Tone": null}}, {"type": "Feature", "geometry": {"type": "Point", "coordinates": [-77.6414, 38.9757]}, "properties": {"Title": "Husband Murder Journal Saying Realtor Wife Killed Tuesday Shot Dead", "SourceURL": "https://www.dailymail.com/news/article-16194169/Husband-murder-journal-saying-realtor-wife-killed-Tuesday-shot-dead.html", "EventCode": 4, "Tone": null}}, {"type": "Feature", "geometry": {"type": "Point", "coordinates": [-78.2057, 37.768]}, "properties": {"Title": "Husband Murder Journal Saying Realtor Wife Killed Tuesday Shot Dead", "SourceURL": "https://www.dailymail.com/news/article-16194169/Husband-murder-journal-saying-realtor-wife-killed-Tuesday-shot-dead.html", "EventCode": 4, "Tone": null}}, {"type": "Feature", "geometry": {"type": "Point", "coordinates": [-84.9547, 35.5645]}, "properties": {"Title": "Free Flu Shot Clinics Set For Oct 20 Across Southeast Tennessee School Districts", "SourceURL": "https://newschannel9.com/news/local/free-flu-shot-clinics-set-for-oct-20-across-southeast-tennessee-school-districts", "EventCode": 4, "Tone": null}}, {"type": "Feature", "geometry": {"type": "Point", "coordinates": [-71.2328, 42.0126]}, "properties": {"Title": "Oteil Burbridge Dead Co Allman Brothers", "SourceURL": "https://www.boston.com/culture/music/2026/10/08/oteil-burbridge-dead-co-allman-brothers/", "EventCode": 1, "Tone": null}}, {"type": "Feature", "geometry": {"type": "Point", "coordinates": [30.0, 27.0]}, "properties": {"Title": "Oteil Burbridge Dead Co Allman Brothers", "SourceURL": "https://www.boston.com/culture/music/2026/10/08/oteil-burbridge-dead-co-allman-brothers/", "EventCode": 1, "Tone": null}}, {"type": "Feature", "geometry": {"type": "Point", "coordinates": [30.0, 27.0]}, "properties": {"Title": "Oteil Burbridge Dead Co Allman Brothers", "SourceURL": "https://www.boston.com/culture/music/2026/10/08/oteil-burbridge-dead-co-allman-brothers/", "EventCode": 4, "Tone": null}}, {"type": "Feature", "geometry": {"type": "Point", "coordinates": [-98.5795, 39.828175]}, "properties": {"Title": "15 Flattering Short Haircuts Round 194000000", "SourceURL": "https://www.aol.com/articles/15-flattering-short-haircuts-round-194000000.html", "EventCode": 1, "Tone": null}}, {"type": "Feature", "geometry": {"type": "Point", "coordinates": [-98.5795, 39.828175]}, "properties": {"Title": "15 Flattering Short Haircuts Round 194000000", "SourceURL": "https://www.aol.com/articles/15-flattering-short-haircuts-round-194000000.html", "EventCode": 1, "Tone": null}}, {"type": "Feature", "geometry": {"type": "Point", "coordinates": [-78.2057, 37.768]}, "properties": {"Title": "General Assembly Marks 250 Years With Commemorative Colonial Williamsburg Session", "SourceURL": "https://www.pilotonline.com/2026/10/08/general-assembly-marks-250-years-with-commemorative-colonial-williamsburg-session/", "EventCode": 3, "Tone": null}}, {"type": "Feature", "geometry": {"type": "Point", "coordinates": [-78.2057, 37.768]}, "properties": {"Title": "General Assembly Marks 250 Years With Commemorative Colonial Williamsburg Session", "SourceURL": "https://www.pilotonline.com/2026/10/08/general-assembly-marks-250-years-with-commemorative-colonial-williamsburg-session/", "EventCode": 3, "Tone": null}}, {"type": "Feature", "geometry": {"type": "Point", "coordinates": [-111.854, 40.1135]}, "properties": {"Title": "Erika Kirk Warns Assassins Always Find A Way Charlie Death", "SourceURL": "https://radaronline.com/p/erika-kirk-warns-assassins-always-find-a-way-charlie-death/", "EventCode": 1, "Tone": null}}, {"type": "Feature", "geometry": {"type": "Point", "coordinates": [-118.244, 34.0522]}, "properties": {"Title": "Charles Manson Ex Girlfriend Granted Parole After Spending Over 50 Years In Prison", "SourceURL": "https://radaronline.com/p/charles-manson-ex-girlfriend-granted-parole-after-spending-over-50-years-in-prison/", "EventCode": 1, "Tone": null}}, {"type": "Feature", "geometry": {"type": "Point", "coordinates": [-99.4632, 44.2853]}, "properties": {"Title": "Trumps 90 Payments En Route 201947000", "SourceURL": "https://www.aol.com/articles/trumps-90-payments-en-route-201947000.html", "EventCode": 2, "Tone": null}}, {"type": "Feature", "geometry": {"type": "Point", "coordinates": [-84.85, 43.9834]}, "properties": {"Title": "Clare County Man Pleads No Contest To Embezzling Over 400K From Vulnerable Adult Farewell Caregiver Traumatic Brain Injury 82 Year Old Victim", "SourceURL": "https://upnorthlive.com/news/local/clare-county-man-pleads-no-contest-to-embezzling-over-400k-from-vulnerable-adult-farewell-caregiver-traumatic-brain-injury-82-year-old-victim", "EventCode": 3, "Tone": null}}, {"type": "Feature", "geometry": {"type": "Point", "coordinates": [-117.636, 33.9497]}, "properties": {"Title": "Charles Manson Ex Girlfriend Granted Parole After Spending Over 50 Years In Prison", "SourceURL": "https://radaronline.com/p/charles-manson-ex-girlfriend-granted-parole-after-spending-over-50-years-in-prison/", "EventCode": 4, "Tone": null}}, {"type": "Feature", "geometry": {"type": "Point", "coordinates": [-117.636, 33.9497]}, "properties": {"Title": "Charles Manson Ex Girlfriend Granted Parole After Spending Over 50 Years In Prison", "SourceURL": "https://radaronline.com/p/charles-manson-ex-girlfriend-granted-parole-after-spending-over-50-years-in-prison/", "EventCode": 4, "Tone": null}}, {"type": "Feature", "geometry": {"type": "Point", "coordinates": [-82.7755, 40.3736]}, "properties": {"Title": "Female Firefighter 35 Sent Vile Text Messages Boss Dream Job Nightmare Receives Life Changing Settlement", "SourceURL": "https://www.dailymail.com/news/article-16194313/Female-firefighter-35-sent-vile-text-messages-boss-dream-job-nightmare-receives-life-changing-settlement.html", "EventCode": 4, "Tone": null}}, {"type": "Feature", "geometry": {"type": "Point", "coordinates": [-77.0364, 38.8951]}, "properties": {"Title": "American Express National Bank Fined 205245000", "SourceURL": "https://www.aol.com/articles/american-express-national-bank-fined-205245000.html", "EventCode": 4, "Tone": null}}, {"type": "Feature", "geometry": {"type": "Point", "coordinates": [-77.0364, 38.8951]}, "properties": {"Title": "American Express National Bank Fined 205245000", "SourceURL": "https://www.aol.com/articles/american-express-national-bank-fined-205245000.html", "EventCode": 4, "Tone": null}}, {"type": "Feature", "geometry": {"type": "Point", "coordinates": [-96.8005, 38.5111]}, "properties": {"Title": "Is Water Safe To Drink In Topeka After A Recent Wastewater Discharge", "SourceURL": "https://www.kmaj1440.com/2026/10/08/is-water-safe-to-drink-in-topeka-after-a-recent-wastewater-discharge/", "EventCode": 2, "Tone": null}}, {"type": "Feature", "geometry": {"type": "Point", "coordinates": [-96.8005, 38.5111]}, "properties": {"Title": "Is Water Safe To Drink In Topeka After A Recent Wastewater Discharge", "SourceURL": "https://www.kmaj1440.com/2026/10/08/is-water-safe-to-drink-in-topeka-after-a-recent-wastewater-discharge/", "EventCode": 3, "Tone": null}}, {"type": "Feature", "geometry": {"type": "Point", "coordinates": [-96.8005, 38.5111]}, "properties": {"Title": "Is Water Safe To Drink In Topeka After A Recent Wastewater Discharge", "SourceURL": "https://www.kmaj1440.com/2026/10/08/is-water-safe-to-drink-in-topeka-after-a-recent-wastewater-discharge/", "EventCode": 3, "Tone": null}}, {"type": "Feature", "geometry": {"type": "Point", "coordinates": [22.0, 39.0]}, "properties": {"Title": "Ancient Ring Pontius Pilate Jesus Crucifixion", "SourceURL": "https://www.dailymail.com/sciencetech/article-16194473/ancient-ring-pontius-pilate-jesus-crucifixion.html", "EventCode": 1, "Tone": null}}, {"type": "Feature", "geometry": {"type": "Point", "coordinates": [-95.9378, 41.2586]}, "properties": {"Title": "Mom Baby Ground Brain Damage Police", "SourceURL": "https://www.dailymail.com/news/article-16194035/mom-baby-ground-brain-damage-police.html", "EventCode": 1, "Tone": null}}, {"type": "Feature", "geometry": {"type": "Point", "coordinates": [53.0, 32.0]}, "properties": {"Title": "26620857.Long Deployed Us Aircraft Carrier Returns Home 265 Days Sea", "SourceURL": "https://www.guardian-series.co.uk/news/national/26620857.long-deployed-us-aircraft-carrier-returns-home-265-days-sea/", "EventCode": 1, "Tone": null}}, {"type": "Feature", "geometry": {"type": "Point", "coordinates": [-78.2057, 37.768]}, "properties": {"Title": "26620857.Long Deployed Us Aircraft Carrier Returns Home 265 Days Sea", "SourceURL": "https://www.guardian-series.co.uk/news/national/26620857.long-deployed-us-aircraft-carrier-returns-home-265-days-sea/", "EventCode": 1, "Tone": null}}, {"type": "Feature", "geometry": {"type": "Point", "coordinates": [53.0, 32.0]}, "properties": {"Title": "26620857.Long Deployed Us Aircraft Carrier Returns Home 265 Days Sea", "SourceURL": "https://www.countypress.co.uk/news/national/26620857.long-deployed-us-aircraft-carrier-returns-home-265-days-sea/", "EventCode": 1, "Tone": null}}, {"type": "Feature", "geometry": {"type": "Point", "coordinates": [-78.2057, 37.768]}, "properties": {"Title": "26620857.Long Deployed Us Aircraft Carrier Returns Home 265 Days Sea", "SourceURL": "https://www.countypress.co.uk/news/national/26620857.long-deployed-us-aircraft-carrier-returns-home-265-days-sea/", "EventCode": 1, "Tone": null}}, {"type": "Feature", "geometry": {"type": "Point", "coordinates": [-75.978, 36.8529]}, "properties": {"Title": "26620857.Long Deployed Us Aircraft Carrier Returns Home 265 Days Sea", "SourceURL": "https://www.guardian-series.co.uk/news/national/26620857.long-deployed-us-aircraft-carrier-returns-home-265-days-sea/", "EventCode": 1, "Tone": null}}, {"type": "Feature", "geometry": {"type": "Point", "coordinates": [-117.134, 32.6501]}, "properties": {"Title": "26620857.Long Deployed Us Aircraft Carrier Returns Home 265 Days Sea", "SourceURL": "https://www.countypress.co.uk/news/national/26620857.long-deployed-us-aircraft-carrier-returns-home-265-days-sea/", "EventCode": 1, "Tone": null}}, {"type": "Feature", "geometry": {"type": "Point", "coordinates": [-78.2057, 37.768]}, "properties": {"Title": "26620857.Long Deployed Us Aircraft Carrier Returns Home 265 Days Sea", "SourceURL": "https://www.countypress.co.uk/news/national/26620857.long-deployed-us-aircraft-carrier-returns-home-265-days-sea/", "EventCode": 1, "Tone": null}}, {"type": "Feature", "geometry": {"type": "Point", "coordinates": [-77.0364, 38.8951]}, "properties": {"Title": "Ypcmtk6S2Y5C7P2Vjsqkpr4Spm", "SourceURL": "https://www.wsbradio.com/news/politics/pentagon-says-firing/YPCMTK6S2Y5C7P2VJSQKPR4SPM/", "EventCode": 1, "Tone": null}}, {"type": "Feature", "geometry": {"type": "Point", "coordinates": [-74.9384, 42.1497]}, "properties": {"Title": "Cornell 7 Suspect Gillio Lopes Letitia James Probe Prejudging Case", "SourceURL": "https://radaronline.com/p/cornell-7-suspect-gillio-lopes-letitia-james-probe-prejudging-case/", "EventCode": 1, "Tone": null}}, {"type": "Feature", "geometry": {"type": "Point", "coordinates": [-73.9613, 40.809]}, "properties": {"Title": "Nyc College Students Leave Class To Rally In Support Of Cornell Universitys Jane Doe", "SourceURL": "https://www.nydailynews.com/2026/10/08/nyc-college-students-leave-class-to-rally-in-support-of-cornell-universitys-jane-doe/", "EventCode": 3, "Tone": null}}, {"type": "Feature", "geometry": {"type": "Point", "coordinates": [-76.483, 42.447]}, "properties": {"Title": "Cornell 7 Suspect Gillio Lopes Letitia James Probe Prejudging Case", "SourceURL": "https://radaronline.com/p/cornell-7-suspect-gillio-lopes-letitia-james-probe-prejudging-case/", "EventCode": 3, "Tone": null}}, {"type": "Feature", "geometry": {"type": "Point", "coordinates": [-76.483, 42.447]}, "properties": {"Title": "Cornell 7 Suspect Gillio Lopes Letitia James Probe Prejudging Case", "SourceURL": "https://radaronline.com/p/cornell-7-suspect-gillio-lopes-letitia-james-probe-prejudging-case/", "EventCode": 3, "Tone": null}}, {"type": "Feature", "geometry": {"type": "Point", "coordinates": [-82.7755, 40.3736]}, "properties": {"Title": "American Idol Alum Caleb Flynn Gives Dead Eyed Glare In New Prison Mug After Murder Conviction", "SourceURL": "https://nypost.com/2026/10/08/us-news/american-idol-alum-caleb-flynn-gives-dead-eyed-glare-in-new-prison-mug-after-murder-conviction/", "EventCode": 4, "Tone": null}}, {"type": "Feature", "geometry": {"type": "Point", "coordinates": [-75.6496, 40.2454]}, "properties": {"Title": "Pottstown Man Accused Of Possessing Sharing Child Sexual Abuse Material", "SourceURL": "https://www.thereporteronline.com/2026/10/08/pottstown-man-accused-of-possessing-sharing-child-sexual-abuse-material/", "EventCode": 1, "Tone": null}}, {"type": "Feature", "geometry": {"type": "Point", "coordinates": [22.0, 39.0]}, "properties": {"Title": "Ancient Ring Pontius Pilate Jesus Crucifixion", "SourceURL": "https://www.dailymail.com/sciencetech/article-16194473/ancient-ring-pontius-pilate-jesus-crucifixion.html", "EventCode": 1, "Tone": null}}, {"type": "Feature", "geometry": {"type": "Point", "coordinates": [-98.5795, 39.828175]}, "properties": {"Title": "Us Suspends Microsoft And Adobe From Labour Certification Programme 1036610609", "SourceURL": "https://www.finanzen.ch/nachrichten/aktien/us-suspends-microsoft-and-adobe-from-labour-certification-programme-1036610609", "EventCode": 1, "Tone": null}}, {"type": "Feature", "geometry": {"type": "Point", "coordinates": [-75.978, 36.8529]}, "properties": {"Title": "Business Notes Virginia Beach Police", "SourceURL": "https://www.pilotonline.com/2026/10/08/business-notes-virginia-beach-police/", "EventCode": 1, "Tone": null}}, {"type": "Feature", "geometry": {"type": "Point", "coordinates": [-89.6385, 44.2563]}, "properties": {"Title": "Mamdani Picks Viral Olive Oil Bottle Designers For 1M City Owned Grocery Store Branding Deal", "SourceURL": "https://nypost.com/2026/10/08/us-news/mamdani-picks-viral-olive-oil-bottle-designers-for-1m-city-owned-grocery-store-branding-deal/", "EventCode": 1, "Tone": null}}, {"type": "Feature", "geometry": {"type": "Point", "coordinates": [-76.7075, 37.2707]}, "properties": {"Title": "General Assembly Marks 250 Years With Commemorative Colonial Williamsburg Session", "SourceURL": "https://www.pilotonline.com/2026/10/08/general-assembly-marks-250-years-with-commemorative-colonial-williamsburg-session/", "EventCode": 1, "Tone": null}}, {"type": "Feature", "geometry": {"type": "Point", "coordinates": [-78.2057, 37.768]}, "properties": {"Title": "General Assembly Marks 250 Years With Commemorative Colonial Williamsburg Session", "SourceURL": "https://www.pilotonline.com/2026/10/08/general-assembly-marks-250-years-with-commemorative-colonial-williamsburg-session/", "EventCode": 1, "Tone": null}}, {"type": "Feature", "geometry": {"type": "Point", "coordinates": [-84.5603, 43.3504]}, "properties": {"Title": "General Assembly Marks 250 Years With Commemorative Colonial Williamsburg Session", "SourceURL": "https://www.pilotonline.com/2026/10/08/general-assembly-marks-250-years-with-commemorative-colonial-williamsburg-session/", "EventCode": 1, "Tone": null}}, {"type": "Feature", "geometry": {"type": "Point", "coordinates": [-78.2057, 37.768]}, "properties": {"Title": "General Assembly Marks 250 Years With Commemorative Colonial Williamsburg Session", "SourceURL": "https://www.pilotonline.com/2026/10/08/general-assembly-marks-250-years-with-commemorative-colonial-williamsburg-session/", "EventCode": 1, "Tone": null}}, {"type": "Feature", "geometry": {"type": "Point", "coordinates": [-76.7075, 37.2707]}, "properties": {"Title": "General Assembly Marks 250 Years With Commemorative Colonial Williamsburg Session", "SourceURL": "https://www.pilotonline.com/2026/10/08/general-assembly-marks-250-years-with-commemorative-colonial-williamsburg-session/", "EventCode": 1, "Tone": null}}, {"type": "Feature", "geometry": {"type": "Point", "coordinates": [-76.7075, 37.2707]}, "properties": {"Title": "General Assembly Marks 250 Years With Commemorative Colonial Williamsburg Session", "SourceURL": "https://www.pilotonline.com/2026/10/08/general-assembly-marks-250-years-with-commemorative-colonial-williamsburg-session/", "EventCode": 1, "Tone": null}}, {"type": "Feature", "geometry": {"type": "Point", "coordinates": [-78.2057, 37.768]}, "properties": {"Title": "General Assembly Marks 250 Years With Commemorative Colonial Williamsburg Session", "SourceURL": "https://www.pilotonline.com/2026/10/08/general-assembly-marks-250-years-with-commemorative-colonial-williamsburg-session/", "EventCode": 1, "Tone": null}}, {"type": "Feature", "geometry": {"type": "Point", "coordinates": [-121.571, 47.3917]}, "properties": {"Title": "Mike Johnson May Step Down Democrats Win House", "SourceURL": "https://www.nydailynews.com/2026/10/08/mike-johnson-may-step-down-democrats-win-house/", "EventCode": 1, "Tone": null}}, {"type": "Feature", "geometry": {"type": "Point", "coordinates": [-76.7075, 37.2707]}, "properties": {"Title": "General Assembly Marks 250 Years With Commemorative Colonial Williamsburg Session", "SourceURL": "https://www.pilotonline.com/2026/10/08/general-assembly-marks-250-years-with-commemorative-colonial-williamsburg-session/", "EventCode": 1, "Tone": null}}, {"type": "Feature", "geometry": {"type": "Point", "coordinates": [-78.2057, 37.768]}, "properties": {"Title": "General Assembly Marks 250 Years With Commemorative Colonial Williamsburg Session", "SourceURL": "https://www.pilotonline.com/2026/10/08/general-assembly-marks-250-years-with-commemorative-colonial-williamsburg-session/", "EventCode": 1, "Tone": null}}, {"type": "Feature", "geometry": {"type": "Point", "coordinates": [-78.2057, 37.768]}, "properties": {"Title": "Republican Senate Leader Endorses Warner", "SourceURL": "https://www.pilotonline.com/2026/10/08/republican-senate-leader-endorses-warner/", "EventCode": 1, "Tone": null}}, {"type": "Feature", "geometry": {"type": "Point", "coordinates": [-75.978, 36.8529]}, "properties": {"Title": "Republican Senate Leader Endorses Warner", "SourceURL": "https://www.pilotonline.com/2026/10/08/republican-senate-leader-endorses-warner/", "EventCode": 3, "Tone": null}}, {"type": "Feature", "geometry": {"type": "Point", "coordinates": [-78.2057, 37.768]}, "properties": {"Title": "Republican Senate Leader Endorses Warner", "SourceURL": "https://www.pilotonline.com/2026/10/08/republican-senate-leader-endorses-warner/", "EventCode": 3, "Tone": null}}, {"type": "Feature", "geometry": {"type": "Point", "coordinates": [-97.6475, 31.106]}, "properties": {"Title": "Gop Losing Texas", "SourceURL": "https://www.nationalmemo.com/gop-losing-texas", "EventCode": 4, "Tone": null}}, {"type": "Feature", "geometry": {"type": "Point", "coordinates": [-121.571, 47.3917]}, "properties": {"Title": "Article 6870Ee4A Bf8C 452F 89A4 9B103D72Feb0", "SourceURL": "https://www.applevalleynewsnow.com/news/reading-rates-decline-across-u-s-and-washington-as-kennewick-bookstore-promotes-literacy/article_6870ee4a-bf8c-452f-89a4-9b103d72feb0.html", "EventCode": 1, "Tone": null}}, {"type": "Feature", "geometry": {"type": "Point", "coordinates": [-80.9066, 33.8191]}, "properties": {"Title": "Massive Alligator Snaggletooth Captured Hunt", "SourceURL": "https://www.fox5dc.com/news/massive-alligator-snaggletooth-captured-hunt", "EventCode": 1, "Tone": null}}, {"type": "Feature", "geometry": {"type": "Point", "coordinates": [-80.9066, 33.8191]}, "properties": {"Title": "Massive Alligator Snaggletooth Captured Hunt", "SourceURL": "https://www.fox5dc.com/news/massive-alligator-snaggletooth-captured-hunt", "EventCode": 1, "Tone": null}}, {"type": "Feature", "geometry": {"type": "Point", "coordinates": [53.0, 32.0]}, "properties": {"Title": "Ypcmtk6S2Y5C7P2Vjsqkpr4Spm", "SourceURL": "https://www.wsbradio.com/news/politics/pentagon-says-firing/YPCMTK6S2Y5C7P2VJSQKPR4SPM/", "EventCode": 1, "Tone": null}}, {"type": "Feature", "geometry": {"type": "Point", "coordinates": [-121.494, 38.5816]}, "properties": {"Title": "Election 2026 House Control Is Up For Grabs Bay Area Seats Look Safely Democratic", "SourceURL": "https://www.timesheraldonline.com/2026/10/08/election-2026-house-control-is-up-for-grabs-bay-area-seats-look-safely-democratic/", "EventCode": 1, "Tone": null}}, {"type": "Feature", "geometry": {"type": "Point", "coordinates": [-119.746, 36.17]}, "properties": {"Title": "Uss Abraham Lincoln Returns To San Diego After Long Combat Deployment In Middle East", "SourceURL": "https://www.pilotonline.com/2026/10/08/uss-abraham-lincoln-returns-to-san-diego-after-long-combat-deployment-in-middle-east/", "EventCode": 1, "Tone": null}}, {"type": "Feature", "geometry": {"type": "Point", "coordinates": [-121.934, 38.2685]}, "properties": {"Title": "Election 2026 House Control Is Up For Grabs Bay Area Seats Look Safely Democratic", "SourceURL": "https://www.timesheraldonline.com/2026/10/08/election-2026-house-control-is-up-for-grabs-bay-area-seats-look-safely-democratic/", "EventCode": 1, "Tone": null}}, {"type": "Feature", "geometry": {"type": "Point", "coordinates": [-117.157, 32.7153]}, "properties": {"Title": "26620857.Long Deployed Us Aircraft Carrier Returns Home 265 Days Sea", "SourceURL": "https://www.guardian-series.co.uk/news/national/26620857.long-deployed-us-aircraft-carrier-returns-home-265-days-sea/", "EventCode": 2, "Tone": null}}, {"type": "Feature", "geometry": {"type": "Point", "coordinates": [-117.134, 32.6501]}, "properties": {"Title": "26620857.Long Deployed Us Aircraft Carrier Returns Home 265 Days Sea", "SourceURL": "https://www.countypress.co.uk/news/national/26620857.long-deployed-us-aircraft-carrier-returns-home-265-days-sea/", "EventCode": 2, "Tone": null}}, {"type": "Feature", "geometry": {"type": "Point", "coordinates": [-117.134, 32.6501]}, "properties": {"Title": "26620857.Long Deployed Us Aircraft Carrier Returns Home 265 Days Sea", "SourceURL": "https://www.countypress.co.uk/news/national/26620857.long-deployed-us-aircraft-carrier-returns-home-265-days-sea/", "EventCode": 2, "Tone": null}}, {"type": "Feature", "geometry": {"type": "Point", "coordinates": [53.0, 32.0]}, "properties": {"Title": "26620857.Long Deployed Us Aircraft Carrier Returns Home 265 Days Sea", "SourceURL": "https://www.countypress.co.uk/news/national/26620857.long-deployed-us-aircraft-carrier-returns-home-265-days-sea/", "EventCode": 2, "Tone": null}}, {"type": "Feature", "geometry": {"type": "Point", "coordinates": [-77.0364, 38.8951]}, "properties": {"Title": "Ypcmtk6S2Y5C7P2Vjsqkpr4Spm", "SourceURL": "https://www.wsbradio.com/news/politics/pentagon-says-firing/YPCMTK6S2Y5C7P2VJSQKPR4SPM/", "EventCode": 3, "Tone": null}}, {"type": "Feature", "geometry": {"type": "Point", "coordinates": [-77.0364, 38.8951]}, "properties": {"Title": "Pentagon Chief Says Execution Of Military Base Shooter To Be Public 3005375", "SourceURL": "https://www.arabnews.com/world/pentagon-chief-says-execution-of-military-base-shooter-to-be-public-3005375", "EventCode": 4, "Tone": null}}, {"type": "Feature", "geometry": {"type": "Point", "coordinates": [-77.0364, 38.8951]}, "properties": {"Title": "Pentagon Chief Says Execution Of Military Base Shooter To Be Public 3005375", "SourceURL": "https://www.arabnews.com/world/pentagon-chief-says-execution-of-military-base-shooter-to-be-public-3005375", "EventCode": 4, "Tone": null}}, {"type": "Feature", "geometry": {"type": "Point", "coordinates": [-77.4603, 37.5538]}, "properties": {"Title": "Honda Thefts Oct 8 2026", "SourceURL": "https://www.wtvr.com/news/local-news/richmond/honda-thefts-oct-8-2026", "EventCode": 1, "Tone": null}}, {"type": "Feature", "geometry": {"type": "Point", "coordinates": [-77.4603, 37.5538]}, "properties": {"Title": "Honda Thefts Oct 8 2026", "SourceURL": "https://www.wtvr.com/news/local-news/richmond/honda-thefts-oct-8-2026", "EventCode": 3, "Tone": null}}, {"type": "Feature", "geometry": {"type": "Point", "coordinates": [-78.2057, 37.768]}, "properties": {"Title": "Honda Thefts Oct 8 2026", "SourceURL": "https://www.wtvr.com/news/local-news/richmond/honda-thefts-oct-8-2026", "EventCode": 3, "Tone": null}}, {"type": "Feature", "geometry": {"type": "Point", "coordinates": [-97.6475, 31.106]}, "properties": {"Title": "Class Action Filed Against Samsung Over Smart Tv Spying Concerns 6101159", "SourceURL": "https://www.theepochtimes.com/us/class-action-filed-against-samsung-over-smart-tv-spying-concerns-6101159", "EventCode": 1, "Tone": null}}, {"type": "Feature", "geometry": {"type": "Point", "coordinates": [-97.6475, 31.106]}, "properties": {"Title": "Class Action Filed Against Samsung Over Smart Tv Spying Concerns 6101159", "SourceURL": "https://www.theepochtimes.com/us/class-action-filed-against-samsung-over-smart-tv-spying-concerns-6101159", "EventCode": 1, "Tone": null}}, {"type": "Feature", "geometry": {"type": "Point", "coordinates": [-76.0105, 36.8435]}, "properties": {"Title": "Business Notes Virginia Beach Police", "SourceURL": "https://www.pilotonline.com/2026/10/08/business-notes-virginia-beach-police/", "EventCode": 1, "Tone": null}}, {"type": "Feature", "geometry": {"type": "Point", "coordinates": [-78.2057, 37.768]}, "properties": {"Title": "Business Notes Virginia Beach Police", "SourceURL": "https://www.pilotonline.com/2026/10/08/business-notes-virginia-beach-police/", "EventCode": 1, "Tone": null}}, {"type": "Feature", "geometry": {"type": "Point", "coordinates": [-77.5997, 37.3835]}, "properties": {"Title": "Google Data Center Cited For 7 Deq Violations In Chesterfield", "SourceURL": "https://www.wtvr.com/news/local-news/chesterfield-county/google-data-center-cited-for-7-deq-violations-in-chesterfield", "EventCode": 1, "Tone": null}}, {"type": "Feature", "geometry": {"type": "Point", "coordinates": [-72.7093, 44.0407]}, "properties": {"Title": "4924984", "SourceURL": "https://www.reformer.com/newenglandnews/vermont-prop-4-explained-in-virtual-forum/4924984", "EventCode": 1, "Tone": null}}, {"type": "Feature", "geometry": {"type": "Point", "coordinates": [-122.159, 38.0494]}, "properties": {"Title": "Bay Area Property Owners Speak Out Against Proposed Gas Water Heater Ban", "SourceURL": "https://www.timesheraldonline.com/2026/10/08/bay-area-property-owners-speak-out-against-proposed-gas-water-heater-ban/", "EventCode": 1, "Tone": null}}, {"type": "Feature", "geometry": {"type": "Point", "coordinates": [-77.0364, 38.8951]}, "properties": {"Title": "Jeff Bezos Interview Fox Ai Three Day Workweek Success Villainy", "SourceURL": "https://www.dailymail.com/media/article-16194325/jeff-bezos-interview-fox-ai-three-day-workweek-success-villainy.html", "EventCode": 3, "Tone": null}}, {"type": "Feature", "geometry": {"type": "Point", "coordinates": [-77.4603, 37.5538]}, "properties": {"Title": "Honda Thefts Oct 8 2026", "SourceURL": "https://www.wtvr.com/news/local-news/richmond/honda-thefts-oct-8-2026", "EventCode": 1, "Tone": null}}, {"type": "Feature", "geometry": {"type": "Point", "coordinates": [-122.676, 45.5235]}, "properties": {"Title": "Portland Police Release Body Camera Footage From Fatal Chestnut Tree Inn Shooting Se Officer Involved Shooting Local Crime Homicide Investigation", "SourceURL": "https://nbc16.com/news/nation-world/portland-police-release-body-camera-footage-from-fatal-chestnut-tree-inn-shooting-se-officer-involved-shooting-local-crime-homicide-investigation", "EventCode": 4, "Tone": null}}, {"type": "Feature", "geometry": {"type": "Point", "coordinates": [-122.168, 45.2496]}, "properties": {"Title": "Portland Police Release Body Camera Footage From Fatal Chestnut Tree Inn Shooting Se Officer Involved Shooting Local Crime Homicide Investigation", "SourceURL": "https://nbc16.com/news/nation-world/portland-police-release-body-camera-footage-from-fatal-chestnut-tree-inn-shooting-se-officer-involved-shooting-local-crime-homicide-investigation", "EventCode": 4, "Tone": null}}, {"type": "Feature", "geometry": {"type": "Point", "coordinates": [-71.0917, 42.3595]}, "properties": {"Title": "Margaret Hamilton Dies 90", "SourceURL": "https://www.fox32chicago.com/news/margaret-hamilton-dies-90", "EventCode": 1, "Tone": null}}, {"type": "Feature", "geometry": {"type": "Point", "coordinates": [-121.571, 47.3917]}, "properties": {"Title": "Article 6870Ee4A Bf8C 452F 89A4 9B103D72Feb0", "SourceURL": "https://www.applevalleynewsnow.com/news/reading-rates-decline-across-u-s-and-washington-as-kennewick-bookstore-promotes-literacy/article_6870ee4a-bf8c-452f-89a4-9b103d72feb0.html", "EventCode": 3, "Tone": null}}, {"type": "Feature", "geometry": {"type": "Point", "coordinates": [-122.159, 38.0494]}, "properties": {"Title": "Bay Area Property Owners Speak Out Against Proposed Gas Water Heater Ban", "SourceURL": "https://www.timesheraldonline.com/2026/10/08/bay-area-property-owners-speak-out-against-proposed-gas-water-heater-ban/", "EventCode": 1, "Tone": null}}, {"type": "Feature", "geometry": {"type": "Point", "coordinates": [-87.6501, 41.85]}, "properties": {"Title": "Cta Employee Seriously Injured In Stabbing Near Damen Green Line Station Officials Say", "SourceURL": "https://www.fox32chicago.com/news/cta-employee-seriously-injured-in-stabbing-near-damen-green-line-station-officials-say", "EventCode": 1, "Tone": null}}, {"type": "Feature", "geometry": {"type": "Point", "coordinates": [-117.157, 32.7153]}, "properties": {"Title": "Fort Hood Shooting Execution", "SourceURL": "https://www.pilotonline.com/2026/10/08/fort-hood-shooting-execution/", "EventCode": 1, "Tone": null}}, {"type": "Feature", "geometry": {"type": "Point", "coordinates": [53.0, 32.0]}, "properties": {"Title": "Ypcmtk6S2Y5C7P2Vjsqkpr4Spm", "SourceURL": "https://www.wsbradio.com/news/politics/pentagon-says-firing/YPCMTK6S2Y5C7P2VJSQKPR4SPM/", "EventCode": 1, "Tone": null}}, {"type": "Feature", "geometry": {"type": "Point", "coordinates": [-117.157, 32.7153]}, "properties": {"Title": "Pentagon Says The Firing Squad Execution Of Fort Hood Shooter Nidal Malik Hasan Will Be Livestreamed", "SourceURL": "https://www.arkansasonline.com/news/2026/oct/08/pentagon-says-the-firing-squad-execution-of-fort-hood-shooter-nidal-malik-hasan-will-be-livestreamed/", "EventCode": 1, "Tone": null}}, {"type": "Feature", "geometry": {"type": "Point", "coordinates": [-71.5653, 43.4108]}, "properties": {"Title": "Who Is Karoline Leavitt Trump Ex Press Secretary Joins Fox News", "SourceURL": "https://radaronline.com/p/who-is-karoline-leavitt-trump-ex-press-secretary-joins-fox-news/", "EventCode": 1, "Tone": null}}, {"type": "Feature", "geometry": {"type": "Point", "coordinates": [-119.746, 36.17]}, "properties": {"Title": "Charles Manson Ex Girlfriend Granted Parole After Spending Over 50 Years In Prison", "SourceURL": "https://radaronline.com/p/charles-manson-ex-girlfriend-granted-parole-after-spending-over-50-years-in-prison/", "EventCode": 1, "Tone": null}}, {"type": "Feature", "geometry": {"type": "Point", "coordinates": [-122.419, 37.7749]}, "properties": {"Title": "Article C28B4023 D2Ab 5924 A8Bd 515Cff65C942", "SourceURL": "http://www.gazettextra.com/news/nation_world/lyft-to-pay-272-million-settlement-to-california-rideshare-drivers/article_c28b4023-d2ab-5924-a8bd-515cff65c942.html", "EventCode": 3, "Tone": null}}, {"type": "Feature", "geometry": {"type": "Point", "coordinates": [-122.419, 37.7749]}, "properties": {"Title": "Article C28B4023 D2Ab 5924 A8Bd 515Cff65C942", "SourceURL": "http://www.gazettextra.com/news/nation_world/lyft-to-pay-272-million-settlement-to-california-rideshare-drivers/article_c28b4023-d2ab-5924-a8bd-515cff65c942.html", "EventCode": 3, "Tone": null}}, {"type": "Feature", "geometry": {"type": "Point", "coordinates": [-117.577, 35.1916]}, "properties": {"Title": "Election 2026 House Control Is Up For Grabs Bay Area Seats Look Safely Democratic", "SourceURL": "https://www.timesheraldonline.com/2026/10/08/election-2026-house-control-is-up-for-grabs-bay-area-seats-look-safely-democratic/", "EventCode": 1, "Tone": null}}, {"type": "Feature", "geometry": {"type": "Point", "coordinates": [-91.8749, 31.1801]}, "properties": {"Title": "Mike Johnson May Step Down Democrats Win House", "SourceURL": "https://www.nydailynews.com/2026/10/08/mike-johnson-may-step-down-democrats-win-house/", "EventCode": 1, "Tone": null}}, {"type": "Feature", "geometry": {"type": "Point", "coordinates": [-78.2057, 37.768]}, "properties": {"Title": "Republican Senate Leader Endorses Warner", "SourceURL": "https://www.pilotonline.com/2026/10/08/republican-senate-leader-endorses-warner/", "EventCode": 1, "Tone": null}}, {"type": "Feature", "geometry": {"type": "Point", "coordinates": [-117.157, 32.7153]}, "properties": {"Title": "Uss Abraham Lincoln Returns To San Diego After Long Combat Deployment In Middle East", "SourceURL": "https://www.pilotonline.com/2026/10/08/uss-abraham-lincoln-returns-to-san-diego-after-long-combat-deployment-in-middle-east/", "EventCode": 1, "Tone": null}}, {"type": "Feature", "geometry": {"type": "Point", "coordinates": [-117.134, 32.6501]}, "properties": {"Title": "Uss Abraham Lincoln Returns To San Diego After Long Combat Deployment In Middle East", "SourceURL": "https://www.pilotonline.com/2026/10/08/uss-abraham-lincoln-returns-to-san-diego-after-long-combat-deployment-in-middle-east/", "EventCode": 1, "Tone": null}}, {"type": "Feature", "geometry": {"type": "Point", "coordinates": [-77.0364, 38.8951]}, "properties": {"Title": "Pentagon Chief Says Execution Of Military Base Shooter To Be Public 3005375", "SourceURL": "https://www.arabnews.com/world/pentagon-chief-says-execution-of-military-base-shooter-to-be-public-3005375", "EventCode": 4, "Tone": null}}, {"type": "Feature", "geometry": {"type": "Point", "coordinates": [-66.9167, 10.5]}, "properties": {"Title": "Venezuela Maduro Wife Face New Us Charge Over Alleged Torture", "SourceURL": "http://www.venezuelastar.com/news/279360420/venezuela-maduro-wife-face-new-us-charge-over-alleged-torture", "EventCode": 4, "Tone": null}}, {"type": "Feature", "geometry": {"type": "Point", "coordinates": [-75.1704, 42.3442]}, "properties": {"Title": "Venezuela Maduro Wife Face New Us Charge Over Alleged Torture", "SourceURL": "http://www.venezuelastar.com/news/279360420/venezuela-maduro-wife-face-new-us-charge-over-alleged-torture", "EventCode": 4, "Tone": null}}, {"type": "Feature", "geometry": {"type": "Point", "coordinates": [-74.9384, 42.1497]}, "properties": {"Title": "Venezuela Maduro Wife Face New Us Charge Over Alleged Torture", "SourceURL": "http://www.venezuelastar.com/news/279360420/venezuela-maduro-wife-face-new-us-charge-over-alleged-torture", "EventCode": 4, "Tone": null}}, {"type": "Feature", "geometry": {"type": "Point", "coordinates": [-66.9167, 10.5]}, "properties": {"Title": "Nicolas Maduro Moros 1Mls", "SourceURL": "https://www.watoday.com.au/topic/nicolas-maduro-moros-1mls", "EventCode": 4, "Tone": null}}, {"type": "Feature", "geometry": {"type": "Point", "coordinates": [-104.82, 41.14]}, "properties": {"Title": "Article 4Ce54262 B586 439F 9322 9776527Ef3Da", "SourceURL": "http://www.wyomingnews.com/features/todo/from-historic-figures-to-sheet-ghosts-hauntings-and-history-tours-bring-cheyenne-s-spooky-tales/article_4ce54262-b586-439f-9322-9776527ef3da.html", "EventCode": 1, "Tone": null}}, {"type": "Feature", "geometry": {"type": "Point", "coordinates": [84.0, 28.0]}, "properties": {"Title": "Amcham Nepal And Us Embassy Convene Business Roundtable Uspto Intellectual Property And Business Confidence", "SourceURL": "https://www.spotlightnepal.com/2026/10/08/amcham-nepal-and-us-embassy-convene-business-roundtable-uspto-intellectual-property-and-business-confidence/", "EventCode": 1, "Tone": null}}, {"type": "Feature", "geometry": {"type": "Point", "coordinates": [-77.4603, 37.5538]}, "properties": {"Title": "Honda Thefts Oct 8 2026", "SourceURL": "https://www.wtvr.com/news/local-news/richmond/honda-thefts-oct-8-2026", "EventCode": 1, "Tone": null}}, {"type": "Feature", "geometry": {"type": "Point", "coordinates": [-122.676, 45.5235]}, "properties": {"Title": "Portland Police Release Body Camera Footage From Fatal Chestnut Tree Inn Shooting Se Officer Involved Shooting Local Crime Homicide Investigation", "SourceURL": "https://nbc16.com/news/nation-world/portland-police-release-body-camera-footage-from-fatal-chestnut-tree-inn-shooting-se-officer-involved-shooting-local-crime-homicide-investigation", "EventCode": 4, "Tone": null}}, {"type": "Feature", "geometry": {"type": "Point", "coordinates": [-122.168, 45.2496]}, "properties": {"Title": "Portland Police Release Body Camera Footage From Fatal Chestnut Tree Inn Shooting Se Officer Involved Shooting Local Crime Homicide Investigation", "SourceURL": "https://nbc16.com/news/nation-world/portland-police-release-body-camera-footage-from-fatal-chestnut-tree-inn-shooting-se-officer-involved-shooting-local-crime-homicide-investigation", "EventCode": 4, "Tone": null}}, {"type": "Feature", "geometry": {"type": "Point", "coordinates": [-77.264, 40.5773]}, "properties": {"Title": "State Human Relations Commission Condemns Antisemitic Racist Graffiti At Glenside Park Ahead Of Rally", "SourceURL": "https://www.thereporteronline.com/2026/10/08/state-human-relations-commission-condemns-antisemitic-racist-graffiti-at-glenside-park-ahead-of-rally/", "EventCode": 1, "Tone": null}}, {"type": "Feature", "geometry": {"type": "Point", "coordinates": [-78.2057, 37.768]}, "properties": {"Title": "Honda Thefts Oct 8 2026", "SourceURL": "https://www.wtvr.com/news/local-news/richmond/honda-thefts-oct-8-2026", "EventCode": 3, "Tone": null}}, {"type": "Feature", "geometry": {"type": "Point", "coordinates": [-107.209, 42.7475]}, "properties": {"Title": "Article 4Ce54262 B586 439F 9322 9776527Ef3Da", "SourceURL": "http://www.wyomingnews.com/features/todo/from-historic-figures-to-sheet-ghosts-hauntings-and-history-tours-bring-cheyenne-s-spooky-tales/article_4ce54262-b586-439f-9322-9776527ef3da.html", "EventCode": 1, "Tone": null}}, {"type": "Feature", "geometry": {"type": "Point", "coordinates": [-104.82, 41.14]}, "properties": {"Title": "Article 4Ce54262 B586 439F 9322 9776527Ef3Da", "SourceURL": "http://www.wyomingnews.com/features/todo/from-historic-figures-to-sheet-ghosts-hauntings-and-history-tours-bring-cheyenne-s-spooky-tales/article_4ce54262-b586-439f-9322-9776527ef3da.html", "EventCode": 1, "Tone": null}}, {"type": "Feature", "geometry": {"type": "Point", "coordinates": [-121.571, 47.3917]}, "properties": {"Title": "Article 6870Ee4A Bf8C 452F 89A4 9B103D72Feb0", "SourceURL": "https://www.applevalleynewsnow.com/news/reading-rates-decline-across-u-s-and-washington-as-kennewick-bookstore-promotes-literacy/article_6870ee4a-bf8c-452f-89a4-9b103d72feb0.html", "EventCode": 3, "Tone": null}}, {"type": "Feature", "geometry": {"type": "Point", "coordinates": [22.0, 39.0]}, "properties": {"Title": "Ancient Ring Pontius Pilate Jesus Crucifixion", "SourceURL": "https://www.dailymail.com/sciencetech/article-16194473/ancient-ring-pontius-pilate-jesus-crucifixion.html", "EventCode": 1, "Tone": null}}, {"type": "Feature", "geometry": {"type": "Point", "coordinates": [-73.9613, 40.809]}, "properties": {"Title": "Nyc College Students Leave Class To Rally In Support Of Cornell Universitys Jane Doe", "SourceURL": "https://www.nydailynews.com/2026/10/08/nyc-college-students-leave-class-to-rally-in-support-of-cornell-universitys-jane-doe/", "EventCode": 1, "Tone": null}}, {"type": "Feature", "geometry": {"type": "Point", "coordinates": [-73.9613, 40.809]}, "properties": {"Title": "Nyc College Students Leave Class To Rally In Support Of Cornell Universitys Jane Doe", "SourceURL": "https://www.nydailynews.com/2026/10/08/nyc-college-students-leave-class-to-rally-in-support-of-cornell-universitys-jane-doe/", "EventCode": 1, "Tone": null}}, {"type": "Feature", "geometry": {"type": "Point", "coordinates": [-73.9613, 40.809]}, "properties": {"Title": "Nyc College Students Leave Class To Rally In Support Of Cornell Universitys Jane Doe", "SourceURL": "https://www.nydailynews.com/2026/10/08/nyc-college-students-leave-class-to-rally-in-support-of-cornell-universitys-jane-doe/", "EventCode": 1, "Tone": null}}, {"type": "Feature", "geometry": {"type": "Point", "coordinates": [34.75, 31.5]}, "properties": {"Title": "Haverford Professor Charged Alleged Heinous Antisemitic Online Attacks Barred Campus", "SourceURL": "https://www.foxnews.com/media/haverford-professor-charged-alleged-heinous-antisemitic-online-attacks-barred-campus", "EventCode": 4, "Tone": null}}, {"type": "Feature", "geometry": {"type": "Point", "coordinates": [22.0, 39.0]}, "properties": {"Title": "Ancient Ring Pontius Pilate Jesus Crucifixion", "SourceURL": "https://www.dailymail.com/sciencetech/article-16194473/ancient-ring-pontius-pilate-jesus-crucifixion.html", "EventCode": 1, "Tone": null}}, {"type": "Feature", "geometry": {"type": "Point", "coordinates": [-119.746, 36.17]}, "properties": {"Title": "Ancient Ring Pontius Pilate Jesus Crucifixion", "SourceURL": "https://www.dailymail.com/sciencetech/article-16194473/ancient-ring-pontius-pilate-jesus-crucifixion.html", "EventCode": 1, "Tone": null}}, {"type": "Feature", "geometry": {"type": "Point", "coordinates": [-71.0917, 42.3595]}, "properties": {"Title": "Margaret Hamilton Dies 90", "SourceURL": "https://www.fox32chicago.com/news/margaret-hamilton-dies-90", "EventCode": 1, "Tone": null}}, {"type": "Feature", "geometry": {"type": "Point", "coordinates": [-84.5603, 43.3504]}, "properties": {"Title": "Margaret Hamilton Dies 90", "SourceURL": "https://www.fox32chicago.com/news/margaret-hamilton-dies-90", "EventCode": 1, "Tone": null}}, {"type": "Feature", "geometry": {"type": "Point", "coordinates": [-78.2057, 37.768]}, "properties": {"Title": "Republican Senate Leader Endorses Warner", "SourceURL": "https://www.pilotonline.com/2026/10/08/republican-senate-leader-endorses-warner/", "EventCode": 1, "Tone": null}}, {"type": "Feature", "geometry": {"type": "Point", "coordinates": [-75.978, 36.8529]}, "properties": {"Title": "Republican Senate Leader Endorses Warner", "SourceURL": "https://www.pilotonline.com/2026/10/08/republican-senate-leader-endorses-warner/", "EventCode": 1, "Tone": null}}, {"type": "Feature", "geometry": {"type": "Point", "coordinates": [-122.159, 38.0494]}, "properties": {"Title": "Bay Area Property Owners Speak Out Against Proposed Gas Water Heater Ban", "SourceURL": "https://www.timesheraldonline.com/2026/10/08/bay-area-property-owners-speak-out-against-proposed-gas-water-heater-ban/", "EventCode": 1, "Tone": null}}, {"type": "Feature", "geometry": {"type": "Point", "coordinates": [-95.3633, 29.7633]}, "properties": {"Title": "Nasa Spacex Crew 12 Returns To Earth After 8 Months In Space 6101207", "SourceURL": "https://www.theepochtimes.com/us/nasa-spacex-crew-12-returns-to-earth-after-8-months-in-space-6101207", "EventCode": 1, "Tone": null}}, {"type": "Feature", "geometry": {"type": "Point", "coordinates": [-71.5653, 43.4108]}, "properties": {"Title": "Who Is Karoline Leavitt Trump Ex Press Secretary Joins Fox News", "SourceURL": "https://radaronline.com/p/who-is-karoline-leavitt-trump-ex-press-secretary-joins-fox-news/", "EventCode": 1, "Tone": null}}, {"type": "Feature", "geometry": {"type": "Point", "coordinates": [-95.3633, 29.7633]}, "properties": {"Title": "Nasa Spacex Crew 12 Returns To Earth After 8 Months In Space 6101207", "SourceURL": "https://www.theepochtimes.com/us/nasa-spacex-crew-12-returns-to-earth-after-8-months-in-space-6101207", "EventCode": 1, "Tone": null}}, {"type": "Feature", "geometry": {"type": "Point", "coordinates": [-95.3633, 29.7633]}, "properties": {"Title": "Nasa Spacex Crew 12 Returns To Earth After 8 Months In Space 6101207", "SourceURL": "https://www.theepochtimes.com/us/nasa-spacex-crew-12-returns-to-earth-after-8-months-in-space-6101207", "EventCode": 2, "Tone": null}}, {"type": "Feature", "geometry": {"type": "Point", "coordinates": [-71.5653, 43.4108]}, "properties": {"Title": "Who Is Karoline Leavitt Trump Ex Press Secretary Joins Fox News", "SourceURL": "https://radaronline.com/p/who-is-karoline-leavitt-trump-ex-press-secretary-joins-fox-news/", "EventCode": 1, "Tone": null}}, {"type": "Feature", "geometry": {"type": "Point", "coordinates": [-86.8073, 32.799]}, "properties": {"Title": "Alabama Man Accused Of Casting Ballot In Calhoun County After Voting In North Carolina Forrest Scott Woody 2026", "SourceURL": "https://abc3340.com/news/local/alabama-man-accused-of-casting-ballot-in-calhoun-county-after-voting-in-north-carolina-forrest-scott-woody-2026", "EventCode": 1, "Tone": null}}, {"type": "Feature", "geometry": {"type": "Point", "coordinates": [-86.7489, 35.7449]}, "properties": {"Title": "Your Daily Civic Brief For October 8", "SourceURL": "https://wlrh.org/episode/your-daily-civic-brief-for-october-8/", "EventCode": 1, "Tone": null}}, {"type": "Feature", "geometry": {"type": "Point", "coordinates": [-77.0364, 38.8951]}, "properties": {"Title": "Your Daily Civic Brief For October 8", "SourceURL": "https://wlrh.org/episode/your-daily-civic-brief-for-october-8/", "EventCode": 3, "Tone": null}}, {"type": "Feature", "geometry": {"type": "Point", "coordinates": [-75.3057, 40.0118]}, "properties": {"Title": "Haverford Professor Charged Alleged Heinous Antisemitic Online Attacks Barred Campus", "SourceURL": "https://www.foxnews.com/media/haverford-professor-charged-alleged-heinous-antisemitic-online-attacks-barred-campus", "EventCode": 1, "Tone": null}}, {"type": "Feature", "geometry": {"type": "Point", "coordinates": [66.0, 33.0]}, "properties": {"Title": "Pete Hegseth Terrorist Death Penalty Publicly Executed", "SourceURL": "https://www.dailymail.com/news/article-16194585/pete-hegseth-terrorist-death-penalty-publicly-executed.html", "EventCode": 1, "Tone": null}}, {"type": "Feature", "geometry": {"type": "Point", "coordinates": [-111.854, 40.1135]}, "properties": {"Title": "Pete Hegseth Terrorist Death Penalty Publicly Executed", "SourceURL": "https://www.dailymail.com/news/article-16194585/pete-hegseth-terrorist-death-penalty-publicly-executed.html", "EventCode": 1, "Tone": null}}, {"type": "Feature", "geometry": {"type": "Point", "coordinates": [-97.7091, 31.2548]}, "properties": {"Title": "Pete Hegseth Terrorist Death Penalty Publicly Executed", "SourceURL": "https://www.dailymail.com/news/article-16194585/pete-hegseth-terrorist-death-penalty-publicly-executed.html", "EventCode": 4, "Tone": null}}, {"type": "Feature", "geometry": {"type": "Point", "coordinates": [-97.7091, 31.2548]}, "properties": {"Title": "Pete Hegseth Terrorist Death Penalty Publicly Executed", "SourceURL": "https://www.dailymail.com/news/article-16194585/pete-hegseth-terrorist-death-penalty-publicly-executed.html", "EventCode": 4, "Tone": null}}, {"type": "Feature", "geometry": {"type": "Point", "coordinates": [-93.6091, 41.6005]}, "properties": {"Title": "Article 1Eefbf6D 9186 4933 B890 2327D454072C", "SourceURL": "http://www.thegazette.com/news/elections/firefighters-group-endorses-josh-turek-for-u-s-senate/article_1eefbf6d-9186-4933-b890-2327d454072c.html", "EventCode": 1, "Tone": null}}, {"type": "Feature", "geometry": {"type": "Point", "coordinates": [-93.6091, 41.6005]}, "properties": {"Title": "Article 1Eefbf6D 9186 4933 B890 2327D454072C", "SourceURL": "http://www.thegazette.com/news/elections/firefighters-group-endorses-josh-turek-for-u-s-senate/article_1eefbf6d-9186-4933-b890-2327d454072c.html", "EventCode": 1, "Tone": null}}, {"type": "Feature", "geometry": {"type": "Point", "coordinates": [-122.159, 38.0494]}, "properties": {"Title": "Bay Area Property Owners Speak Out Against Proposed Gas Water Heater Ban", "SourceURL": "https://www.timesheraldonline.com/2026/10/08/bay-area-property-owners-speak-out-against-proposed-gas-water-heater-ban/", "EventCode": 1, "Tone": null}}, {"type": "Feature", "geometry": {"type": "Point", "coordinates": [-71.5653, 43.4108]}, "properties": {"Title": "Who Is Karoline Leavitt Trump Ex Press Secretary Joins Fox News", "SourceURL": "https://radaronline.com/p/who-is-karoline-leavitt-trump-ex-press-secretary-joins-fox-news/", "EventCode": 1, "Tone": null}}, {"type": "Feature", "geometry": {"type": "Point", "coordinates": [-93.6091, 41.6005]}, "properties": {"Title": "Article 1Eefbf6D 9186 4933 B890 2327D454072C", "SourceURL": "http://www.thegazette.com/news/elections/firefighters-group-endorses-josh-turek-for-u-s-senate/article_1eefbf6d-9186-4933-b890-2327d454072c.html", "EventCode": 1, "Tone": null}}, {"type": "Feature", "geometry": {"type": "Point", "coordinates": [-117.636, 33.9497]}, "properties": {"Title": "Charles Manson Ex Girlfriend Granted Parole After Spending Over 50 Years In Prison", "SourceURL": "https://radaronline.com/p/charles-manson-ex-girlfriend-granted-parole-after-spending-over-50-years-in-prison/", "EventCode": 1, "Tone": null}}, {"type": "Feature", "geometry": {"type": "Point", "coordinates": [-117.636, 33.9497]}, "properties": {"Title": "Charles Manson Ex Girlfriend Granted Parole After Spending Over 50 Years In Prison", "SourceURL": "https://radaronline.com/p/charles-manson-ex-girlfriend-granted-parole-after-spending-over-50-years-in-prison/", "EventCode": 1, "Tone": null}}, {"type": "Feature", "geometry": {"type": "Point", "coordinates": [-119.746, 36.17]}, "properties": {"Title": "Charles Manson Ex Girlfriend Granted Parole After Spending Over 50 Years In Prison", "SourceURL": "https://radaronline.com/p/charles-manson-ex-girlfriend-granted-parole-after-spending-over-50-years-in-prison/", "EventCode": 4, "Tone": null}}, {"type": "Feature", "geometry": {"type": "Point", "coordinates": [-111.854, 40.1135]}, "properties": {"Title": "Erika Kirk Warns Assassins Always Find A Way Charlie Death", "SourceURL": "https://radaronline.com/p/erika-kirk-warns-assassins-always-find-a-way-charlie-death/", "EventCode": 4, "Tone": null}}, {"type": "Feature", "geometry": {"type": "Point", "coordinates": [-72.7093, 44.0407]}, "properties": {"Title": "4931958", "SourceURL": "https://www.reformer.com/local-news/vermont-supreme-court-sides-with-school-board-on-principal-firing/4931958", "EventCode": 1, "Tone": null}}, {"type": "Feature", "geometry": {"type": "Point", "coordinates": [-111.854, 40.1135]}, "properties": {"Title": "Erika Kirk Warns Assassins Always Find A Way Charlie Death", "SourceURL": "https://radaronline.com/p/erika-kirk-warns-assassins-always-find-a-way-charlie-death/", "EventCode": 4, "Tone": null}}, {"type": "Feature", "geometry": {"type": "Point", "coordinates": [-71.0598, 42.3584]}, "properties": {"Title": "Matthew Farwell Sandra Birchmore Case Potential Jurors", "SourceURL": "https://www.boston.com/news/crime/2026/10/08/matthew-farwell-sandra-birchmore-case-potential-jurors/", "EventCode": 2, "Tone": null}}, {"type": "Feature", "geometry": {"type": "Point", "coordinates": [-121.907, 37.4283]}, "properties": {"Title": "Election 2026 House Control Is Up For Grabs Bay Area Seats Look Safely Democratic", "SourceURL": "https://www.timesheraldonline.com/2026/10/08/election-2026-house-control-is-up-for-grabs-bay-area-seats-look-safely-democratic/", "EventCode": 1, "Tone": null}}, {"type": "Feature", "geometry": {"type": "Point", "coordinates": [-91.8749, 31.1801]}, "properties": {"Title": "Mike Johnson May Step Down Democrats Win House", "SourceURL": "https://www.nydailynews.com/2026/10/08/mike-johnson-may-step-down-democrats-win-house/", "EventCode": 1, "Tone": null}}, {"type": "Feature", "geometry": {"type": "Point", "coordinates": [-121.571, 47.3917]}, "properties": {"Title": "Mike Johnson May Step Down Democrats Win House", "SourceURL": "https://www.nydailynews.com/2026/10/08/mike-johnson-may-step-down-democrats-win-house/", "EventCode": 1, "Tone": null}}, {"type": "Feature", "geometry": {"type": "Point", "coordinates": [-98.5795, 39.828175]}, "properties": {"Title": "90 Of Boomers Would Raise Taxes On Younger Workers For Retirement Poll", "SourceURL": "https://nypost.com/2026/10/08/us-news/90-of-boomers-would-raise-taxes-on-younger-workers-for-retirement-poll/", "EventCode": 1, "Tone": null}}, {"type": "Feature", "geometry": {"type": "Point", "coordinates": [-77.0364, 38.8951]}, "properties": {"Title": "Pentagon Chief Says Execution Of Military Base Shooter To Be Public 3005375", "SourceURL": "https://www.arabnews.com/world/pentagon-chief-says-execution-of-military-base-shooter-to-be-public-3005375", "EventCode": 4, "Tone": null}}, {"type": "Feature", "geometry": {"type": "Point", "coordinates": [-117.157, 32.7153]}, "properties": {"Title": "Uss Abraham Lincoln Returns To San Diego After Long Combat Deployment In Middle East", "SourceURL": "https://www.pilotonline.com/2026/10/08/uss-abraham-lincoln-returns-to-san-diego-after-long-combat-deployment-in-middle-east/", "EventCode": 1, "Tone": null}}, {"type": "Feature", "geometry": {"type": "Point", "coordinates": [-117.134, 32.6501]}, "properties": {"Title": "Uss Abraham Lincoln Returns To San Diego After Long Combat Deployment In Middle East", "SourceURL": "https://www.pilotonline.com/2026/10/08/uss-abraham-lincoln-returns-to-san-diego-after-long-combat-deployment-in-middle-east/", "EventCode": 1, "Tone": null}}, {"type": "Feature", "geometry": {"type": "Point", "coordinates": [-61.2, 13.083333]}, "properties": {"Title": "Svg Advances Seafood Safety And Export Readiness Under Ubec Project", "SourceURL": "https://www.nbcsvg.com/2026/10/08/svg-advances-seafood-safety-and-export-readiness-under-ubec-project/", "EventCode": 1, "Tone": null}}, {"type": "Feature", "geometry": {"type": "Point", "coordinates": [-75.1704, 42.3442]}, "properties": {"Title": "Venezuela Maduro Wife Face New Us Charge Over Alleged Torture", "SourceURL": "http://www.venezuelastar.com/news/279360420/venezuela-maduro-wife-face-new-us-charge-over-alleged-torture", "EventCode": 3, "Tone": null}}, {"type": "Feature", "geometry": {"type": "Point", "coordinates": [53.0, 32.0]}, "properties": {"Title": "Nicolas Maduro Moros 1Mls", "SourceURL": "https://www.watoday.com.au/topic/nicolas-maduro-moros-1mls", "EventCode": 4, "Tone": null}}, {"type": "Feature", "geometry": {"type": "Point", "coordinates": [53.0, 32.0]}, "properties": {"Title": "Nicolas Maduro Moros 1Mls", "SourceURL": "https://www.watoday.com.au/topic/nicolas-maduro-moros-1mls", "EventCode": 4, "Tone": null}}, {"type": "Feature", "geometry": {"type": "Point", "coordinates": [28.2294, -25.7069]}, "properties": {"Title": "53276", "SourceURL": "https://www.thereporterethiopia.com/53276/", "EventCode": 3, "Tone": null}}, {"type": "Feature", "geometry": {"type": "Point", "coordinates": [39.5, 13.5]}, "properties": {"Title": "53276", "SourceURL": "https://www.thereporterethiopia.com/53276/", "EventCode": 3, "Tone": null}}, {"type": "Feature", "geometry": {"type": "Point", "coordinates": [28.2294, -25.7069]}, "properties": {"Title": "53276", "SourceURL": "https://www.thereporterethiopia.com/53276/", "EventCode": 3, "Tone": null}}, {"type": "Feature", "geometry": {"type": "Point", "coordinates": [39.1667, 11.1667]}, "properties": {"Title": "53276", "SourceURL": "https://www.thereporterethiopia.com/53276/", "EventCode": 1, "Tone": null}}, {"type": "Feature", "geometry": {"type": "Point", "coordinates": [-104.82, 41.14]}, "properties": {"Title": "Article 4Ce54262 B586 439F 9322 9776527Ef3Da", "SourceURL": "http://www.wyomingnews.com/features/todo/from-historic-figures-to-sheet-ghosts-hauntings-and-history-tours-bring-cheyenne-s-spooky-tales/article_4ce54262-b586-439f-9322-9776527ef3da.html", "EventCode": 1, "Tone": null}}, {"type": "Feature", "geometry": {"type": "Point", "coordinates": [-104.82, 41.14]}, "properties": {"Title": "Article 4Ce54262 B586 439F 9322 9776527Ef3Da", "SourceURL": "http://www.wyomingnews.com/features/todo/from-historic-figures-to-sheet-ghosts-hauntings-and-history-tours-bring-cheyenne-s-spooky-tales/article_4ce54262-b586-439f-9322-9776527ef3da.html", "EventCode": 1, "Tone": null}}, {"type": "Feature", "geometry": {"type": "Point", "coordinates": [-104.82, 41.14]}, "properties": {"Title": "Article 4Ce54262 B586 439F 9322 9776527Ef3Da", "SourceURL": "http://www.wyomingnews.com/features/todo/from-historic-figures-to-sheet-ghosts-hauntings-and-history-tours-bring-cheyenne-s-spooky-tales/article_4ce54262-b586-439f-9322-9776527ef3da.html", "EventCode": 4, "Tone": null}}, {"type": "Feature", "geometry": {"type": "Point", "coordinates": [-107.209, 42.7475]}, "properties": {"Title": "Article 4Ce54262 B586 439F 9322 9776527Ef3Da", "SourceURL": "http://www.wyomingnews.com/features/todo/from-historic-figures-to-sheet-ghosts-hauntings-and-history-tours-bring-cheyenne-s-spooky-tales/article_4ce54262-b586-439f-9322-9776527ef3da.html", "EventCode": 1, "Tone": null}}, {"type": "Feature", "geometry": {"type": "Point", "coordinates": [-107.209, 42.7475]}, "properties": {"Title": "Article 4Ce54262 B586 439F 9322 9776527Ef3Da", "SourceURL": "http://www.wyomingnews.com/features/todo/from-historic-figures-to-sheet-ghosts-hauntings-and-history-tours-bring-cheyenne-s-spooky-tales/article_4ce54262-b586-439f-9322-9776527ef3da.html", "EventCode": 1, "Tone": null}}, {"type": "Feature", "geometry": {"type": "Point", "coordinates": [84.0, 28.0]}, "properties": {"Title": "Dashain Tika 2026 Auspicious Time Dashain Tika 1026 M Kartik 4 Nepal", "SourceURL": "https://www.spotlightnepal.com/2026/10/08/dashain-tika-2026-auspicious-time-dashain-tika-1026-m-kartik-4-nepal/", "EventCode": 1, "Tone": null}}, {"type": "Feature", "geometry": {"type": "Point", "coordinates": [-79.4167, 43.6667]}, "properties": {"Title": "312771", "SourceURL": "https://vocm.com/2026/10/08/312771/", "EventCode": 4, "Tone": null}}, {"type": "Feature", "geometry": {"type": "Point", "coordinates": [6.14811, 46.1956]}, "properties": {"Title": "Rochester Man Charged After Three Geneva Home Break Ins Car Theft", "SourceURL": "https://www.fingerlakes1.com/2026/10/08/rochester-man-charged-after-three-geneva-home-break-ins-car-theft/", "EventCode": 4, "Tone": null}}, {"type": "Feature", "geometry": {"type": "Point", "coordinates": [6.14811, 46.1956]}, "properties": {"Title": "Rochester Man Charged After Three Geneva Home Break Ins Car Theft", "SourceURL": "https://www.fingerlakes1.com/2026/10/08/rochester-man-charged-after-three-geneva-home-break-ins-car-theft/", "EventCode": 4, "Tone": null}}, {"type": "Feature", "geometry": {"type": "Point", "coordinates": [-79.5, 22.0]}, "properties": {"Title": "2026 10 08 Eswatini Deportees", "SourceURL": "https://www.dailymaverick.co.za/article/2026-10-08-eswatini-deportees/", "EventCode": 1, "Tone": null}}, {"type": "Feature", "geometry": {"type": "Point", "coordinates": [-79.5, 22.0]}, "properties": {"Title": "2026 10 08 Eswatini Deportees", "SourceURL": "https://www.dailymaverick.co.za/article/2026-10-08-eswatini-deportees/", "EventCode": 1, "Tone": null}}, {"type": "Feature", "geometry": {"type": "Point", "coordinates": [140.567, -34.2333]}, "properties": {"Title": "Unintended Consequences Risk Parties Target Overseas Students", "SourceURL": "https://www.timeshighereducation.com/news/unintended-consequences-risk-parties-target-overseas-students", "EventCode": 2, "Tone": null}}, {"type": "Feature", "geometry": {"type": "Point", "coordinates": [140.567, -34.2333]}, "properties": {"Title": "Unintended Consequences Risk Parties Target Overseas Students", "SourceURL": "https://www.timeshighereducation.com/news/unintended-consequences-risk-parties-target-overseas-students", "EventCode": 2, "Tone": null}}, {"type": "Feature", "geometry": {"type": "Point", "coordinates": [140.567, -34.2333]}, "properties": {"Title": "Unintended Consequences Risk Parties Target Overseas Students", "SourceURL": "https://www.timeshighereducation.com/news/unintended-consequences-risk-parties-target-overseas-students", "EventCode": 2, "Tone": null}}, {"type": "Feature", "geometry": {"type": "Point", "coordinates": [140.567, -34.2333]}, "properties": {"Title": "Unintended Consequences Risk Parties Target Overseas Students", "SourceURL": "https://www.timeshighereducation.com/news/unintended-consequences-risk-parties-target-overseas-students", "EventCode": 2, "Tone": null}}, {"type": "Feature", "geometry": {"type": "Point", "coordinates": [140.567, -34.2333]}, "properties": {"Title": "Unintended Consequences Risk Parties Target Overseas Students", "SourceURL": "https://www.timeshighereducation.com/news/unintended-consequences-risk-parties-target-overseas-students", "EventCode": 2, "Tone": null}}, {"type": "Feature", "geometry": {"type": "Point", "coordinates": [140.567, -34.2333]}, "properties": {"Title": "Unintended Consequences Risk Parties Target Overseas Students", "SourceURL": "https://www.timeshighereducation.com/news/unintended-consequences-risk-parties-target-overseas-students", "EventCode": 2, "Tone": null}}, {"type": "Feature", "geometry": {"type": "Point", "coordinates": [-74.9384, 42.1497]}, "properties": {"Title": "Mta Chair Accuses Andy Byford Whos Leading Penn Station Rebuild Of Going Full Maga", "SourceURL": "https://gothamist.com/news/mta-chair-accuses-andy-byford-whos-leading-penn-station-rebuild-of-going-full-maga", "EventCode": 4, "Tone": null}}, {"type": "Feature", "geometry": {"type": "Point", "coordinates": [-79.5, 22.0]}, "properties": {"Title": "2026 10 08 Eswatini Deportees", "SourceURL": "https://www.dailymaverick.co.za/article/2026-10-08-eswatini-deportees/", "EventCode": 1, "Tone": null}}, {"type": "Feature", "geometry": {"type": "Point", "coordinates": [-79.5, 22.0]}, "properties": {"Title": "2026 10 08 Eswatini Deportees", "SourceURL": "https://www.dailymaverick.co.za/article/2026-10-08-eswatini-deportees/", "EventCode": 1, "Tone": null}}, {"type": "Feature", "geometry": {"type": "Point", "coordinates": [-79.5, 22.0]}, "properties": {"Title": "2026 10 08 Eswatini Deportees", "SourceURL": "https://www.dailymaverick.co.za/article/2026-10-08-eswatini-deportees/", "EventCode": 4, "Tone": null}}, {"type": "Feature", "geometry": {"type": "Point", "coordinates": [-79.5, 22.0]}, "properties": {"Title": "2026 10 08 Eswatini Deportees", "SourceURL": "https://www.dailymaverick.co.za/article/2026-10-08-eswatini-deportees/", "EventCode": 4, "Tone": null}}, {"type": "Feature", "geometry": {"type": "Point", "coordinates": [-79.5, 22.0]}, "properties": {"Title": "2026 10 08 Eswatini Deportees", "SourceURL": "https://www.dailymaverick.co.za/article/2026-10-08-eswatini-deportees/", "EventCode": 1, "Tone": null}}, {"type": "Feature", "geometry": {"type": "Point", "coordinates": [-79.5, 22.0]}, "properties": {"Title": "2026 10 08 Eswatini Deportees", "SourceURL": "https://www.dailymaverick.co.za/article/2026-10-08-eswatini-deportees/", "EventCode": 4, "Tone": null}}, {"type": "Feature", "geometry": {"type": "Point", "coordinates": [-79.5, 22.0]}, "properties": {"Title": "2026 10 08 Eswatini Deportees", "SourceURL": "https://www.dailymaverick.co.za/article/2026-10-08-eswatini-deportees/", "EventCode": 1, "Tone": null}}, {"type": "Feature", "geometry": {"type": "Point", "coordinates": [-79.5, 22.0]}, "properties": {"Title": "2026 10 08 Eswatini Deportees", "SourceURL": "https://www.dailymaverick.co.za/article/2026-10-08-eswatini-deportees/", "EventCode": 4, "Tone": null}}, {"type": "Feature", "geometry": {"type": "Point", "coordinates": [-79.5, 22.0]}, "properties": {"Title": "2026 10 08 Eswatini Deportees", "SourceURL": "https://www.dailymaverick.co.za/article/2026-10-08-eswatini-deportees/", "EventCode": 1, "Tone": null}}, {"type": "Feature", "geometry": {"type": "Point", "coordinates": [-79.5, 22.0]}, "properties": {"Title": "2026 10 08 Eswatini Deportees", "SourceURL": "https://www.dailymaverick.co.za/article/2026-10-08-eswatini-deportees/", "EventCode": 4, "Tone": null}}, {"type": "Feature", "geometry": {"type": "Point", "coordinates": [-79.5, 22.0]}, "properties": {"Title": "2026 10 08 Eswatini Deportees", "SourceURL": "https://www.dailymaverick.co.za/article/2026-10-08-eswatini-deportees/", "EventCode": 1, "Tone": null}}, {"type": "Feature", "geometry": {"type": "Point", "coordinates": [-79.5, 22.0]}, "properties": {"Title": "2026 10 08 Eswatini Deportees", "SourceURL": "https://www.dailymaverick.co.za/article/2026-10-08-eswatini-deportees/", "EventCode": 1, "Tone": null}}, {"type": "Feature", "geometry": {"type": "Point", "coordinates": [-79.5, 22.0]}, "properties": {"Title": "2026 10 08 Eswatini Deportees", "SourceURL": "https://www.dailymaverick.co.za/article/2026-10-08-eswatini-deportees/", "EventCode": 1, "Tone": null}}, {"type": "Feature", "geometry": {"type": "Point", "coordinates": [149.217, -35.2833]}, "properties": {"Title": "2026 10 08 Sas Foreign Service Is Becoming A Retreat For Failed Ministers", "SourceURL": "https://www.dailymaverick.co.za/opinionista/2026-10-08-sas-foreign-service-is-becoming-a-retreat-for-failed-ministers/", "EventCode": 1, "Tone": null}}, {"type": "Feature", "geometry": {"type": "Point", "coordinates": [-72.7622, 41.5834]}, "properties": {"Title": "3783133", "SourceURL": "https://www.nbcconnecticut.com/news/national-international/trump-accounts-automatic-enrollment-info/3783133/", "EventCode": 2, "Tone": null}}, {"type": "Feature", "geometry": {"type": "Point", "coordinates": [32.5342, 15.5881]}, "properties": {"Title": "Un Extends Darfur Arms Embargo As Us Seeks Wider Ban", "SourceURL": "https://www.radiotamazuj.org/en/news/article/un-extends-darfur-arms-embargo-as-us-seeks-wider-ban", "EventCode": 1, "Tone": null}}, {"type": "Feature", "geometry": {"type": "Point", "coordinates": [72.5865, 33.8128]}, "properties": {"Title": "Un Extends Darfur Arms Embargo As Us Seeks Wider Ban", "SourceURL": "https://www.radiotamazuj.org/en/news/article/un-extends-darfur-arms-embargo-as-us-seeks-wider-ban", "EventCode": 1, "Tone": null}}, {"type": "Feature", "geometry": {"type": "Point", "coordinates": [72.5865, 33.8128]}, "properties": {"Title": "Un Extends Darfur Arms Embargo As Us Seeks Wider Ban", "SourceURL": "https://www.radiotamazuj.org/en/news/article/un-extends-darfur-arms-embargo-as-us-seeks-wider-ban", "EventCode": 1, "Tone": null}}, {"type": "Feature", "geometry": {"type": "Point", "coordinates": [31.08, -25.0363]}, "properties": {"Title": "2026 10 08 The Quiet Authority Of Khulu Phasiwe The Voice South Africa Heard In The Dark", "SourceURL": "https://www.dailymaverick.co.za/article/2026-10-08-the-quiet-authority-of-khulu-phasiwe-the-voice-south-africa-heard-in-the-dark/", "EventCode": 1, "Tone": null}}, {"type": "Feature", "geometry": {"type": "Point", "coordinates": [31.08, -25.0363]}, "properties": {"Title": "2026 10 08 The Quiet Authority Of Khulu Phasiwe The Voice South Africa Heard In The Dark", "SourceURL": "https://www.dailymaverick.co.za/article/2026-10-08-the-quiet-authority-of-khulu-phasiwe-the-voice-south-africa-heard-in-the-dark/", "EventCode": 1, "Tone": null}}, {"type": "Feature", "geometry": {"type": "Point", "coordinates": [32.054, -28.7754]}, "properties": {"Title": "2026 10 08 Ramokgopa Plays The Gas Procurement Trump Card From His Energy Plan Deck", "SourceURL": "https://www.dailymaverick.co.za/article/2026-10-08-ramokgopa-plays-the-gas-procurement-trump-card-from-his-energy-plan-deck/", "EventCode": 1, "Tone": null}}, {"type": "Feature", "geometry": {"type": "Point", "coordinates": [29.0356, -23.806]}, "properties": {"Title": "202610080661", "SourceURL": "https://allafrica.com/stories/202610080661.html", "EventCode": 3, "Tone": null}}, {"type": "Feature", "geometry": {"type": "Point", "coordinates": [138.674, -30.1285]}, "properties": {"Title": "Renison Tin Mine Rentails Project Targets Many Local Jobs", "SourceURL": "https://www.theadvocate.com.au/story/9364009/renison-tin-mine-rentails-project-targets-many-local-jobs/", "EventCode": 1, "Tone": null}}, {"type": "Feature", "geometry": {"type": "Point", "coordinates": [-102.0, 23.0]}, "properties": {"Title": "Bombardier Expands Top Industry Ranked Support Network With New Line Maintenance Station In Sydney Australia Further Enhancing Care And Convenience For Customers In Asia Pacific", "SourceURL": "https://www.timminspress.com/press-releases/globe-newswire/bombardier-expands-top-industry-ranked-support-network-with-new-line-maintenance-station-in-sydney-australia-further-enhancing-care-and-convenience-for-customers-in-asia-pacific/", "EventCode": 1, "Tone": null}}, {"type": "Feature", "geometry": {"type": "Point", "coordinates": [151.217, -33.8833]}, "properties": {"Title": "Unintended Consequences Risk Parties Target Overseas Students", "SourceURL": "https://www.timeshighereducation.com/news/unintended-consequences-risk-parties-target-overseas-students", "EventCode": 1, "Tone": null}}, {"type": "Feature", "geometry": {"type": "Point", "coordinates": [0.116667, 52.2]}, "properties": {"Title": "Article 98Ea17C8 678C 4744 8540 F86A1F6E5Bbb", "SourceURL": "https://www.hometownsource.com/county_news_review/county_news_review/psa/voters-guide-bob-shogren-incumbent/article_98ea17c8-678c-4744-8540-f86a1f6e5bbb.html", "EventCode": 1, "Tone": null}}, {"type": "Feature", "geometry": {"type": "Point", "coordinates": [39.7257, 43.5992]}, "properties": {"Title": "The Shell Leaks Files 8 October 2026", "SourceURL": "https://royaldutchshellplc.com/2026/10/08/the-shell-leaks-files-8-october-2026/", "EventCode": 1, "Tone": null}}, {"type": "Feature", "geometry": {"type": "Point", "coordinates": [8.0, 10.0]}, "properties": {"Title": "2026 10 08 The Quiet Authority Of Khulu Phasiwe The Voice South Africa Heard In The Dark", "SourceURL": "https://www.dailymaverick.co.za/article/2026-10-08-the-quiet-authority-of-khulu-phasiwe-the-voice-south-africa-heard-in-the-dark/", "EventCode": 1, "Tone": null}}, {"type": "Feature", "geometry": {"type": "Point", "coordinates": [-72.55, -15.6475]}, "properties": {"Title": "Pecoy Copper Announces Results Of Annual Meeting Of Shareholders And Change Of Financial Year End", "SourceURL": "https://www.timminspress.com/press-releases/globe-newswire/pecoy-copper-announces-results-of-annual-meeting-of-shareholders-and-change-of-financial-year-end/", "EventCode": 1, "Tone": null}}, {"type": "Feature", "geometry": {"type": "Point", "coordinates": [-72.7093, 44.0407]}, "properties": {"Title": "74081418", "SourceURL": "https://www.mynbc5.com/article/shelburne-players-hatchford-hotel/74081418", "EventCode": 3, "Tone": null}}, {"type": "Feature", "geometry": {"type": "Point", "coordinates": [-71.9, 45.4]}, "properties": {"Title": "312798", "SourceURL": "https://vocm.com/2026/10/08/312798/", "EventCode": 1, "Tone": null}}, {"type": "Feature", "geometry": {"type": "Point", "coordinates": [-71.9, 45.4]}, "properties": {"Title": "312798", "SourceURL": "https://vocm.com/2026/10/08/312798/", "EventCode": 1, "Tone": null}}, {"type": "Feature", "geometry": {"type": "Point", "coordinates": [-115.683, 54.1333]}, "properties": {"Title": "Whitecourt Culture Centre Opens Next Week", "SourceURL": "https://www.coldlakesun.com:443/news/local-news/whitecourt-culture-centre-opens-next-week", "EventCode": 1, "Tone": null}}, {"type": "Feature", "geometry": {"type": "Point", "coordinates": [-71.9, 45.4]}, "properties": {"Title": "312798", "SourceURL": "https://vocm.com/2026/10/08/312798/", "EventCode": 1, "Tone": null}}, {"type": "Feature", "geometry": {"type": "Point", "coordinates": [7.46667, 46.9167]}, "properties": {"Title": "Berks Mail Ballots Were Delayed By Printer", "SourceURL": "https://www.readingeagle.com/2026/10/08/berks-mail-ballots-were-delayed-by-printer/", "EventCode": 1, "Tone": null}}, {"type": "Feature", "geometry": {"type": "Point", "coordinates": [7.46667, 46.9167]}, "properties": {"Title": "Berks Mail Ballots Were Delayed By Printer", "SourceURL": "https://www.readingeagle.com/2026/10/08/berks-mail-ballots-were-delayed-by-printer/", "EventCode": 3, "Tone": null}}, {"type": "Feature", "geometry": {"type": "Point", "coordinates": [123.337, 13.3594]}, "properties": {"Title": "Filipino Food St Louis", "SourceURL": "https://www.stlmag.com/dining/filipino-food-st-louis/", "EventCode": 1, "Tone": null}}, {"type": "Feature", "geometry": {"type": "Point", "coordinates": [7.46667, 46.9167]}, "properties": {"Title": "Berks Mail Ballots Were Delayed By Printer", "SourceURL": "https://www.readingeagle.com/2026/10/08/berks-mail-ballots-were-delayed-by-printer/", "EventCode": 1, "Tone": null}}, {"type": "Feature", "geometry": {"type": "Point", "coordinates": [7.46667, 46.9167]}, "properties": {"Title": "Berks Mail Ballots Were Delayed By Printer", "SourceURL": "https://www.readingeagle.com/2026/10/08/berks-mail-ballots-were-delayed-by-printer/", "EventCode": 3, "Tone": null}}, {"type": "Feature", "geometry": {"type": "Point", "coordinates": [-121.617, 39.1404]}, "properties": {"Title": "Article 9626D0Df 571C 5014 9C77 8E27A37D4264", "SourceURL": "https://www.kdrv.com/news/crimewatch/man-accused-of-kidnapping-california-teen-gets-into-pursuit-crashes-off-cliff/article_9626d0df-571c-5014-9c77-8e27a37d4264.html", "EventCode": 2, "Tone": null}}, {"type": "Feature", "geometry": {"type": "Point", "coordinates": [-118.668, 35.2961]}, "properties": {"Title": "Article 9626D0Df 571C 5014 9C77 8E27A37D4264", "SourceURL": "https://www.kdrv.com/news/crimewatch/man-accused-of-kidnapping-california-teen-gets-into-pursuit-crashes-off-cliff/article_9626d0df-571c-5014-9c77-8e27a37d4264.html", "EventCode": 2, "Tone": null}}, {"type": "Feature", "geometry": {"type": "Point", "coordinates": [72.8258, 18.975]}, "properties": {"Title": "Bombay Hc Calls Out Bandra Societys Double Standard Over Basement Membership Upholds Developers Rights", "SourceURL": "https://www.freepressjournal.in/mumbai/bombay-hc-calls-out-bandra-societys-double-standard-over-basement-membership-upholds-developers-rights", "EventCode": 3, "Tone": null}}, {"type": "Feature", "geometry": {"type": "Point", "coordinates": [47.5, 15.5]}, "properties": {"Title": "2026 10 08 Eswatini Deportees", "SourceURL": "https://www.dailymaverick.co.za/article/2026-10-08-eswatini-deportees/", "EventCode": 1, "Tone": null}}, {"type": "Feature", "geometry": {"type": "Point", "coordinates": [-98.1817, 31.0638]}, "properties": {"Title": "Briefly 602", "SourceURL": "http://www.lampasasdispatchrecord.com/news/briefly-602", "EventCode": 1, "Tone": null}}, {"type": "Feature", "geometry": {"type": "Point", "coordinates": [8.0, 10.0]}, "properties": {"Title": "An Examination Of The Legal Framework For The Protection Of Indigenous Knowledge And Cultural Expressions Under Nigerian Law By Jobs Joseph", "SourceURL": "https://www.opinionnigeria.com/an-examination-of-the-legal-framework-for-the-protection-of-indigenous-knowledge-and-cultural-expressions-under-nigerian-law-by-jobs-joseph/", "EventCode": 1, "Tone": null}}, {"type": "Feature", "geometry": {"type": "Point", "coordinates": [-74.9384, 42.1497]}, "properties": {"Title": "Trump Deportations 2678058925", "SourceURL": "https://www.rawstory.com/trump-deportations-2678058925/", "EventCode": 1, "Tone": null}}, {"type": "Feature", "geometry": {"type": "Point", "coordinates": [-115.683, 54.1333]}, "properties": {"Title": "Whitecourt Culture Centre Opens Next Week", "SourceURL": "https://www.coldlakesun.com:443/news/local-news/whitecourt-culture-centre-opens-next-week", "EventCode": 1, "Tone": null}}, {"type": "Feature", "geometry": {"type": "Point", "coordinates": [-81.717, 27.8333]}, "properties": {"Title": "Desantis Hold Press Conference Thursday Tallahassee", "SourceURL": "https://www.mysuncoast.com/2026/10/08/desantis-hold-press-conference-thursday-tallahassee/", "EventCode": 3, "Tone": null}}, {"type": "Feature", "geometry": {"type": "Point", "coordinates": [-77.0364, 38.8951]}, "properties": {"Title": "161518", "SourceURL": "https://www.positivelynaperville.com/2026/10/08/america-250-the-genius-of-the-electoral-college/161518", "EventCode": 1, "Tone": null}}, {"type": "Feature", "geometry": {"type": "Point", "coordinates": [3.0, 55.3333]}, "properties": {"Title": "26620935.Polls Close By Election Replace Keir Starmer Holborn St Pancras Mp", "SourceURL": "https://www.yourlocalguardian.co.uk/news/national/26620935.polls-close-by-election-replace-keir-starmer-holborn-st-pancras-mp/", "EventCode": 1, "Tone": null}}, {"type": "Feature", "geometry": {"type": "Point", "coordinates": [34.75, 31.5]}, "properties": {"Title": "Cm2D6X11L6Pko", "SourceURL": "https://www.bbc.co.uk/news/articles/cm2d6x11l6pko", "EventCode": 3, "Tone": null}}, {"type": "Feature", "geometry": {"type": "Point", "coordinates": [-0.266667, 52.3667]}, "properties": {"Title": "Raf Base Trespass Arrests Cambridgeshire Molesworth B3063726", "SourceURL": "https://www.independent.co.uk/news/uk/crime/raf-base-trespass-arrests-cambridgeshire-molesworth-b3063726.html", "EventCode": 4, "Tone": null}}, {"type": "Feature", "geometry": {"type": "Point", "coordinates": [34.3333, 31.4167]}, "properties": {"Title": "Article 911101", "SourceURL": "http://www.jpost.com/israel-news/defense-news/article-911101", "EventCode": 1, "Tone": null}}, {"type": "Feature", "geometry": {"type": "Point", "coordinates": [-93.2638, 44.98]}, "properties": {"Title": "Trump Minnesota 2678062874", "SourceURL": "https://www.rawstory.com/trump-minnesota-2678062874/", "EventCode": 1, "Tone": null}}, {"type": "Feature", "geometry": {"type": "Point", "coordinates": [30.0, 27.0]}, "properties": {"Title": "Article 911101", "SourceURL": "http://www.jpost.com/israel-news/defense-news/article-911101", "EventCode": 1, "Tone": null}}, {"type": "Feature", "geometry": {"type": "Point", "coordinates": [-93.9196, 45.7326]}, "properties": {"Title": "Trump Minnesota 2678062874", "SourceURL": "https://www.rawstory.com/trump-minnesota-2678062874/", "EventCode": 1, "Tone": null}}, {"type": "Feature", "geometry": {"type": "Point", "coordinates": [-81.717, 27.8333]}, "properties": {"Title": "Drew Continues Cabinet Meetings During Stroke Recovery", "SourceURL": "https://zizonline.com/drew-continues-cabinet-meetings-during-stroke-recovery/", "EventCode": 1, "Tone": null}}, {"type": "Feature", "geometry": {"type": "Point", "coordinates": [7.53333, 9.08333]}, "properties": {"Title": "Bwala No Tinubu Cannot Govern From Anywhere By Isaac Asabor", "SourceURL": "https://www.opinionnigeria.com/bwala-no-tinubu-cannot-govern-from-anywhere-by-isaac-asabor/", "EventCode": 1, "Tone": null}}, {"type": "Feature", "geometry": {"type": "Point", "coordinates": [7.53333, 9.08333]}, "properties": {"Title": "Bwala No Tinubu Cannot Govern From Anywhere By Isaac Asabor", "SourceURL": "https://www.opinionnigeria.com/bwala-no-tinubu-cannot-govern-from-anywhere-by-isaac-asabor/", "EventCode": 1, "Tone": null}}, {"type": "Feature", "geometry": {"type": "Point", "coordinates": [71.5733, 34.0078]}, "properties": {"Title": "Pti Authorises Fazl To Mediate Between Govt Opposition Says Junaid Akbar", "SourceURL": "https://tribune.com.pk/story/2633770/pti-authorises-fazl-to-mediate-between-govt-opposition-says-junaid-akbar", "EventCode": 1, "Tone": null}}, {"type": "Feature", "geometry": {"type": "Point", "coordinates": [-93.2638, 44.98]}, "properties": {"Title": "Trump Minnesota 2678062874", "SourceURL": "https://www.rawstory.com/trump-minnesota-2678062874/", "EventCode": 2, "Tone": null}}, {"type": "Feature", "geometry": {"type": "Point", "coordinates": [-93.9196, 45.7326]}, "properties": {"Title": "Trump Minnesota 2678062874", "SourceURL": "https://www.rawstory.com/trump-minnesota-2678062874/", "EventCode": 2, "Tone": null}}, {"type": "Feature", "geometry": {"type": "Point", "coordinates": [71.5733, 34.0078]}, "properties": {"Title": "Pti Authorises Fazl To Mediate Between Govt Opposition Says Junaid Akbar", "SourceURL": "https://tribune.com.pk/story/2633770/pti-authorises-fazl-to-mediate-between-govt-opposition-says-junaid-akbar", "EventCode": 3, "Tone": null}}, {"type": "Feature", "geometry": {"type": "Point", "coordinates": [-93.214, 42.0046]}, "properties": {"Title": "Camp Dodge Military Museum Nurses Exhibit", "SourceURL": "https://www.iowapublicradio.org/arts-life/2026-10-08/camp-dodge-military-museum-nurses-exhibit", "EventCode": 1, "Tone": null}}, {"type": "Feature", "geometry": {"type": "Point", "coordinates": [80.3833, 22.6]}, "properties": {"Title": "Two Year Old Tiger Rescued From House Courtyard In Mandla Village", "SourceURL": "https://www.freepressjournal.in/bhopal/two-year-old-tiger-rescued-from-house-courtyard-in-mandla-village", "EventCode": 1, "Tone": null}}, {"type": "Feature", "geometry": {"type": "Point", "coordinates": [80.3833, 22.6]}, "properties": {"Title": "Two Year Old Tiger Rescued From House Courtyard In Mandla Village", "SourceURL": "https://www.freepressjournal.in/bhopal/two-year-old-tiger-rescued-from-house-courtyard-in-mandla-village", "EventCode": 1, "Tone": null}}, {"type": "Feature", "geometry": {"type": "Point", "coordinates": [-93.214, 42.0046]}, "properties": {"Title": "Camp Dodge Military Museum Nurses Exhibit", "SourceURL": "https://www.iowapublicradio.org/arts-life/2026-10-08/camp-dodge-military-museum-nurses-exhibit", "EventCode": 4, "Tone": null}}, {"type": "Feature", "geometry": {"type": "Point", "coordinates": [77.2167, 28.6667]}, "properties": {"Title": "8220We Decided Collectively8221 Satabdi Roy Says Ncpi Mps Seek Two Week Extension From Speaker20261008222115", "SourceURL": "https://aninews.in/news/national/general-news/8220we-decided-collectively8221-satabdi-roy-says-ncpi-mps-seek-two-week-extension-from-speaker20261008222115/", "EventCode": 1, "Tone": null}}, {"type": "Feature", "geometry": {"type": "Point", "coordinates": [77.2167, 28.6667]}, "properties": {"Title": "8220We Decided Collectively8221 Satabdi Roy Says Ncpi Mps Seek Two Week Extension From Speaker20261008222115", "SourceURL": "https://aninews.in/news/national/general-news/8220we-decided-collectively8221-satabdi-roy-says-ncpi-mps-seek-two-week-extension-from-speaker20261008222115/", "EventCode": 1, "Tone": null}}, {"type": "Feature", "geometry": {"type": "Point", "coordinates": [53.0, 32.0]}, "properties": {"Title": "Uss Lincoln Returns Home", "SourceURL": "https://www.chicagotribune.com/2026/10/08/uss-lincoln-returns-home/", "EventCode": 1, "Tone": null}}, {"type": "Feature", "geometry": {"type": "Point", "coordinates": [-117.157, 32.7153]}, "properties": {"Title": "Hegseth Visits Uss Lincoln Ahead Of Homecoming After Record Breaking Deployment", "SourceURL": "https://seapowermagazine.org/hegseth-visits-uss-lincoln-ahead-of-homecoming-after-record-breaking-deployment/", "EventCode": 1, "Tone": null}}, {"type": "Feature", "geometry": {"type": "Point", "coordinates": [44.0, 33.0]}, "properties": {"Title": "Hegseth Visits Uss Lincoln Ahead Of Homecoming After Record Breaking Deployment", "SourceURL": "https://seapowermagazine.org/hegseth-visits-uss-lincoln-ahead-of-homecoming-after-record-breaking-deployment/", "EventCode": 1, "Tone": null}}, {"type": "Feature", "geometry": {"type": "Point", "coordinates": [34.3333, 31.4167]}, "properties": {"Title": "1594647 Gaza Israel", "SourceURL": "https://www.rte.ie/news/world/2026/1008/1594647-gaza-israel/", "EventCode": 4, "Tone": null}}, {"type": "Feature", "geometry": {"type": "Point", "coordinates": [16.3667, 48.2]}, "properties": {"Title": "Murder Suspect Among 20 Indicted In Washington County", "SourceURL": "https://www.mariettatimes.com/news/2026/10/murder-suspect-among-20-indicted-in-washington-county/", "EventCode": 3, "Tone": null}}, {"type": "Feature", "geometry": {"type": "Point", "coordinates": [8.0, 10.0]}, "properties": {"Title": "What Tennessees Botched Execution Should Teach Nigeria About The Death Penalty By Damian Ugwu", "SourceURL": "https://www.opinionnigeria.com/what-tennessees-botched-execution-should-teach-nigeria-about-the-death-penalty-by-damian-ugwu/", "EventCode": 1, "Tone": null}}, {"type": "Feature", "geometry": {"type": "Point", "coordinates": [-95.4002, 29.8336]}, "properties": {"Title": "17 Year Old Mcdonalds Employee Stabbed To Death In Bathroom Juvenile Worker Detained", "SourceURL": "https://krcrtv.com/news/nation-world/17-year-old-mcdonalds-employee-stabbed-to-death-in-bathroom-juvenile-worker-detained", "EventCode": 4, "Tone": null}}, {"type": "Feature", "geometry": {"type": "Point", "coordinates": [35.1397, 33.1181]}, "properties": {"Title": "Article 911108", "SourceURL": "http://www.jpost.com/israel-news/defense-news/article-911108", "EventCode": 4, "Tone": null}}, {"type": "Feature", "geometry": {"type": "Point", "coordinates": [77.2167, 28.6667]}, "properties": {"Title": "8220We Decided Collectively8221 Satabdi Roy Says Ncpi Mps Seek Two Week Extension From Speaker20261008222115", "SourceURL": "https://aninews.in/news/national/general-news/8220we-decided-collectively8221-satabdi-roy-says-ncpi-mps-seek-two-week-extension-from-speaker20261008222115/", "EventCode": 1, "Tone": null}}, {"type": "Feature", "geometry": {"type": "Point", "coordinates": [-80.9696, 38.468]}, "properties": {"Title": "Article 0485A7B1 405C 4Dd2 9459 De3C8F7Fefc6", "SourceURL": "https://www.herald-dispatch.com/news/wv-lawmakers-give-flock-until-friday-to-answer-questions/article_0485a7b1-405c-4dd2-9459-de3c8f7fefc6.html", "EventCode": 3, "Tone": null}}, {"type": "Feature", "geometry": {"type": "Point", "coordinates": [2.33333, 48.8667]}, "properties": {"Title": "Print Out A Portrait In Our Own Way Albert Serra Ingrid Caven Jean Jacques Schul", "SourceURL": "https://www.filmcomment.com/article/print-out-a-portrait-in-our-own-way-albert-serra-ingrid-caven-jean-jacques-schul/", "EventCode": 1, "Tone": null}}, {"type": "Feature", "geometry": {"type": "Point", "coordinates": [7.53333, 9.08333]}, "properties": {"Title": "Bwala No Tinubu Cannot Govern From Anywhere By Isaac Asabor", "SourceURL": "https://www.opinionnigeria.com/bwala-no-tinubu-cannot-govern-from-anywhere-by-isaac-asabor/", "EventCode": 1, "Tone": null}}, {"type": "Feature", "geometry": {"type": "Point", "coordinates": [34.0, 45.0]}, "properties": {"Title": "The Shell Leaks Files 8 October 2026", "SourceURL": "https://royaldutchshellplc.com/2026/10/08/the-shell-leaks-files-8-october-2026/", "EventCode": 1, "Tone": null}}, {"type": "Feature", "geometry": {"type": "Point", "coordinates": [-98.5795, 39.828175]}, "properties": {"Title": "Apotex To Announce Second Quarter Fiscal 2027 Financial Results And Host Conference Call On November 12 2026", "SourceURL": "https://www.timminspress.com/press-releases/pr-newswire/apotex-to-announce-second-quarter-fiscal-2027-financial-results-and-host-conference-call-on-november-12-2026/", "EventCode": 1, "Tone": null}}, {"type": "Feature", "geometry": {"type": "Point", "coordinates": [-107.806, 38.5744]}, "properties": {"Title": "Best Denver Concerts This Weekend 40945662", "SourceURL": "https://www.westword.com/music/best-denver-concerts-this-weekend-40945662/", "EventCode": 1, "Tone": null}}, {"type": "Feature", "geometry": {"type": "Point", "coordinates": [-109.583, 27.6333]}, "properties": {"Title": "Activists Cite Ecological Social Connections In Blocking Us Border Wall Construction Commentary", "SourceURL": "https://news.mongabay.com/2026/10/activists-cite-ecological-social-connections-in-blocking-us-border-wall-construction-commentary/", "EventCode": 2, "Tone": null}}, {"type": "Feature", "geometry": {"type": "Point", "coordinates": [70.0, 30.0]}, "properties": {"Title": "2087358184 Achakzai Halts Opposition Talks With Govt Until Meeting With Imran Khan", "SourceURL": "https://www.samaa.tv/2087358184-achakzai-halts-opposition-talks-with-govt-until-meeting-with-imran-khan", "EventCode": 1, "Tone": null}}, {"type": "Feature", "geometry": {"type": "Point", "coordinates": [123.337, 13.3594]}, "properties": {"Title": "Filipino Food St Louis", "SourceURL": "https://www.stlmag.com/dining/filipino-food-st-louis/", "EventCode": 1, "Tone": null}}, {"type": "Feature", "geometry": {"type": "Point", "coordinates": [127.0, 40.0]}, "properties": {"Title": "8209267", "SourceURL": "https://www.voanews.com/a/south-korea-recalls-its-ambassador-to-ukraine-over-north-korea/8209267.html", "EventCode": 3, "Tone": null}}, {"type": "Feature", "geometry": {"type": "Point", "coordinates": [34.0, 45.0]}, "properties": {"Title": "The Shell Leaks Files 8 October 2026", "SourceURL": "https://royaldutchshellplc.com/2026/10/08/the-shell-leaks-files-8-october-2026/", "EventCode": 1, "Tone": null}}, {"type": "Feature", "geometry": {"type": "Point", "coordinates": [72.8258, 18.975]}, "properties": {"Title": "20261008", "SourceURL": "https://www.rediff.com/news/report/alert-issued-for-indians-in-saudi-arabia-amid-houthi-attacks/20261008.htm", "EventCode": 4, "Tone": null}}, {"type": "Feature", "geometry": {"type": "Point", "coordinates": [77.2167, 28.6667]}, "properties": {"Title": "20261008", "SourceURL": "https://www.rediff.com/news/report/alert-issued-for-indians-in-saudi-arabia-amid-houthi-attacks/20261008.htm", "EventCode": 4, "Tone": null}}, {"type": "Feature", "geometry": {"type": "Point", "coordinates": [32.8644, 39.9272]}, "properties": {"Title": "Saudia Airbus A310 200 Damaged As Ballistic Missile Attack Rocks Riyadh Airport", "SourceURL": "https://en.dailypakistan.com.pk/08-Oct-2026/saudia-airbus-a310-200-damaged-as-ballistic-missile-attack-rocks-riyadh-airport", "EventCode": 4, "Tone": null}}, {"type": "Feature", "geometry": {"type": "Point", "coordinates": [32.8644, 39.9272]}, "properties": {"Title": "Saudia Airbus A310 200 Damaged As Ballistic Missile Attack Rocks Riyadh Airport", "SourceURL": "https://en.dailypakistan.com.pk/08-Oct-2026/saudia-airbus-a310-200-damaged-as-ballistic-missile-attack-rocks-riyadh-airport", "EventCode": 4, "Tone": null}}, {"type": "Feature", "geometry": {"type": "Point", "coordinates": [48.0, 6.0]}, "properties": {"Title": "2087358183 Compensation Cheques Distributed To Families Of Pakistanis Killed In Somalia", "SourceURL": "https://www.samaa.tv/2087358183-compensation-cheques-distributed-to-families-of-pakistanis-killed-in-somalia", "EventCode": 2, "Tone": null}}, {"type": "Feature", "geometry": {"type": "Point", "coordinates": [30.0, 6.75]}, "properties": {"Title": "Lakes State Stakeholders Trained To Improve Project Delivery", "SourceURL": "https://www.radiotamazuj.org/en/news/article/lakes-state-stakeholders-trained-to-improve-project-delivery", "EventCode": 1, "Tone": null}}, {"type": "Feature", "geometry": {"type": "Point", "coordinates": [-61.0, 11.0]}, "properties": {"Title": "Best Denver Concerts This Weekend 40945662", "SourceURL": "https://www.westword.com/music/best-denver-concerts-this-weekend-40945662/", "EventCode": 1, "Tone": null}}, {"type": "Feature", "geometry": {"type": "Point", "coordinates": [32.8644, 39.9272]}, "properties": {"Title": "Turkish Intelligence Chief Discusses Sdf Integration With Syrian Fm", "SourceURL": "https://www.dailysabah.com/politics/diplomacy/turkish-intelligence-chief-discusses-sdf-integration-with-syrian-fm", "EventCode": 1, "Tone": null}}, {"type": "Feature", "geometry": {"type": "Point", "coordinates": [-95.9822, 33.9545]}, "properties": {"Title": "Oklahomas Oil Producing Ames Crater About 100 Million Years Younger Thought Zircon Dating Shows", "SourceURL": "https://www.natureworldnews.com/articles/73480/20261008/oklahomas-oil-producing-ames-crater-about-100-million-years-younger-thought-zircon-dating-shows.htm", "EventCode": 1, "Tone": null}}, {"type": "Feature", "geometry": {"type": "Point", "coordinates": [-97.5164, 35.4676]}, "properties": {"Title": "Convicted Okc Murderer Charged After Alleged Online Threats To Kill Gov Kevin Stitt", "SourceURL": "https://okcfox.com/news/local/convicted-okc-murderer-charged-after-alleged-online-threats-to-kill-gov-kevin-stitt", "EventCode": 1, "Tone": null}}, {"type": "Feature", "geometry": {"type": "Point", "coordinates": [-98.5795, 39.828175]}, "properties": {"Title": "Apotex To Announce Second Quarter Fiscal 2027 Financial Results And Host Conference Call On November 12 2026", "SourceURL": "https://www.timminspress.com/press-releases/pr-newswire/apotex-to-announce-second-quarter-fiscal-2027-financial-results-and-host-conference-call-on-november-12-2026/", "EventCode": 1, "Tone": null}}, {"type": "Feature", "geometry": {"type": "Point", "coordinates": [-112.003, 32.0004]}, "properties": {"Title": "Retired Fbi Agent Says She Received Four Nancy Guthrie Bitcoin Ransom Emails", "SourceURL": "https://www.klif.com/2026/10/08/retired-fbi-agent-says-she-received-four-nancy-guthrie-bitcoin-ransom-emails/", "EventCode": 1, "Tone": null}}, {"type": "Feature", "geometry": {"type": "Point", "coordinates": [-86.158, 39.7684]}, "properties": {"Title": "Article 6443Ad9D 0450 4F85 A8F5 Ccf17Def209B", "SourceURL": "https://www.newsandtribune.com/news/baptist-health-floyd-president-mike-schroyer-receives-ihas-distinguished-service-award/article_6443ad9d-0450-4f85-a8f5-ccf17def209b.html", "EventCode": 1, "Tone": null}}, {"type": "Feature", "geometry": {"type": "Point", "coordinates": [-83.6487, 32.9866]}, "properties": {"Title": "Modern Family Law Launches Gray Divorce Practice Across Five States 302903011", "SourceURL": "http://www.prnewswire.com/news-releases/modern-family-law-launches-gray-divorce-practice-across-five-states-302903011.html", "EventCode": 1, "Tone": null}}, {"type": "Feature", "geometry": {"type": "Point", "coordinates": [-83.6487, 32.9866]}, "properties": {"Title": "Modern Family Law Launches Gray Divorce Practice Across Five States 302903011", "SourceURL": "http://www.prnewswire.com/news-releases/modern-family-law-launches-gray-divorce-practice-across-five-states-302903011.html", "EventCode": 1, "Tone": null}}, {"type": "Feature", "geometry": {"type": "Point", "coordinates": [-8.58333, 51.9667]}, "properties": {"Title": "Recalling A Forgotten Irish Revolutionary In Hartford S North End", "SourceURL": "https://www.irishecho.com/2026/10/recalling-a-forgotten-irish-revolutionary-in-hartford-s-north-end", "EventCode": 1, "Tone": null}}, {"type": "Feature", "geometry": {"type": "Point", "coordinates": [-76.8667, 44.2167]}, "properties": {"Title": "Recalling A Forgotten Irish Revolutionary In Hartford S North End", "SourceURL": "https://www.irishecho.com/2026/10/recalling-a-forgotten-irish-revolutionary-in-hartford-s-north-end", "EventCode": 1, "Tone": null}}, {"type": "Feature", "geometry": {"type": "Point", "coordinates": [-79.4167, 43.6667]}, "properties": {"Title": "Article 447A1Eea D1B6 5B08 942C A4C66A9B90Fc", "SourceURL": "https://www.thespec.com/entertainment/music/smashing-pumpkins-play-hamilton-concert-for-first-time/article_447a1eea-d1b6-5b08-942c-a4c66a9b90fc.html", "EventCode": 1, "Tone": null}}, {"type": "Feature", "geometry": {"type": "Point", "coordinates": [-122.709, 42.1946]}, "properties": {"Title": "Article E786B715 244B 452B 93De A91Fa7A223F4", "SourceURL": "https://www.kdrv.com/news/local/ashland-to-host-oregon-outdoor-recreation-summit-in-october/article_e786b715-244b-452b-93de-a91fa7a223f4.html", "EventCode": 1, "Tone": null}}, {"type": "Feature", "geometry": {"type": "Point", "coordinates": [-122.127, 44.5672]}, "properties": {"Title": "Article E786B715 244B 452B 93De A91Fa7A223F4", "SourceURL": "https://www.kdrv.com/news/local/ashland-to-host-oregon-outdoor-recreation-summit-in-october/article_e786b715-244b-452b-93de-a91fa7a223f4.html", "EventCode": 1, "Tone": null}}, {"type": "Feature", "geometry": {"type": "Point", "coordinates": [-107.806, 38.5744]}, "properties": {"Title": "Best Denver Concerts This Weekend 40945662", "SourceURL": "https://www.westword.com/music/best-denver-concerts-this-weekend-40945662/", "EventCode": 1, "Tone": null}}, {"type": "Feature", "geometry": {"type": "Point", "coordinates": [-117.001, 47.1252]}, "properties": {"Title": "Latah County Library District Hosting Candidate Forum Friday In Troy", "SourceURL": "https://pullmanradio.com/latah-county-library-district-hosting-candidate-forum-friday-in-troy/", "EventCode": 1, "Tone": null}}, {"type": "Feature", "geometry": {"type": "Point", "coordinates": [-90.6335, 41.6334]}, "properties": {"Title": "Scott County Tests Voting Machines In Eldridge For 2026 Elections", "SourceURL": "https://www.wvik.org/wvik-top-stories/2026-10-08/scott-county-tests-voting-machines-in-eldridge-for-2026-elections", "EventCode": 1, "Tone": null}}, {"type": "Feature", "geometry": {"type": "Point", "coordinates": [-104.985, 39.7392]}, "properties": {"Title": "Las Vegas Lands Among Americas Best Food Cities In New 2026 Ranking", "SourceURL": "https://vegasnews.com/entertainment/las-vegas-lands-among-americas-best-food-cities-in-new-2026-ranking/", "EventCode": 1, "Tone": null}}, {"type": "Feature", "geometry": {"type": "Point", "coordinates": [-78.7239, 37.6399]}, "properties": {"Title": "Francis Dewey Duon Hemilright Jr 2", "SourceURL": "https://www.outerbanksvoice.com/2026/10/08/francis-dewey-duon-hemilright-jr-2/", "EventCode": 1, "Tone": null}}, {"type": "Feature", "geometry": {"type": "Point", "coordinates": [-80.3328, 25.3457]}, "properties": {"Title": "The Ashley Gibson Barnett Museum Of Art Announces Annual Scholastic Art And Writing Awards Partnership 302903014", "SourceURL": "http://www.prnewswire.com/news-releases/the-ashley-gibson-barnett-museum-of-art-announces-annual-scholastic-art-and-writing-awards-partnership-302903014.html", "EventCode": 1, "Tone": null}}, {"type": "Feature", "geometry": {"type": "Point", "coordinates": [19.0, 15.0]}, "properties": {"Title": "Francis Dewey Duon Hemilright Jr 2", "SourceURL": "https://www.outerbanksvoice.com/2026/10/08/francis-dewey-duon-hemilright-jr-2/", "EventCode": 1, "Tone": null}}, {"type": "Feature", "geometry": {"type": "Point", "coordinates": [-79.4167, 43.6667]}, "properties": {"Title": "John Cena Weighs In On Rumors About Long Standing Dwayne Johnson Feud", "SourceURL": "https://wcyb.com/news/entertainment/john-cena-weighs-in-on-rumors-about-long-standing-dwayne-johnson-feud", "EventCode": 2, "Tone": null}}, {"type": "Feature", "geometry": {"type": "Point", "coordinates": [-79.4167, 43.6667]}, "properties": {"Title": "John Cena Weighs In On Rumors About Long Standing Dwayne Johnson Feud", "SourceURL": "https://wcyb.com/news/entertainment/john-cena-weighs-in-on-rumors-about-long-standing-dwayne-johnson-feud", "EventCode": 2, "Tone": null}}, {"type": "Feature", "geometry": {"type": "Point", "coordinates": [-73.079, 41.3462]}, "properties": {"Title": "3782980", "SourceURL": "https://www.nbcconnecticut.com/news/local/two-ansonia-men-arrested-accused-of-intentionally-setting-playground-on-fire/3782980/", "EventCode": 3, "Tone": null}}, {"type": "Feature", "geometry": {"type": "Point", "coordinates": [-98.0037, 41.6908]}, "properties": {"Title": "Chiropractor Central Nebraska Accused Sexually Assaulting Client", "SourceURL": "https://www.1011now.com/2026/10/08/chiropractor-central-nebraska-accused-sexually-assaulting-client/", "EventCode": 3, "Tone": null}}, {"type": "Feature", "geometry": {"type": "Point", "coordinates": [-72.786, 41.676]}, "properties": {"Title": "3783078", "SourceURL": "https://www.nbcconnecticut.com/news/local/man-arrested-victim-identified-in-fatal-new-britain-stabbing/3783078/", "EventCode": 3, "Tone": null}}, {"type": "Feature", "geometry": {"type": "Point", "coordinates": [-4.0, 54.0]}, "properties": {"Title": "3783078", "SourceURL": "https://www.nbcconnecticut.com/news/local/man-arrested-victim-identified-in-fatal-new-britain-stabbing/3783078/", "EventCode": 3, "Tone": null}}, {"type": "Feature", "geometry": {"type": "Point", "coordinates": [-97.5164, 35.4676]}, "properties": {"Title": "Convicted Okc Murderer Charged After Alleged Online Threats To Kill Gov Kevin Stitt", "SourceURL": "https://okcfox.com/news/local/convicted-okc-murderer-charged-after-alleged-online-threats-to-kill-gov-kevin-stitt", "EventCode": 4, "Tone": null}}, {"type": "Feature", "geometry": {"type": "Point", "coordinates": [-72.7093, 44.0407]}, "properties": {"Title": "74083942", "SourceURL": "https://www.mynbc5.com/article/reading-massachusetts-crime-scene-center-avenue/74083942", "EventCode": 4, "Tone": null}}, {"type": "Feature", "geometry": {"type": "Point", "coordinates": [-98.0037, 41.6908]}, "properties": {"Title": "Chiropractor Central Nebraska Accused Sexually Assaulting Client", "SourceURL": "https://www.1011now.com/2026/10/08/chiropractor-central-nebraska-accused-sexually-assaulting-client/", "EventCode": 4, "Tone": null}}, {"type": "Feature", "geometry": {"type": "Point", "coordinates": [-98.2883, 41.1289]}, "properties": {"Title": "Chiropractor Central Nebraska Accused Sexually Assaulting Client", "SourceURL": "https://www.1011now.com/2026/10/08/chiropractor-central-nebraska-accused-sexually-assaulting-client/", "EventCode": 4, "Tone": null}}, {"type": "Feature", "geometry": {"type": "Point", "coordinates": [-76.8667, 44.2167]}, "properties": {"Title": "Recalling A Forgotten Irish Revolutionary In Hartford S North End", "SourceURL": "https://www.irishecho.com/2026/10/recalling-a-forgotten-irish-revolutionary-in-hartford-s-north-end", "EventCode": 4, "Tone": null}}, {"type": "Feature", "geometry": {"type": "Point", "coordinates": [-72.7622, 41.5834]}, "properties": {"Title": "Recalling A Forgotten Irish Revolutionary In Hartford S North End", "SourceURL": "https://www.irishecho.com/2026/10/recalling-a-forgotten-irish-revolutionary-in-hartford-s-north-end", "EventCode": 4, "Tone": null}}, {"type": "Feature", "geometry": {"type": "Point", "coordinates": [-77.0364, 38.8951]}, "properties": {"Title": "161518", "SourceURL": "https://www.positivelynaperville.com/2026/10/08/america-250-the-genius-of-the-electoral-college/161518", "EventCode": 1, "Tone": null}}, {"type": "Feature", "geometry": {"type": "Point", "coordinates": [-74.9384, 42.1497]}, "properties": {"Title": "Shell Exxon And Bp Defeat New York City Greenwashing Appeal", "SourceURL": "https://royaldutchshellplc.com/2026/10/08/shell-exxon-and-bp-defeat-new-york-city-greenwashing-appeal/", "EventCode": 1, "Tone": null}}, {"type": "Feature", "geometry": {"type": "Point", "coordinates": [-93.214, 42.0046]}, "properties": {"Title": "U S Senate Debate Ashley Hinson Josh Turek", "SourceURL": "https://www.iowapublicradio.org/political-news/2026-10-08/u-s-senate-debate-ashley-hinson-josh-turek", "EventCode": 1, "Tone": null}}, {"type": "Feature", "geometry": {"type": "Point", "coordinates": [-86.5244, 40.5473]}, "properties": {"Title": "Alting Confirms Campaign Step Back Remains On Ballot", "SourceURL": "https://www.carrollcountycomet.com/articles/alting-confirms-campaign-step-back-remains-on-ballot/", "EventCode": 3, "Tone": null}}, {"type": "Feature", "geometry": {"type": "Point", "coordinates": [32.054, -28.7754]}, "properties": {"Title": "2026 10 08 Ramokgopa Plays The Gas Procurement Trump Card From His Energy Plan Deck", "SourceURL": "https://www.dailymaverick.co.za/article/2026-10-08-ramokgopa-plays-the-gas-procurement-trump-card-from-his-energy-plan-deck/", "EventCode": 1, "Tone": null}}, {"type": "Feature", "geometry": {"type": "Point", "coordinates": [28.0833, -26.2]}, "properties": {"Title": "2026 10 08 Eswatini Deportees", "SourceURL": "https://www.dailymaverick.co.za/article/2026-10-08-eswatini-deportees/", "EventCode": 1, "Tone": null}}, {"type": "Feature", "geometry": {"type": "Point", "coordinates": [28.0833, -26.2]}, "properties": {"Title": "2026 10 08 Eswatini Deportees", "SourceURL": "https://www.dailymaverick.co.za/article/2026-10-08-eswatini-deportees/", "EventCode": 1, "Tone": null}}, {"type": "Feature", "geometry": {"type": "Point", "coordinates": [31.08, -25.0363]}, "properties": {"Title": "2026 10 08 The Quiet Authority Of Khulu Phasiwe The Voice South Africa Heard In The Dark", "SourceURL": "https://www.dailymaverick.co.za/article/2026-10-08-the-quiet-authority-of-khulu-phasiwe-the-voice-south-africa-heard-in-the-dark/", "EventCode": 1, "Tone": null}}, {"type": "Feature", "geometry": {"type": "Point", "coordinates": [32.054, -28.7754]}, "properties": {"Title": "2026 10 08 Ramokgopa Plays The Gas Procurement Trump Card From His Energy Plan Deck", "SourceURL": "https://www.dailymaverick.co.za/article/2026-10-08-ramokgopa-plays-the-gas-procurement-trump-card-from-his-energy-plan-deck/", "EventCode": 1, "Tone": null}}, {"type": "Feature", "geometry": {"type": "Point", "coordinates": [33.7833, -13.9833]}, "properties": {"Title": "Youths With Disabilities Hail Advocacy Initiatives", "SourceURL": "https://mwnation.com/youths-with-disabilities-hail-advocacy-initiatives/", "EventCode": 2, "Tone": null}}, {"type": "Feature", "geometry": {"type": "Point", "coordinates": [26.0, -30.0]}, "properties": {"Title": "2026 10 08 Anti Immigrant Mob Is Fuelling A Dangerous Anti Constitutionalist Fire", "SourceURL": "https://www.dailymaverick.co.za/article/2026-10-08-anti-immigrant-mob-is-fuelling-a-dangerous-anti-constitutionalist-fire/", "EventCode": 4, "Tone": null}}, {"type": "Feature", "geometry": {"type": "Point", "coordinates": [26.0, -30.0]}, "properties": {"Title": "2026 10 08 Hate Speech", "SourceURL": "https://www.dailymaverick.co.za/article/2026-10-08-hate-speech/", "EventCode": 1, "Tone": null}}, {"type": "Feature", "geometry": {"type": "Point", "coordinates": [26.0, -30.0]}, "properties": {"Title": "2026 10 08 Hate Speech", "SourceURL": "https://www.dailymaverick.co.za/article/2026-10-08-hate-speech/", "EventCode": 1, "Tone": null}}, {"type": "Feature", "geometry": {"type": "Point", "coordinates": [31.08, -25.0363]}, "properties": {"Title": "2026 10 08 The Quiet Authority Of Khulu Phasiwe The Voice South Africa Heard In The Dark", "SourceURL": "https://www.dailymaverick.co.za/article/2026-10-08-the-quiet-authority-of-khulu-phasiwe-the-voice-south-africa-heard-in-the-dark/", "EventCode": 1, "Tone": null}}, {"type": "Feature", "geometry": {"type": "Point", "coordinates": [28.955, 30.8301]}, "properties": {"Title": "202610080656", "SourceURL": "https://allafrica.com/stories/202610080656.html", "EventCode": 1, "Tone": null}}, {"type": "Feature", "geometry": {"type": "Point", "coordinates": [-98.5795, 39.828175]}, "properties": {"Title": "202610080656", "SourceURL": "https://allafrica.com/stories/202610080656.html", "EventCode": 1, "Tone": null}}, {"type": "Feature", "geometry": {"type": "Point", "coordinates": [26.0, -30.0]}, "properties": {"Title": "202610080660", "SourceURL": "https://allafrica.com/stories/202610080660.html", "EventCode": 1, "Tone": null}}, {"type": "Feature", "geometry": {"type": "Point", "coordinates": [28.0833, -26.2]}, "properties": {"Title": "2026 10 08 Eswatini Deportees", "SourceURL": "https://www.dailymaverick.co.za/article/2026-10-08-eswatini-deportees/", "EventCode": 1, "Tone": null}}, {"type": "Feature", "geometry": {"type": "Point", "coordinates": [28.0833, -26.2]}, "properties": {"Title": "2026 10 08 Eswatini Deportees", "SourceURL": "https://www.dailymaverick.co.za/article/2026-10-08-eswatini-deportees/", "EventCode": 1, "Tone": null}}, {"type": "Feature", "geometry": {"type": "Point", "coordinates": [26.0, -30.0]}, "properties": {"Title": "2026 10 08 Anti Immigrant Mob Is Fuelling A Dangerous Anti Constitutionalist Fire", "SourceURL": "https://www.dailymaverick.co.za/article/2026-10-08-anti-immigrant-mob-is-fuelling-a-dangerous-anti-constitutionalist-fire/", "EventCode": 3, "Tone": null}}, {"type": "Feature", "geometry": {"type": "Point", "coordinates": [28.0833, -26.2]}, "properties": {"Title": "2026 10 08 Eswatini Deportees", "SourceURL": "https://www.dailymaverick.co.za/article/2026-10-08-eswatini-deportees/", "EventCode": 1, "Tone": null}}, {"type": "Feature", "geometry": {"type": "Point", "coordinates": [28.0833, -26.2]}, "properties": {"Title": "2026 10 08 Eswatini Deportees", "SourceURL": "https://www.dailymaverick.co.za/article/2026-10-08-eswatini-deportees/", "EventCode": 1, "Tone": null}}, {"type": "Feature", "geometry": {"type": "Point", "coordinates": [31.08, -25.0363]}, "properties": {"Title": "2026 10 08 The Quiet Authority Of Khulu Phasiwe The Voice South Africa Heard In The Dark", "SourceURL": "https://www.dailymaverick.co.za/article/2026-10-08-the-quiet-authority-of-khulu-phasiwe-the-voice-south-africa-heard-in-the-dark/", "EventCode": 1, "Tone": null}}, {"type": "Feature", "geometry": {"type": "Point", "coordinates": [31.08, -25.0363]}, "properties": {"Title": "2026 10 08 The Quiet Authority Of Khulu Phasiwe The Voice South Africa Heard In The Dark", "SourceURL": "https://www.dailymaverick.co.za/article/2026-10-08-the-quiet-authority-of-khulu-phasiwe-the-voice-south-africa-heard-in-the-dark/", "EventCode": 1, "Tone": null}}, {"type": "Feature", "geometry": {"type": "Point", "coordinates": [33.7833, -13.9833]}, "properties": {"Title": "Youths With Disabilities Hail Advocacy Initiatives", "SourceURL": "https://mwnation.com/youths-with-disabilities-hail-advocacy-initiatives/", "EventCode": 2, "Tone": null}}, {"type": "Feature", "geometry": {"type": "Point", "coordinates": [32.054, -28.7754]}, "properties": {"Title": "2026 10 08 Ramokgopa Plays The Gas Procurement Trump Card From His Energy Plan Deck", "SourceURL": "https://www.dailymaverick.co.za/article/2026-10-08-ramokgopa-plays-the-gas-procurement-trump-card-from-his-energy-plan-deck/", "EventCode": 1, "Tone": null}}, {"type": "Feature", "geometry": {"type": "Point", "coordinates": [26.0, -30.0]}, "properties": {"Title": "2026 10 08 Hate Speech", "SourceURL": "https://www.dailymaverick.co.za/article/2026-10-08-hate-speech/", "EventCode": 1, "Tone": null}}, {"type": "Feature", "geometry": {"type": "Point", "coordinates": [26.0, -30.0]}, "properties": {"Title": "2026 10 08 Hate Speech", "SourceURL": "https://www.dailymaverick.co.za/article/2026-10-08-hate-speech/", "EventCode": 1, "Tone": null}}, {"type": "Feature", "geometry": {"type": "Point", "coordinates": [26.0, -30.0]}, "properties": {"Title": "2026 10 08 Hate Speech", "SourceURL": "https://www.dailymaverick.co.za/article/2026-10-08-hate-speech/", "EventCode": 1, "Tone": null}}, {"type": "Feature", "geometry": {"type": "Point", "coordinates": [26.0, -30.0]}, "properties": {"Title": "2026 10 08 Hate Speech", "SourceURL": "https://www.dailymaverick.co.za/article/2026-10-08-hate-speech/", "EventCode": 3, "Tone": null}}, {"type": "Feature", "geometry": {"type": "Point", "coordinates": [-93.214, 42.0046]}, "properties": {"Title": "Did Iowas Largest Beginning Farmer Tax Credit Create More Farms", "SourceURL": "https://www.spencerdailyreporter.com/articles/news-spencerreporter-2/did-iowas-largest-beginning-farmer-tax-credit-create-more-farms/", "EventCode": 2, "Tone": null}}, {"type": "Feature", "geometry": {"type": "Point", "coordinates": [54.3667, 24.4667]}, "properties": {"Title": "Abu Dhabi Vc Fund Manager Phoenix Venture Partners Invests In Cofe Tech Ahead Of Ipo 1554499", "SourceURL": "https://www.zawya.com/en/capital-markets/abu-dhabi-vc-fund-manager-phoenix-venture-partners-invests-in-cofe-tech-ahead-of-ipo-1554499", "EventCode": 2, "Tone": null}}, {"type": "Feature", "geometry": {"type": "Point", "coordinates": [-112.074, 33.4484]}, "properties": {"Title": "Abu Dhabi Vc Fund Manager Phoenix Venture Partners Invests In Cofe Tech Ahead Of Ipo 1554499", "SourceURL": "https://www.zawya.com/en/capital-markets/abu-dhabi-vc-fund-manager-phoenix-venture-partners-invests-in-cofe-tech-ahead-of-ipo-1554499", "EventCode": 2, "Tone": null}}, {"type": "Feature", "geometry": {"type": "Point", "coordinates": [-112.074, 33.4484]}, "properties": {"Title": "Abu Dhabi Vc Fund Manager Phoenix Venture Partners Invests In Cofe Tech Ahead Of Ipo 1554499", "SourceURL": "https://www.zawya.com/en/capital-markets/abu-dhabi-vc-fund-manager-phoenix-venture-partners-invests-in-cofe-tech-ahead-of-ipo-1554499", "EventCode": 2, "Tone": null}}, {"type": "Feature", "geometry": {"type": "Point", "coordinates": [46.9274, 39.991]}, "properties": {"Title": "4232356", "SourceURL": "https://www.trend.az/azerbaijan/4232356.html", "EventCode": 4, "Tone": null}}, {"type": "Feature", "geometry": {"type": "Point", "coordinates": [150.783, -26.9]}, "properties": {"Title": "Virtual Power Plants The Grid Capacity Nobody Had To Build", "SourceURL": "https://oilprice.com/Energy/Energy-General/Virtual-Power-Plants-The-Grid-Capacity-Nobody-Had-to-Build.html", "EventCode": 1, "Tone": null}}, {"type": "Feature", "geometry": {"type": "Point", "coordinates": [138.674, -30.1285]}, "properties": {"Title": "Renison Tin Mine Rentails Project Targets Many Local Jobs", "SourceURL": "https://www.theadvocate.com.au/story/9364009/renison-tin-mine-rentails-project-targets-many-local-jobs/", "EventCode": 1, "Tone": null}}, {"type": "Feature", "geometry": {"type": "Point", "coordinates": [151.217, -33.8833]}, "properties": {"Title": "Unintended Consequences Risk Parties Target Overseas Students", "SourceURL": "https://www.timeshighereducation.com/news/unintended-consequences-risk-parties-target-overseas-students", "EventCode": 1, "Tone": null}}, {"type": "Feature", "geometry": {"type": "Point", "coordinates": [100.517, 13.75]}, "properties": {"Title": "Converted Cottage Ranked Among Worlds Best Bars", "SourceURL": "https://www.moreechampion.com.au/story/9365373/converted-cottage-ranked-among-worlds-best-bars/", "EventCode": 4, "Tone": null}}, {"type": "Feature", "geometry": {"type": "Point", "coordinates": [144.967, -37.8167]}, "properties": {"Title": "Converted Cottage Ranked Among Worlds Best Bars", "SourceURL": "https://www.moreechampion.com.au/story/9365373/converted-cottage-ranked-among-worlds-best-bars/", "EventCode": 4, "Tone": null}}, {"type": "Feature", "geometry": {"type": "Point", "coordinates": [114.166667, 22.25]}, "properties": {"Title": "Converted Cottage Ranked Among Worlds Best Bars", "SourceURL": "https://www.moreechampion.com.au/story/9365373/converted-cottage-ranked-among-worlds-best-bars/", "EventCode": 4, "Tone": null}}, {"type": "Feature", "geometry": {"type": "Point", "coordinates": [100.517, 13.75]}, "properties": {"Title": "Converted Cottage Ranked Among Worlds Best Bars", "SourceURL": "https://www.moreechampion.com.au/story/9365373/converted-cottage-ranked-among-worlds-best-bars/", "EventCode": 4, "Tone": null}}, {"type": "Feature", "geometry": {"type": "Point", "coordinates": [144.967, -37.8167]}, "properties": {"Title": "Unintended Consequences Risk Parties Target Overseas Students", "SourceURL": "https://www.timeshighereducation.com/news/unintended-consequences-risk-parties-target-overseas-students", "EventCode": 2, "Tone": null}}, {"type": "Feature", "geometry": {"type": "Point", "coordinates": [150.783, -26.9]}, "properties": {"Title": "Virtual Power Plants The Grid Capacity Nobody Had To Build", "SourceURL": "https://oilprice.com/Energy/Energy-General/Virtual-Power-Plants-The-Grid-Capacity-Nobody-Had-to-Build.html", "EventCode": 1, "Tone": null}}, {"type": "Feature", "geometry": {"type": "Point", "coordinates": [151.05, -33.8]}, "properties": {"Title": "Child Abuse Material Charges Laid After Tip Off From Us", "SourceURL": "https://www.moreechampion.com.au/story/9365378/child-abuse-material-charges-laid-after-tip-off-from-us/", "EventCode": 2, "Tone": null}}, {"type": "Feature", "geometry": {"type": "Point", "coordinates": [144.967, -37.8167]}, "properties": {"Title": "Unintended Consequences Risk Parties Target Overseas Students", "SourceURL": "https://www.timeshighereducation.com/news/unintended-consequences-risk-parties-target-overseas-students", "EventCode": 1, "Tone": null}}, {"type": "Feature", "geometry": {"type": "Point", "coordinates": [77.0, 20.0]}, "properties": {"Title": "Unintended Consequences Risk Parties Target Overseas Students", "SourceURL": "https://www.timeshighereducation.com/news/unintended-consequences-risk-parties-target-overseas-students", "EventCode": 1, "Tone": null}}, {"type": "Feature", "geometry": {"type": "Point", "coordinates": [151.217, -33.8833]}, "properties": {"Title": "Unintended Consequences Risk Parties Target Overseas Students", "SourceURL": "https://www.timeshighereducation.com/news/unintended-consequences-risk-parties-target-overseas-students", "EventCode": 1, "Tone": null}}, {"type": "Feature", "geometry": {"type": "Point", "coordinates": [151.217, -33.8833]}, "properties": {"Title": "Unintended Consequences Risk Parties Target Overseas Students", "SourceURL": "https://www.timeshighereducation.com/news/unintended-consequences-risk-parties-target-overseas-students", "EventCode": 1, "Tone": null}}, {"type": "Feature", "geometry": {"type": "Point", "coordinates": [100.517, 13.75]}, "properties": {"Title": "Converted Cottage Ranked Among Worlds Best Bars", "SourceURL": "https://www.moreechampion.com.au/story/9365373/converted-cottage-ranked-among-worlds-best-bars/", "EventCode": 4, "Tone": null}}, {"type": "Feature", "geometry": {"type": "Point", "coordinates": [100.517, 13.75]}, "properties": {"Title": "Converted Cottage Ranked Among Worlds Best Bars", "SourceURL": "https://www.moreechampion.com.au/story/9365373/converted-cottage-ranked-among-worlds-best-bars/", "EventCode": 4, "Tone": null}}, {"type": "Feature", "geometry": {"type": "Point", "coordinates": [100.517, 13.75]}, "properties": {"Title": "Converted Cottage Ranked Among Worlds Best Bars", "SourceURL": "https://www.moreechampion.com.au/story/9365373/converted-cottage-ranked-among-worlds-best-bars/", "EventCode": 4, "Tone": null}}, {"type": "Feature", "geometry": {"type": "Point", "coordinates": [151.217, -33.8833]}, "properties": {"Title": "Unintended Consequences Risk Parties Target Overseas Students", "SourceURL": "https://www.timeshighereducation.com/news/unintended-consequences-risk-parties-target-overseas-students", "EventCode": 1, "Tone": null}}, {"type": "Feature", "geometry": {"type": "Point", "coordinates": [150.783, -26.9]}, "properties": {"Title": "Virtual Power Plants The Grid Capacity Nobody Had To Build", "SourceURL": "https://oilprice.com/Energy/Energy-General/Virtual-Power-Plants-The-Grid-Capacity-Nobody-Had-to-Build.html", "EventCode": 1, "Tone": null}}, {"type": "Feature", "geometry": {"type": "Point", "coordinates": [151.217, -33.8833]}, "properties": {"Title": "Unintended Consequences Risk Parties Target Overseas Students", "SourceURL": "https://www.timeshighereducation.com/news/unintended-consequences-risk-parties-target-overseas-students", "EventCode": 1, "Tone": null}}, {"type": "Feature", "geometry": {"type": "Point", "coordinates": [151.217, -33.8833]}, "properties": {"Title": "Openai Grilled Over Breaches", "SourceURL": "https://www.governmentnews.com.au/openai-grilled-over-breaches/", "EventCode": 1, "Tone": null}}, {"type": "Feature", "geometry": {"type": "Point", "coordinates": [16.3667, 48.2]}, "properties": {"Title": "Murder Suspect Among 20 Indicted In Washington County", "SourceURL": "https://www.mariettatimes.com/news/2026/10/murder-suspect-among-20-indicted-in-washington-county/", "EventCode": 4, "Tone": null}}, {"type": "Feature", "geometry": {"type": "Point", "coordinates": [13.333333, 47.333333]}, "properties": {"Title": "French Student Protesters Swarm Historic Bastille Site And Slam Education Leaders Pledge For Change As Hot Air", "SourceURL": "https://nypost.com/2026/10/08/world-news/french-student-protesters-swarm-historic-bastille-site-and-slam-education-leaders-pledge-for-change-as-hot-air/", "EventCode": 1, "Tone": null}}, {"type": "Feature", "geometry": {"type": "Point", "coordinates": [22.0, 39.0]}, "properties": {"Title": "French Student Protesters Swarm Historic Bastille Site And Slam Education Leaders Pledge For Change As Hot Air", "SourceURL": "https://nypost.com/2026/10/08/world-news/french-student-protesters-swarm-historic-bastille-site-and-slam-education-leaders-pledge-for-change-as-hot-air/", "EventCode": 1, "Tone": null}}, {"type": "Feature", "geometry": {"type": "Point", "coordinates": [13.333333, 47.333333]}, "properties": {"Title": "French Student Protesters Swarm Historic Bastille Site And Slam Education Leaders Pledge For Change As Hot Air", "SourceURL": "https://nypost.com/2026/10/08/world-news/french-student-protesters-swarm-historic-bastille-site-and-slam-education-leaders-pledge-for-change-as-hot-air/", "EventCode": 1, "Tone": null}}, {"type": "Feature", "geometry": {"type": "Point", "coordinates": [13.333333, 47.333333]}, "properties": {"Title": "French Student Protesters Swarm Historic Bastille Site And Slam Education Leaders Pledge For Change As Hot Air", "SourceURL": "https://nypost.com/2026/10/08/world-news/french-student-protesters-swarm-historic-bastille-site-and-slam-education-leaders-pledge-for-change-as-hot-air/", "EventCode": 3, "Tone": null}}, {"type": "Feature", "geometry": {"type": "Point", "coordinates": [22.0, 39.0]}, "properties": {"Title": "French Student Protesters Swarm Historic Bastille Site And Slam Education Leaders Pledge For Change As Hot Air", "SourceURL": "https://nypost.com/2026/10/08/world-news/french-student-protesters-swarm-historic-bastille-site-and-slam-education-leaders-pledge-for-change-as-hot-air/", "EventCode": 3, "Tone": null}}, {"type": "Feature", "geometry": {"type": "Point", "coordinates": [13.333333, 47.333333]}, "properties": {"Title": "French Student Protesters Swarm Historic Bastille Site And Slam Education Leaders Pledge For Change As Hot Air", "SourceURL": "https://nypost.com/2026/10/08/world-news/french-student-protesters-swarm-historic-bastille-site-and-slam-education-leaders-pledge-for-change-as-hot-air/", "EventCode": 3, "Tone": null}}, {"type": "Feature", "geometry": {"type": "Point", "coordinates": [46.9274, 39.991]}, "properties": {"Title": "4232356", "SourceURL": "https://www.trend.az/azerbaijan/4232356.html", "EventCode": 4, "Tone": null}}, {"type": "Feature", "geometry": {"type": "Point", "coordinates": [46.9274, 39.991]}, "properties": {"Title": "4232356", "SourceURL": "https://www.trend.az/azerbaijan/4232356.html", "EventCode": 1, "Tone": null}}, {"type": "Feature", "geometry": {"type": "Point", "coordinates": [46.9274, 39.991]}, "properties": {"Title": "4232356", "SourceURL": "https://www.trend.az/azerbaijan/4232356.html", "EventCode": 4, "Tone": null}}, {"type": "Feature", "geometry": {"type": "Point", "coordinates": [46.9274, 39.991]}, "properties": {"Title": "4232356", "SourceURL": "https://www.trend.az/azerbaijan/4232356.html", "EventCode": 4, "Tone": null}}, {"type": "Feature", "geometry": {"type": "Point", "coordinates": [47.0318, 39.52]}, "properties": {"Title": "4232356", "SourceURL": "https://www.trend.az/azerbaijan/4232356.html", "EventCode": 1, "Tone": null}}, {"type": "Feature", "geometry": {"type": "Point", "coordinates": [47.0595, 40.7639]}, "properties": {"Title": "4232356", "SourceURL": "https://www.trend.az/azerbaijan/4232356.html", "EventCode": 1, "Tone": null}}, {"type": "Feature", "geometry": {"type": "Point", "coordinates": [47.0318, 39.52]}, "properties": {"Title": "4232356", "SourceURL": "https://www.trend.az/azerbaijan/4232356.html", "EventCode": 1, "Tone": null}}, {"type": "Feature", "geometry": {"type": "Point", "coordinates": [47.0318, 39.52]}, "properties": {"Title": "4232356", "SourceURL": "https://www.trend.az/azerbaijan/4232356.html", "EventCode": 1, "Tone": null}}, {"type": "Feature", "geometry": {"type": "Point", "coordinates": [46.9274, 39.991]}, "properties": {"Title": "4232356", "SourceURL": "https://www.trend.az/azerbaijan/4232356.html", "EventCode": 4, "Tone": null}}, {"type": "Feature", "geometry": {"type": "Point", "coordinates": [46.9274, 39.991]}, "properties": {"Title": "4232356", "SourceURL": "https://www.trend.az/azerbaijan/4232356.html", "EventCode": 4, "Tone": null}}, {"type": "Feature", "geometry": {"type": "Point", "coordinates": [28.955, 30.8301]}, "properties": {"Title": "202610080656", "SourceURL": "https://allafrica.com/stories/202610080656.html", "EventCode": 1, "Tone": null}}, {"type": "Feature", "geometry": {"type": "Point", "coordinates": [30.0, -3.5]}, "properties": {"Title": "202610080656", "SourceURL": "https://allafrica.com/stories/202610080656.html", "EventCode": 1, "Tone": null}}, {"type": "Feature", "geometry": {"type": "Point", "coordinates": [-55.0, -10.0]}, "properties": {"Title": "Best Denver Concerts This Weekend 40945662", "SourceURL": "https://www.westword.com/music/best-denver-concerts-this-weekend-40945662/", "EventCode": 2, "Tone": null}}, {"type": "Feature", "geometry": {"type": "Point", "coordinates": [22.0, 39.0]}, "properties": {"Title": "Best Denver Concerts This Weekend 40945662", "SourceURL": "https://www.westword.com/music/best-denver-concerts-this-weekend-40945662/", "EventCode": 2, "Tone": null}}, {"type": "Feature", "geometry": {"type": "Point", "coordinates": [-111.388, 33.7712]}, "properties": {"Title": "Globalfoundries To Produce Silicon Interposers For Tsmcs Cowos In The Us Five Year Agreement Valued At Usd2 Billion", "SourceURL": "https://www.tomshardware.com/tech-industry/semiconductors/globalfoundries-to-produce-silicon-interposers-for-tsmcs-cowos-in-the-us-five-year-agreement-valued-at-usd2-billion", "EventCode": 1, "Tone": null}}, {"type": "Feature", "geometry": {"type": "Point", "coordinates": [-77.0262, 38.8964]}, "properties": {"Title": "831738", "SourceURL": "https://www.utilitydive.com/news/dc-green-energy-mandate-renewable-solar-ratepayer/831738/", "EventCode": 1, "Tone": null}}, {"type": "Feature", "geometry": {"type": "Point", "coordinates": [-77.264, 40.5773]}, "properties": {"Title": "831738", "SourceURL": "https://www.utilitydive.com/news/dc-green-energy-mandate-renewable-solar-ratepayer/831738/", "EventCode": 1, "Tone": null}}, {"type": "Feature", "geometry": {"type": "Point", "coordinates": [72.8258, 18.975]}, "properties": {"Title": "Magnificent Artist Hema Malini Subhash Ghai And More Pay Tribute To Nana Patekar After Actors Demise20261008222530", "SourceURL": "https://aninews.in/news/entertainment/bollywood/magnificent-artist-hema-malini-subhash-ghai-and-more-pay-tribute-to-nana-patekar-after-actors-demise20261008222530/", "EventCode": 1, "Tone": null}}, {"type": "Feature", "geometry": {"type": "Point", "coordinates": [-2.21667, 53.5]}, "properties": {"Title": "Northwest Biotherapeutics And The Uk National Health Service Blood And Transplant Announce Collaboration To Support Dcvax L Production 302903002", "SourceURL": "http://www.prnewswire.com/news-releases/northwest-biotherapeutics-and-the-uk-national-health-service-blood-and-transplant-announce-collaboration-to-support-dcvax-l-production-302903002.html", "EventCode": 1, "Tone": null}}, {"type": "Feature", "geometry": {"type": "Point", "coordinates": [121.913, 17.0305]}, "properties": {"Title": "Sun Life Cautions Shareholders Regarding Ocehan Llcs Below Market Bid For Shares 302902954", "SourceURL": "http://www.prnewswire.com/news-releases/sun-life-cautions-shareholders-regarding-ocehan-llcs-below-market-bid-for-shares-302902954.html", "EventCode": 1, "Tone": null}}, {"type": "Feature", "geometry": {"type": "Point", "coordinates": [-77.0262, 38.8964]}, "properties": {"Title": "832479", "SourceURL": "https://www.utilitydive.com/news/doe-pjm-ferc-ratepayer-protection-large-load-data-center/832479/", "EventCode": 1, "Tone": null}}, {"type": "Feature", "geometry": {"type": "Point", "coordinates": [-93.214, 42.0046]}, "properties": {"Title": "Did Iowas Largest Beginning Farmer Tax Credit Create More Farms", "SourceURL": "https://www.spencerdailyreporter.com/articles/news-spencerreporter-2/did-iowas-largest-beginning-farmer-tax-credit-create-more-farms/", "EventCode": 1, "Tone": null}}, {"type": "Feature", "geometry": {"type": "Point", "coordinates": [-89.6385, 44.2563]}, "properties": {"Title": "Did Iowas Largest Beginning Farmer Tax Credit Create More Farms", "SourceURL": "https://www.spencerdailyreporter.com/articles/news-spencerreporter-2/did-iowas-largest-beginning-farmer-tax-credit-create-more-farms/", "EventCode": 1, "Tone": null}}, {"type": "Feature", "geometry": {"type": "Point", "coordinates": [39.7257, 43.5992]}, "properties": {"Title": "The Shell Leaks Files 8 October 2026", "SourceURL": "https://royaldutchshellplc.com/2026/10/08/the-shell-leaks-files-8-october-2026/", "EventCode": 1, "Tone": null}}, {"type": "Feature", "geometry": {"type": "Point", "coordinates": [31.08, -25.0363]}, "properties": {"Title": "2026 10 08 The Quiet Authority Of Khulu Phasiwe The Voice South Africa Heard In The Dark", "SourceURL": "https://www.dailymaverick.co.za/article/2026-10-08-the-quiet-authority-of-khulu-phasiwe-the-voice-south-africa-heard-in-the-dark/", "EventCode": 1, "Tone": null}}, {"type": "Feature", "geometry": {"type": "Point", "coordinates": [8.0, 10.0]}, "properties": {"Title": "2026 10 08 The Quiet Authority Of Khulu Phasiwe The Voice South Africa Heard In The Dark", "SourceURL": "https://www.dailymaverick.co.za/article/2026-10-08-the-quiet-authority-of-khulu-phasiwe-the-voice-south-africa-heard-in-the-dark/", "EventCode": 1, "Tone": null}}, {"type": "Feature", "geometry": {"type": "Point", "coordinates": [-72.55, -15.6475]}, "properties": {"Title": "Pecoy Copper Announces Results Of Annual Meeting Of Shareholders And Change Of Financial Year End", "SourceURL": "https://www.timminspress.com/press-releases/globe-newswire/pecoy-copper-announces-results-of-annual-meeting-of-shareholders-and-change-of-financial-year-end/", "EventCode": 1, "Tone": null}}, {"type": "Feature", "geometry": {"type": "Point", "coordinates": [72.8258, 18.975]}, "properties": {"Title": "Magnificent Artist Hema Malini Subhash Ghai And More Pay Tribute To Nana Patekar After Actors Demise20261008222530", "SourceURL": "https://aninews.in/news/entertainment/bollywood/magnificent-artist-hema-malini-subhash-ghai-and-more-pay-tribute-to-nana-patekar-after-actors-demise20261008222530/", "EventCode": 1, "Tone": null}}, {"type": "Feature", "geometry": {"type": "Point", "coordinates": [-79.8431, 35.6411]}, "properties": {"Title": "Francis Dewey Duon Hemilright Jr 2", "SourceURL": "https://www.outerbanksvoice.com/2026/10/08/francis-dewey-duon-hemilright-jr-2/", "EventCode": 1, "Tone": null}}, {"type": "Feature", "geometry": {"type": "Point", "coordinates": [-77.0262, 38.8964]}, "properties": {"Title": "832479", "SourceURL": "https://www.utilitydive.com/news/doe-pjm-ferc-ratepayer-protection-large-load-data-center/832479/", "EventCode": 2, "Tone": null}}, {"type": "Feature", "geometry": {"type": "Point", "coordinates": [149.217, -35.2833]}, "properties": {"Title": "2026 10 08 Sas Foreign Service Is Becoming A Retreat For Failed Ministers", "SourceURL": "https://www.dailymaverick.co.za/opinionista/2026-10-08-sas-foreign-service-is-becoming-a-retreat-for-failed-ministers/", "EventCode": 3, "Tone": null}}, {"type": "Feature", "geometry": {"type": "Point", "coordinates": [31.0167, -29.85]}, "properties": {"Title": "2026 10 08 Violence Durban", "SourceURL": "https://www.dailymaverick.co.za/article/2026-10-08-violence-durban/", "EventCode": 4, "Tone": null}}, {"type": "Feature", "geometry": {"type": "Point", "coordinates": [-77.0364, 38.8951]}, "properties": {"Title": "Exps Leo Pareja Lead Agnt Glenn Sanford Steps Down", "SourceURL": "https://www.rismedia.com/2026/10/08/exps-leo-pareja-lead-agnt-glenn-sanford-steps-down/", "EventCode": 4, "Tone": null}}, {"type": "Feature", "geometry": {"type": "Point", "coordinates": [31.08, -25.0363]}, "properties": {"Title": "2026 10 08 The Quiet Authority Of Khulu Phasiwe The Voice South Africa Heard In The Dark", "SourceURL": "https://www.dailymaverick.co.za/article/2026-10-08-the-quiet-authority-of-khulu-phasiwe-the-voice-south-africa-heard-in-the-dark/", "EventCode": 1, "Tone": null}}, {"type": "Feature", "geometry": {"type": "Point", "coordinates": [7.46667, 46.9167]}, "properties": {"Title": "Berks Mail Ballots Were Delayed By Printer", "SourceURL": "https://www.readingeagle.com/2026/10/08/berks-mail-ballots-were-delayed-by-printer/", "EventCode": 3, "Tone": null}}, {"type": "Feature", "geometry": {"type": "Point", "coordinates": [7.46667, 46.9167]}, "properties": {"Title": "Berks Mail Ballots Were Delayed By Printer", "SourceURL": "https://www.readingeagle.com/2026/10/08/berks-mail-ballots-were-delayed-by-printer/", "EventCode": 3, "Tone": null}}, {"type": "Feature", "geometry": {"type": "Point", "coordinates": [7.46667, 46.9167]}, "properties": {"Title": "Berks Mail Ballots Were Delayed By Printer", "SourceURL": "https://www.readingeagle.com/2026/10/08/berks-mail-ballots-were-delayed-by-printer/", "EventCode": 1, "Tone": null}}, {"type": "Feature", "geometry": {"type": "Point", "coordinates": [-73.5833, 45.5]}, "properties": {"Title": "312814", "SourceURL": "https://vocm.com/2026/10/08/312814/", "EventCode": 1, "Tone": null}}, {"type": "Feature", "geometry": {"type": "Point", "coordinates": [31.08, -25.0363]}, "properties": {"Title": "2026 10 08 The Quiet Authority Of Khulu Phasiwe The Voice South Africa Heard In The Dark", "SourceURL": "https://www.dailymaverick.co.za/article/2026-10-08-the-quiet-authority-of-khulu-phasiwe-the-voice-south-africa-heard-in-the-dark/", "EventCode": 1, "Tone": null}}, {"type": "Feature", "geometry": {"type": "Point", "coordinates": [-77.0364, 38.8951]}, "properties": {"Title": "134798821.Cms", "SourceURL": "https://www.educationtimes.com/news/us-visa-chaos-tata-wipro-infosys-among-it-firms-suspended-from-us-green-card-programme-in-major-h-1b-crackdown/articleshow/134798821.cms", "EventCode": 3, "Tone": null}}, {"type": "Feature", "geometry": {"type": "Point", "coordinates": [-77.0364, 38.8951]}, "properties": {"Title": "Us Freezes Microsoft Adobe Infosys Green Card Applications Over Alleged Fraud", "SourceURL": "https://arynews.tv/us-freezes-microsoft-adobe-infosys-green-card-applications-over-alleged-fraud", "EventCode": 1, "Tone": null}}, {"type": "Feature", "geometry": {"type": "Point", "coordinates": [30.2642, 59.8944]}, "properties": {"Title": "The Shell Leaks Files 8 October 2026", "SourceURL": "https://royaldutchshellplc.com/2026/10/08/the-shell-leaks-files-8-october-2026/", "EventCode": 1, "Tone": null}}, {"type": "Feature", "geometry": {"type": "Point", "coordinates": [39.7257, 43.5992]}, "properties": {"Title": "The Shell Leaks Files 8 October 2026", "SourceURL": "https://royaldutchshellplc.com/2026/10/08/the-shell-leaks-files-8-october-2026/", "EventCode": 1, "Tone": null}}, {"type": "Feature", "geometry": {"type": "Point", "coordinates": [34.0, 45.0]}, "properties": {"Title": "The Shell Leaks Files 8 October 2026", "SourceURL": "https://royaldutchshellplc.com/2026/10/08/the-shell-leaks-files-8-october-2026/", "EventCode": 1, "Tone": null}}, {"type": "Feature", "geometry": {"type": "Point", "coordinates": [37.6156, 55.7522]}, "properties": {"Title": "The Shell Leaks Files 8 October 2026", "SourceURL": "https://royaldutchshellplc.com/2026/10/08/the-shell-leaks-files-8-october-2026/", "EventCode": 1, "Tone": null}}, {"type": "Feature", "geometry": {"type": "Point", "coordinates": [39.7257, 43.5992]}, "properties": {"Title": "The Shell Leaks Files 8 October 2026", "SourceURL": "https://royaldutchshellplc.com/2026/10/08/the-shell-leaks-files-8-october-2026/", "EventCode": 1, "Tone": null}}, {"type": "Feature", "geometry": {"type": "Point", "coordinates": [-78.7239, 37.6399]}, "properties": {"Title": "Francis Dewey Duon Hemilright Jr 2", "SourceURL": "https://www.outerbanksvoice.com/2026/10/08/francis-dewey-duon-hemilright-jr-2/", "EventCode": 1, "Tone": null}}, {"type": "Feature", "geometry": {"type": "Point", "coordinates": [19.0, 15.0]}, "properties": {"Title": "Francis Dewey Duon Hemilright Jr 2", "SourceURL": "https://www.outerbanksvoice.com/2026/10/08/francis-dewey-duon-hemilright-jr-2/", "EventCode": 1, "Tone": null}}, {"type": "Feature", "geometry": {"type": "Point", "coordinates": [-77.0364, 38.8951]}, "properties": {"Title": "134798821.Cms", "SourceURL": "https://www.educationtimes.com/news/us-visa-chaos-tata-wipro-infosys-among-it-firms-suspended-from-us-green-card-programme-in-major-h-1b-crackdown/articleshow/134798821.cms", "EventCode": 3, "Tone": null}}, {"type": "Feature", "geometry": {"type": "Point", "coordinates": [-110.183, 54.465]}, "properties": {"Title": "Article 96612072 859C 5Dbf 9F25 9Aa16D547Ff6", "SourceURL": "https://www.pentictonherald.ca/news/national_news/article_96612072-859c-5dbf-9f25-9aa16d547ff6.html", "EventCode": 1, "Tone": null}}, {"type": "Feature", "geometry": {"type": "Point", "coordinates": [-79.4167, 43.6667]}, "properties": {"Title": "Apotex To Announce Second Quarter Fiscal 2027 Financial Results And Host Conference Call On November 12 2026", "SourceURL": "https://www.timminspress.com/press-releases/pr-newswire/apotex-to-announce-second-quarter-fiscal-2027-financial-results-and-host-conference-call-on-november-12-2026/", "EventCode": 1, "Tone": null}}, {"type": "Feature", "geometry": {"type": "Point", "coordinates": [-71.9, 45.4]}, "properties": {"Title": "312798", "SourceURL": "https://vocm.com/2026/10/08/312798/", "EventCode": 1, "Tone": null}}, {"type": "Feature", "geometry": {"type": "Point", "coordinates": [-71.9, 45.4]}, "properties": {"Title": "312798", "SourceURL": "https://vocm.com/2026/10/08/312798/", "EventCode": 1, "Tone": null}}, {"type": "Feature", "geometry": {"type": "Point", "coordinates": [-76.8667, 44.2167]}, "properties": {"Title": "Recalling A Forgotten Irish Revolutionary In Hartford S North End", "SourceURL": "https://www.irishecho.com/2026/10/recalling-a-forgotten-irish-revolutionary-in-hartford-s-north-end", "EventCode": 1, "Tone": null}}, {"type": "Feature", "geometry": {"type": "Point", "coordinates": [-79.4167, 43.6667]}, "properties": {"Title": "Article 447A1Eea D1B6 5B08 942C A4C66A9B90Fc", "SourceURL": "https://www.thespec.com/entertainment/music/smashing-pumpkins-play-hamilton-concert-for-first-time/article_447a1eea-d1b6-5b08-942c-a4c66a9b90fc.html", "EventCode": 1, "Tone": null}}, {"type": "Feature", "geometry": {"type": "Point", "coordinates": [-123.133, 49.25]}, "properties": {"Title": "Goldhaven Closes Flow Through Financing For Proceeds Of 1 0 Million", "SourceURL": "https://www.timminspress.com/press-releases/globe-newswire/goldhaven-closes-flow-through-financing-for-proceeds-of-1-0-million/", "EventCode": 1, "Tone": null}}, {"type": "Feature", "geometry": {"type": "Point", "coordinates": [-71.9, 45.4]}, "properties": {"Title": "312798", "SourceURL": "https://vocm.com/2026/10/08/312798/", "EventCode": 1, "Tone": null}}, {"type": "Feature", "geometry": {"type": "Point", "coordinates": [-73.5833, 45.5]}, "properties": {"Title": "312814", "SourceURL": "https://vocm.com/2026/10/08/312814/", "EventCode": 1, "Tone": null}}, {"type": "Feature", "geometry": {"type": "Point", "coordinates": [-0.116667, 51.5]}, "properties": {"Title": "Recalling A Forgotten Irish Revolutionary In Hartford S North End", "SourceURL": "https://www.irishecho.com/2026/10/recalling-a-forgotten-irish-revolutionary-in-hartford-s-north-end", "EventCode": 1, "Tone": null}}, {"type": "Feature", "geometry": {"type": "Point", "coordinates": [-76.8667, 44.2167]}, "properties": {"Title": "Recalling A Forgotten Irish Revolutionary In Hartford S North End", "SourceURL": "https://www.irishecho.com/2026/10/recalling-a-forgotten-irish-revolutionary-in-hartford-s-north-end", "EventCode": 1, "Tone": null}}, {"type": "Feature", "geometry": {"type": "Point", "coordinates": [-76.8667, 44.2167]}, "properties": {"Title": "Recalling A Forgotten Irish Revolutionary In Hartford S North End", "SourceURL": "https://www.irishecho.com/2026/10/recalling-a-forgotten-irish-revolutionary-in-hartford-s-north-end", "EventCode": 1, "Tone": null}}, {"type": "Feature", "geometry": {"type": "Point", "coordinates": [-76.8667, 44.2167]}, "properties": {"Title": "Recalling A Forgotten Irish Revolutionary In Hartford S North End", "SourceURL": "https://www.irishecho.com/2026/10/recalling-a-forgotten-irish-revolutionary-in-hartford-s-north-end", "EventCode": 1, "Tone": null}}, {"type": "Feature", "geometry": {"type": "Point", "coordinates": [-123.133, 49.25]}, "properties": {"Title": "Goldhaven Closes Flow Through Financing For Proceeds Of 1 0 Million", "SourceURL": "https://www.timminspress.com/press-releases/globe-newswire/goldhaven-closes-flow-through-financing-for-proceeds-of-1-0-million/", "EventCode": 1, "Tone": null}}, {"type": "Feature", "geometry": {"type": "Point", "coordinates": [-123.133, 49.25]}, "properties": {"Title": "Goldhaven Closes Flow Through Financing For Proceeds Of 1 0 Million", "SourceURL": "https://www.timminspress.com/press-releases/globe-newswire/goldhaven-closes-flow-through-financing-for-proceeds-of-1-0-million/", "EventCode": 1, "Tone": null}}, {"type": "Feature", "geometry": {"type": "Point", "coordinates": [-123.133, 49.25]}, "properties": {"Title": "Goldhaven Closes Flow Through Financing For Proceeds Of 1 0 Million", "SourceURL": "https://www.timminspress.com/press-releases/globe-newswire/goldhaven-closes-flow-through-financing-for-proceeds-of-1-0-million/", "EventCode": 2, "Tone": null}}, {"type": "Feature", "geometry": {"type": "Point", "coordinates": [-115.683, 54.1333]}, "properties": {"Title": "Whitecourt Culture Centre Opens Next Week", "SourceURL": "https://www.coldlakesun.com:443/news/local-news/whitecourt-culture-centre-opens-next-week", "EventCode": 1, "Tone": null}}, {"type": "Feature", "geometry": {"type": "Point", "coordinates": [121.913, 17.0305]}, "properties": {"Title": "Sun Life Cautions Shareholders Regarding Ocehan Llcs Below Market Bid For Shares", "SourceURL": "https://www.timminspress.com/press-releases/pr-newswire/sun-life-cautions-shareholders-regarding-ocehan-llcs-below-market-bid-for-shares/", "EventCode": 1, "Tone": null}}, {"type": "Feature", "geometry": {"type": "Point", "coordinates": [-74.9384, 42.1497]}, "properties": {"Title": "Sun Life Cautions Shareholders Regarding Ocehan Llcs Below Market Bid For Shares", "SourceURL": "https://www.timminspress.com/press-releases/pr-newswire/sun-life-cautions-shareholders-regarding-ocehan-llcs-below-market-bid-for-shares/", "EventCode": 3, "Tone": null}}, {"type": "Feature", "geometry": {"type": "Point", "coordinates": [-71.9, 45.4]}, "properties": {"Title": "312798", "SourceURL": "https://vocm.com/2026/10/08/312798/", "EventCode": 1, "Tone": null}}, {"type": "Feature", "geometry": {"type": "Point", "coordinates": [-71.9, 45.4]}, "properties": {"Title": "312798", "SourceURL": "https://vocm.com/2026/10/08/312798/", "EventCode": 2, "Tone": null}}, {"type": "Feature", "geometry": {"type": "Point", "coordinates": [7.46667, 46.9167]}, "properties": {"Title": "Berks Mail Ballots Were Delayed By Printer", "SourceURL": "https://www.readingeagle.com/2026/10/08/berks-mail-ballots-were-delayed-by-printer/", "EventCode": 1, "Tone": null}}, {"type": "Feature", "geometry": {"type": "Point", "coordinates": [6.14811, 46.1956]}, "properties": {"Title": "Geneva Theft Complaint Leads To Petit Larceny Charge At Byrne Dairy", "SourceURL": "https://www.fingerlakes1.com/2026/10/08/geneva-theft-complaint-leads-to-petit-larceny-charge-at-byrne-dairy/", "EventCode": 3, "Tone": null}}, {"type": "Feature", "geometry": {"type": "Point", "coordinates": [7.46667, 46.9167]}, "properties": {"Title": "Berks Mail Ballots Were Delayed By Printer", "SourceURL": "https://www.readingeagle.com/2026/10/08/berks-mail-ballots-were-delayed-by-printer/", "EventCode": 1, "Tone": null}}, {"type": "Feature", "geometry": {"type": "Point", "coordinates": [7.46667, 46.9167]}, "properties": {"Title": "Berks Mail Ballots Were Delayed By Printer", "SourceURL": "https://www.readingeagle.com/2026/10/08/berks-mail-ballots-were-delayed-by-printer/", "EventCode": 1, "Tone": null}}, {"type": "Feature", "geometry": {"type": "Point", "coordinates": [7.46667, 46.9167]}, "properties": {"Title": "Berks Mail Ballots Were Delayed By Printer", "SourceURL": "https://www.readingeagle.com/2026/10/08/berks-mail-ballots-were-delayed-by-printer/", "EventCode": 1, "Tone": null}}, {"type": "Feature", "geometry": {"type": "Point", "coordinates": [7.46667, 46.9167]}, "properties": {"Title": "Berks Mail Ballots Were Delayed By Printer", "SourceURL": "https://www.readingeagle.com/2026/10/08/berks-mail-ballots-were-delayed-by-printer/", "EventCode": 3, "Tone": null}}, {"type": "Feature", "geometry": {"type": "Point", "coordinates": [123.337, 13.3594]}, "properties": {"Title": "Filipino Food St Louis", "SourceURL": "https://www.stlmag.com/dining/filipino-food-st-louis/", "EventCode": 1, "Tone": null}}, {"type": "Feature", "geometry": {"type": "Point", "coordinates": [32.5342, 15.5881]}, "properties": {"Title": "Un Extends Darfur Arms Embargo As Us Seeks Wider Ban", "SourceURL": "https://www.radiotamazuj.org/en/news/article/un-extends-darfur-arms-embargo-as-us-seeks-wider-ban", "EventCode": 3, "Tone": null}}, {"type": "Feature", "geometry": {"type": "Point", "coordinates": [116.388, 39.9289]}, "properties": {"Title": "8209292", "SourceURL": "https://www.voanews.com/a/chinese-military-facility-in-laos-raises-questions-about-beijings-indo-pacific-reach/8209292.html", "EventCode": 1, "Tone": null}}, {"type": "Feature", "geometry": {"type": "Point", "coordinates": [102.551, 18.3653]}, "properties": {"Title": "8209292", "SourceURL": "https://www.voanews.com/a/chinese-military-facility-in-laos-raises-questions-about-beijings-indo-pacific-reach/8209292.html", "EventCode": 1, "Tone": null}}, {"type": "Feature", "geometry": {"type": "Point", "coordinates": [105.0, 35.0]}, "properties": {"Title": "Un Extends Darfur Arms Embargo As Us Seeks Wider Ban", "SourceURL": "https://www.radiotamazuj.org/en/news/article/un-extends-darfur-arms-embargo-as-us-seeks-wider-ban", "EventCode": 3, "Tone": null}}, {"type": "Feature", "geometry": {"type": "Point", "coordinates": [100.0, 60.0]}, "properties": {"Title": "Un Extends Darfur Arms Embargo As Us Seeks Wider Ban", "SourceURL": "https://www.radiotamazuj.org/en/news/article/un-extends-darfur-arms-embargo-as-us-seeks-wider-ban", "EventCode": 3, "Tone": null}}, {"type": "Feature", "geometry": {"type": "Point", "coordinates": [100.0, 60.0]}, "properties": {"Title": "Un Extends Darfur Arms Embargo As Us Seeks Wider Ban", "SourceURL": "https://www.radiotamazuj.org/en/news/article/un-extends-darfur-arms-embargo-as-us-seeks-wider-ban", "EventCode": 3, "Tone": null}}, {"type": "Feature", "geometry": {"type": "Point", "coordinates": [100.0, 60.0]}, "properties": {"Title": "Un Extends Darfur Arms Embargo As Us Seeks Wider Ban", "SourceURL": "https://www.radiotamazuj.org/en/news/article/un-extends-darfur-arms-embargo-as-us-seeks-wider-ban", "EventCode": 3, "Tone": null}}, {"type": "Feature", "geometry": {"type": "Point", "coordinates": [105.0, 35.0]}, "properties": {"Title": "Un Extends Darfur Arms Embargo As Us Seeks Wider Ban", "SourceURL": "https://www.radiotamazuj.org/en/news/article/un-extends-darfur-arms-embargo-as-us-seeks-wider-ban", "EventCode": 3, "Tone": null}}, {"type": "Feature", "geometry": {"type": "Point", "coordinates": [100.0, 60.0]}, "properties": {"Title": "Un Extends Darfur Arms Embargo As Us Seeks Wider Ban", "SourceURL": "https://www.radiotamazuj.org/en/news/article/un-extends-darfur-arms-embargo-as-us-seeks-wider-ban", "EventCode": 3, "Tone": null}}, {"type": "Feature", "geometry": {"type": "Point", "coordinates": [105.0, 35.0]}, "properties": {"Title": "Un Extends Darfur Arms Embargo As Us Seeks Wider Ban", "SourceURL": "https://www.radiotamazuj.org/en/news/article/un-extends-darfur-arms-embargo-as-us-seeks-wider-ban", "EventCode": 3, "Tone": null}}, {"type": "Feature", "geometry": {"type": "Point", "coordinates": [100.0, 60.0]}, "properties": {"Title": "Un Extends Darfur Arms Embargo As Us Seeks Wider Ban", "SourceURL": "https://www.radiotamazuj.org/en/news/article/un-extends-darfur-arms-embargo-as-us-seeks-wider-ban", "EventCode": 3, "Tone": null}}, {"type": "Feature", "geometry": {"type": "Point", "coordinates": [100.0, 60.0]}, "properties": {"Title": "Un Extends Darfur Arms Embargo As Us Seeks Wider Ban", "SourceURL": "https://www.radiotamazuj.org/en/news/article/un-extends-darfur-arms-embargo-as-us-seeks-wider-ban", "EventCode": 3, "Tone": null}}, {"type": "Feature", "geometry": {"type": "Point", "coordinates": [116.388, 39.9289]}, "properties": {"Title": "8209292", "SourceURL": "https://www.voanews.com/a/chinese-military-facility-in-laos-raises-questions-about-beijings-indo-pacific-reach/8209292.html", "EventCode": 1, "Tone": null}}, {"type": "Feature", "geometry": {"type": "Point", "coordinates": [-96.8067, 32.7831]}, "properties": {"Title": "Retired Fbi Agent Says She Received Four Nancy Guthrie Bitcoin Ransom Emails", "SourceURL": "https://www.klif.com/2026/10/08/retired-fbi-agent-says-she-received-four-nancy-guthrie-bitcoin-ransom-emails/", "EventCode": 1, "Tone": null}}, {"type": "Feature", "geometry": {"type": "Point", "coordinates": [-97.6475, 31.106]}, "properties": {"Title": "News", "SourceURL": "https://www.myspiritfm.com/News?view=post&blogid=Catholic%2DNews&articleid=304921", "EventCode": 2, "Tone": null}}, {"type": "Feature", "geometry": {"type": "Point", "coordinates": [12.45, 41.9]}, "properties": {"Title": "News", "SourceURL": "https://www.myspiritfm.com/News?view=post&blogid=Catholic%2DNews&articleid=304921", "EventCode": 2, "Tone": null}}, {"type": "Feature", "geometry": {"type": "Point", "coordinates": [12.4833, 41.9]}, "properties": {"Title": "News", "SourceURL": "https://www.myspiritfm.com/News?view=post&blogid=Catholic%2DNews&articleid=304923", "EventCode": 1, "Tone": null}}, {"type": "Feature", "geometry": {"type": "Point", "coordinates": [12.4833, 41.9]}, "properties": {"Title": "News", "SourceURL": "https://www.myspiritfm.com/News?view=post&blogid=Catholic%2DNews&articleid=304923", "EventCode": 2, "Tone": null}}, {"type": "Feature", "geometry": {"type": "Point", "coordinates": [-112.003, 32.0004]}, "properties": {"Title": "Retired Fbi Agent Says She Received Four Nancy Guthrie Bitcoin Ransom Emails", "SourceURL": "https://www.klif.com/2026/10/08/retired-fbi-agent-says-she-received-four-nancy-guthrie-bitcoin-ransom-emails/", "EventCode": 1, "Tone": null}}, {"type": "Feature", "geometry": {"type": "Point", "coordinates": [-121.617, 39.1404]}, "properties": {"Title": "Article 9626D0Df 571C 5014 9C77 8E27A37D4264", "SourceURL": "https://www.kdrv.com/news/crimewatch/man-accused-of-kidnapping-california-teen-gets-into-pursuit-crashes-off-cliff/article_9626d0df-571c-5014-9c77-8e27a37d4264.html", "EventCode": 1, "Tone": null}}, {"type": "Feature", "geometry": {"type": "Point", "coordinates": [-118.668, 35.2961]}, "properties": {"Title": "Article 9626D0Df 571C 5014 9C77 8E27A37D4264", "SourceURL": "https://www.kdrv.com/news/crimewatch/man-accused-of-kidnapping-california-teen-gets-into-pursuit-crashes-off-cliff/article_9626d0df-571c-5014-9c77-8e27a37d4264.html", "EventCode": 1, "Tone": null}}, {"type": "Feature", "geometry": {"type": "Point", "coordinates": [-88.916667, 13.833333]}, "properties": {"Title": "Trump Deportations 2678058925", "SourceURL": "https://www.rawstory.com/trump-deportations-2678058925/", "EventCode": 1, "Tone": null}}, {"type": "Feature", "geometry": {"type": "Point", "coordinates": [-4.0, 54.0]}, "properties": {"Title": "3783078", "SourceURL": "https://www.nbcconnecticut.com/news/local/man-arrested-victim-identified-in-fatal-new-britain-stabbing/3783078/", "EventCode": 1, "Tone": null}}, {"type": "Feature", "geometry": {"type": "Point", "coordinates": [-73.079, 41.3462]}, "properties": {"Title": "3782980", "SourceURL": "https://www.nbcconnecticut.com/news/local/two-ansonia-men-arrested-accused-of-intentionally-setting-playground-on-fire/3782980/", "EventCode": 1, "Tone": null}}, {"type": "Feature", "geometry": {"type": "Point", "coordinates": [6.14811, 46.1956]}, "properties": {"Title": "Canandaigua Woman Charged In 135 Hopewell Walmart Theft", "SourceURL": "https://www.fingerlakes1.com/2026/10/08/canandaigua-woman-charged-in-135-hopewell-walmart-theft/", "EventCode": 2, "Tone": null}}, {"type": "Feature", "geometry": {"type": "Point", "coordinates": [-73.079, 41.3462]}, "properties": {"Title": "3782980", "SourceURL": "https://www.nbcconnecticut.com/news/local/two-ansonia-men-arrested-accused-of-intentionally-setting-playground-on-fire/3782980/", "EventCode": 2, "Tone": null}}, {"type": "Feature", "geometry": {"type": "Point", "coordinates": [6.14811, 46.1956]}, "properties": {"Title": "Canandaigua Woman Charged In 135 Hopewell Walmart Theft", "SourceURL": "https://www.fingerlakes1.com/2026/10/08/canandaigua-woman-charged-in-135-hopewell-walmart-theft/", "EventCode": 2, "Tone": null}}, {"type": "Feature", "geometry": {"type": "Point", "coordinates": [-95.3633, 29.7633]}, "properties": {"Title": "Houston Resident Sentenced His Role 359K Email Scam Scheme", "SourceURL": "https://www.fox26houston.com/news/houston-resident-sentenced-his-role-359k-email-scam-scheme", "EventCode": 2, "Tone": null}}, {"type": "Feature", "geometry": {"type": "Point", "coordinates": [8.0, 10.0]}, "properties": {"Title": "Houston Resident Sentenced His Role 359K Email Scam Scheme", "SourceURL": "https://www.fox26houston.com/news/houston-resident-sentenced-his-role-359k-email-scam-scheme", "EventCode": 2, "Tone": null}}, {"type": "Feature", "geometry": {"type": "Point", "coordinates": [-121.617, 39.1404]}, "properties": {"Title": "Article 9626D0Df 571C 5014 9C77 8E27A37D4264", "SourceURL": "https://www.kdrv.com/news/crimewatch/man-accused-of-kidnapping-california-teen-gets-into-pursuit-crashes-off-cliff/article_9626d0df-571c-5014-9c77-8e27a37d4264.html", "EventCode": 3, "Tone": null}}, {"type": "Feature", "geometry": {"type": "Point", "coordinates": [-74.9384, 42.1497]}, "properties": {"Title": "State Police Clear Gendebien Illegal Dumping Complaint", "SourceURL": "https://www.wwnytv.com/2026/10/08/state-police-clear-gendebien-illegal-dumping-complaint/", "EventCode": 3, "Tone": null}}, {"type": "Feature", "geometry": {"type": "Point", "coordinates": [29.2626, -30.9821]}, "properties": {"Title": "2026 10 08 Ekurhuleni Police Force Employed Convicted Killers Parliament Told", "SourceURL": "https://www.dailymaverick.co.za/article/2026-10-08-ekurhuleni-police-force-employed-convicted-killers-parliament-told/", "EventCode": 4, "Tone": null}}, {"type": "Feature", "geometry": {"type": "Point", "coordinates": [30.1493, -24.6657]}, "properties": {"Title": "2026 10 08 Ekurhuleni Police Force Employed Convicted Killers Parliament Told", "SourceURL": "https://www.dailymaverick.co.za/article/2026-10-08-ekurhuleni-police-force-employed-convicted-killers-parliament-told/", "EventCode": 4, "Tone": null}}, {"type": "Feature", "geometry": {"type": "Point", "coordinates": [6.14811, 46.1956]}, "properties": {"Title": "Canandaigua Woman Charged In 135 Hopewell Walmart Theft", "SourceURL": "https://www.fingerlakes1.com/2026/10/08/canandaigua-woman-charged-in-135-hopewell-walmart-theft/", "EventCode": 4, "Tone": null}}, {"type": "Feature", "geometry": {"type": "Point", "coordinates": [6.14811, 46.1956]}, "properties": {"Title": "Canandaigua Woman Charged In 135 Hopewell Walmart Theft", "SourceURL": "https://www.fingerlakes1.com/2026/10/08/canandaigua-woman-charged-in-135-hopewell-walmart-theft/", "EventCode": 2, "Tone": null}}, {"type": "Feature", "geometry": {"type": "Point", "coordinates": [6.14811, 46.1956]}, "properties": {"Title": "Geneva Man Charged With Harassment After Threats To Domestic Partner", "SourceURL": "https://www.fingerlakes1.com/2026/10/08/geneva-man-charged-with-harassment-after-threats-to-domestic-partner/", "EventCode": 4, "Tone": null}}, {"type": "Feature", "geometry": {"type": "Point", "coordinates": [10.0, 53.55]}, "properties": {"Title": "Reading Driver 18 Severely Injured In Northern Berks Crash Troopers Say", "SourceURL": "https://www.readingeagle.com/2026/10/08/reading-driver-18-severely-injured-in-northern-berks-crash-troopers-say/", "EventCode": 4, "Tone": null}}, {"type": "Feature", "geometry": {"type": "Point", "coordinates": [7.46667, 46.9167]}, "properties": {"Title": "Reading Driver 18 Severely Injured In Northern Berks Crash Troopers Say", "SourceURL": "https://www.readingeagle.com/2026/10/08/reading-driver-18-severely-injured-in-northern-berks-crash-troopers-say/", "EventCode": 4, "Tone": null}}, {"type": "Feature", "geometry": {"type": "Point", "coordinates": [-73.079, 41.3462]}, "properties": {"Title": "3782980", "SourceURL": "https://www.nbcconnecticut.com/news/local/two-ansonia-men-arrested-accused-of-intentionally-setting-playground-on-fire/3782980/", "EventCode": 1, "Tone": null}}, {"type": "Feature", "geometry": {"type": "Point", "coordinates": [94.2167, 28.0833]}, "properties": {"Title": "Two Year Old Tiger Rescued From House Courtyard In Mandla Village", "SourceURL": "https://www.freepressjournal.in/bhopal/two-year-old-tiger-rescued-from-house-courtyard-in-mandla-village", "EventCode": 2, "Tone": null}}, {"type": "Feature", "geometry": {"type": "Point", "coordinates": [-74.9384, 42.1497]}, "properties": {"Title": "State Police Clear Gendebien Illegal Dumping Complaint", "SourceURL": "https://www.wwnytv.com/2026/10/08/state-police-clear-gendebien-illegal-dumping-complaint/", "EventCode": 2, "Tone": null}}, {"type": "Feature", "geometry": {"type": "Point", "coordinates": [-9.13333, 38.7167]}, "properties": {"Title": "State Police Clear Gendebien Illegal Dumping Complaint", "SourceURL": "https://www.wwnytv.com/2026/10/08/state-police-clear-gendebien-illegal-dumping-complaint/", "EventCode": 3, "Tone": null}}, {"type": "Feature", "geometry": {"type": "Point", "coordinates": [-74.9384, 42.1497]}, "properties": {"Title": "State Police Clear Gendebien Illegal Dumping Complaint", "SourceURL": "https://www.wwnytv.com/2026/10/08/state-police-clear-gendebien-illegal-dumping-complaint/", "EventCode": 1, "Tone": null}}, {"type": "Feature", "geometry": {"type": "Point", "coordinates": [-95.7836, 29.5502]}, "properties": {"Title": "Houston Man Allegedly Bit Off Father In Laws Finger During Altercation", "SourceURL": "https://www.fox26houston.com/news/houston-man-allegedly-bit-off-father-in-laws-finger-during-altercation", "EventCode": 1, "Tone": null}}, {"type": "Feature", "geometry": {"type": "Point", "coordinates": [-72.7093, 44.0407]}, "properties": {"Title": "74083942", "SourceURL": "https://www.mynbc5.com/article/reading-massachusetts-crime-scene-center-avenue/74083942", "EventCode": 1, "Tone": null}}, {"type": "Feature", "geometry": {"type": "Point", "coordinates": [-95.3633, 29.7633]}, "properties": {"Title": "Houston Resident Sentenced His Role 359K Email Scam Scheme", "SourceURL": "https://www.fox26houston.com/news/houston-resident-sentenced-his-role-359k-email-scam-scheme", "EventCode": 1, "Tone": null}}, {"type": "Feature", "geometry": {"type": "Point", "coordinates": [-95.7836, 29.5502]}, "properties": {"Title": "Houston Man Allegedly Bit Off Father In Laws Finger During Altercation", "SourceURL": "https://www.fox26houston.com/news/houston-man-allegedly-bit-off-father-in-laws-finger-during-altercation", "EventCode": 3, "Tone": null}}, {"type": "Feature", "geometry": {"type": "Point", "coordinates": [-72.786, 41.676]}, "properties": {"Title": "3783078", "SourceURL": "https://www.nbcconnecticut.com/news/local/man-arrested-victim-identified-in-fatal-new-britain-stabbing/3783078/", "EventCode": 3, "Tone": null}}, {"type": "Feature", "geometry": {"type": "Point", "coordinates": [-4.0, 54.0]}, "properties": {"Title": "3783078", "SourceURL": "https://www.nbcconnecticut.com/news/local/man-arrested-victim-identified-in-fatal-new-britain-stabbing/3783078/", "EventCode": 3, "Tone": null}}, {"type": "Feature", "geometry": {"type": "Point", "coordinates": [-75.5244, 39.1582]}, "properties": {"Title": "Article 57C50C45 91De 4Dc6 8451 5B5E663895Fd", "SourceURL": "https://www.wboc.com/news/middle-school-student-charged-with-felony-after-bringing-a-bb-gun-to-school/article_57c50c45-91de-4dc6-8451-5b5e663895fd.html", "EventCode": 4, "Tone": null}}, {"type": "Feature", "geometry": {"type": "Point", "coordinates": [-75.5148, 39.3498]}, "properties": {"Title": "Article 57C50C45 91De 4Dc6 8451 5B5E663895Fd", "SourceURL": "https://www.wboc.com/news/middle-school-student-charged-with-felony-after-bringing-a-bb-gun-to-school/article_57c50c45-91de-4dc6-8451-5b5e663895fd.html", "EventCode": 4, "Tone": null}}, {"type": "Feature", "geometry": {"type": "Point", "coordinates": [-72.7093, 44.0407]}, "properties": {"Title": "74083942", "SourceURL": "https://www.mynbc5.com/article/reading-massachusetts-crime-scene-center-avenue/74083942", "EventCode": 4, "Tone": null}}, {"type": "Feature", "geometry": {"type": "Point", "coordinates": [-97.6475, 31.106]}, "properties": {"Title": "Article 9626D0Df 571C 5014 9C77 8E27A37D4264", "SourceURL": "https://www.kdrv.com/news/crimewatch/man-accused-of-kidnapping-california-teen-gets-into-pursuit-crashes-off-cliff/article_9626d0df-571c-5014-9c77-8e27a37d4264.html", "EventCode": 4, "Tone": null}}, {"type": "Feature", "geometry": {"type": "Point", "coordinates": [-73.079, 41.3462]}, "properties": {"Title": "3782980", "SourceURL": "https://www.nbcconnecticut.com/news/local/two-ansonia-men-arrested-accused-of-intentionally-setting-playground-on-fire/3782980/", "EventCode": 1, "Tone": null}}, {"type": "Feature", "geometry": {"type": "Point", "coordinates": [-73.079, 41.3462]}, "properties": {"Title": "3782980", "SourceURL": "https://www.nbcconnecticut.com/news/local/two-ansonia-men-arrested-accused-of-intentionally-setting-playground-on-fire/3782980/", "EventCode": 2, "Tone": null}}, {"type": "Feature", "geometry": {"type": "Point", "coordinates": [28.0833, -26.2]}, "properties": {"Title": "2026 10 08 Eswatini Deportees", "SourceURL": "https://www.dailymaverick.co.za/article/2026-10-08-eswatini-deportees/", "EventCode": 2, "Tone": null}}, {"type": "Feature", "geometry": {"type": "Point", "coordinates": [-76.483, 42.447]}, "properties": {"Title": "Index", "SourceURL": "https://freerepublic.com/tag/*/index?more=4398446", "EventCode": 4, "Tone": null}}, {"type": "Feature", "geometry": {"type": "Point", "coordinates": [3.89639, 7.38778]}, "properties": {"Title": "Uzodimmas Return Delays Release Of 20 Freed Prospective Corps Members", "SourceURL": "https://leadership.ng/uzodimmas-return-delays-release-of-20-freed-prospective-corps-members/", "EventCode": 2, "Tone": null}}, {"type": "Feature", "geometry": {"type": "Point", "coordinates": [0.116667, 52.2]}, "properties": {"Title": "Article 59Fd2372 0795 439B 9Cc2 027E27A392Aa", "SourceURL": "https://www.hometownsource.com/county_news_review/county_news_review/psa/voters-guide-jeremiah-sedler/article_59fd2372-0795-439b-9cc2-027e27a392aa.html", "EventCode": 1, "Tone": null}}, {"type": "Feature", "geometry": {"type": "Point", "coordinates": [77.2167, 28.6667]}, "properties": {"Title": "Article 8Eea44Ce 1Ab1 547A B067 Af895D3Ce263", "SourceURL": "https://www.thespec.com/news/municipal-elections/online-voting-norfolk/article_8eea44ce-1ab1-547a-b067-af895d3ce263.html", "EventCode": 1, "Tone": null}}, {"type": "Feature", "geometry": {"type": "Point", "coordinates": [-90.6335, 41.6334]}, "properties": {"Title": "Scott County Tests Voting Machines In Eldridge For 2026 Elections", "SourceURL": "https://www.wvik.org/wvik-top-stories/2026-10-08/scott-county-tests-voting-machines-in-eldridge-for-2026-elections", "EventCode": 1, "Tone": null}}, {"type": "Feature", "geometry": {"type": "Point", "coordinates": [-73.5833, 45.5]}, "properties": {"Title": "312814", "SourceURL": "https://vocm.com/2026/10/08/312814/", "EventCode": 1, "Tone": null}}, {"type": "Feature", "geometry": {"type": "Point", "coordinates": [151.583, -32.75]}, "properties": {"Title": "New Ambulance Station For Gateshead As Minns Government Responds To Paramedic Pressure", "SourceURL": "https://www.dungogchronicle.com.au/story/9364932/new-ambulance-station-for-gateshead-as-minns-government-responds-to-paramedic-pressure/", "EventCode": 1, "Tone": null}}, {"type": "Feature", "geometry": {"type": "Point", "coordinates": [-87.5736, 30.2944]}, "properties": {"Title": "Article 5D578C57 8E84 5D8F 969B E6Bc1Eeb2D98", "SourceURL": "https://www.couriernews.com/news/national/ap-news-summary-at-5-03-p-m-edt/article_5d578c57-8e84-5d8f-969b-e6bc1eeb2d98.html", "EventCode": 1, "Tone": null}}, {"type": "Feature", "geometry": {"type": "Point", "coordinates": [-79.5, 22.0]}, "properties": {"Title": "Medicaid Changes Impact Nebraska Refugees Asylum Seekers", "SourceURL": "https://www.wowt.com/2026/10/08/medicaid-changes-impact-nebraska-refugees-asylum-seekers/", "EventCode": 1, "Tone": null}}, {"type": "Feature", "geometry": {"type": "Point", "coordinates": [-98.1817, 31.0638]}, "properties": {"Title": "Briefly 602", "SourceURL": "http://www.lampasasdispatchrecord.com/news/briefly-602", "EventCode": 1, "Tone": null}}, {"type": "Feature", "geometry": {"type": "Point", "coordinates": [-98.2883, 41.1289]}, "properties": {"Title": "Medicaid Changes Impact Nebraska Refugees Asylum Seekers", "SourceURL": "https://www.wowt.com/2026/10/08/medicaid-changes-impact-nebraska-refugees-asylum-seekers/", "EventCode": 1, "Tone": null}}, {"type": "Feature", "geometry": {"type": "Point", "coordinates": [-98.2883, 41.1289]}, "properties": {"Title": "Medicaid Changes Impact Nebraska Refugees Asylum Seekers", "SourceURL": "https://www.wowt.com/2026/10/08/medicaid-changes-impact-nebraska-refugees-asylum-seekers/", "EventCode": 1, "Tone": null}}, {"type": "Feature", "geometry": {"type": "Point", "coordinates": [8.0, 10.0]}, "properties": {"Title": "An Examination Of The Legal Framework For The Protection Of Indigenous Knowledge And Cultural Expressions Under Nigerian Law By Jobs Joseph", "SourceURL": "https://www.opinionnigeria.com/an-examination-of-the-legal-framework-for-the-protection-of-indigenous-knowledge-and-cultural-expressions-under-nigerian-law-by-jobs-joseph/", "EventCode": 1, "Tone": null}}, {"type": "Feature", "geometry": {"type": "Point", "coordinates": [-96.9247, 35.5376]}, "properties": {"Title": "Oklahomas Oil Producing Ames Crater About 100 Million Years Younger Thought Zircon Dating Shows", "SourceURL": "https://www.natureworldnews.com/articles/73480/20261008/oklahomas-oil-producing-ames-crater-about-100-million-years-younger-thought-zircon-dating-shows.htm", "EventCode": 1, "Tone": null}}, {"type": "Feature", "geometry": {"type": "Point", "coordinates": [-88.916667, 13.833333]}, "properties": {"Title": "Trump Deportations 2678058925", "SourceURL": "https://www.rawstory.com/trump-deportations-2678058925/", "EventCode": 1, "Tone": null}}, {"type": "Feature", "geometry": {"type": "Point", "coordinates": [-98.2883, 41.1289]}, "properties": {"Title": "Retired Couple Spreads Joy Through Dulcimer Performances Beatrice", "SourceURL": "https://www.1011now.com/2026/10/08/retired-couple-spreads-joy-through-dulcimer-performances-beatrice/", "EventCode": 2, "Tone": null}}, {"type": "Feature", "geometry": {"type": "Point", "coordinates": [8.0, 10.0]}, "properties": {"Title": "An Examination Of The Legal Framework For The Protection Of Indigenous Knowledge And Cultural Expressions Under Nigerian Law By Jobs Joseph", "SourceURL": "https://www.opinionnigeria.com/an-examination-of-the-legal-framework-for-the-protection-of-indigenous-knowledge-and-cultural-expressions-under-nigerian-law-by-jobs-joseph/", "EventCode": 2, "Tone": null}}, {"type": "Feature", "geometry": {"type": "Point", "coordinates": [-97.6475, 31.106]}, "properties": {"Title": "Screwworm Confirmed Brewster County Dog Texas Pet Owners Are Urged Check Wounds", "SourceURL": "https://www.natureworldnews.com/articles/73477/20261008/screwworm-confirmed-brewster-county-dog-texas-pet-owners-are-urged-check-wounds.htm", "EventCode": 2, "Tone": null}}, {"type": "Feature", "geometry": {"type": "Point", "coordinates": [8.0, 10.0]}, "properties": {"Title": "An Examination Of The Legal Framework For The Protection Of Indigenous Knowledge And Cultural Expressions Under Nigerian Law By Jobs Joseph", "SourceURL": "https://www.opinionnigeria.com/an-examination-of-the-legal-framework-for-the-protection-of-indigenous-knowledge-and-cultural-expressions-under-nigerian-law-by-jobs-joseph/", "EventCode": 3, "Tone": null}}, {"type": "Feature", "geometry": {"type": "Point", "coordinates": [-97.6475, 31.106]}, "properties": {"Title": "News", "SourceURL": "https://www.myspiritfm.com/News?view=post&blogid=Catholic%2DNews&articleid=304921", "EventCode": 3, "Tone": null}}, {"type": "Feature", "geometry": {"type": "Point", "coordinates": [-98.5795, 39.828175]}, "properties": {"Title": "How Highway Construction And Urban Renewal Broke Up The Center Street Neighborhood", "SourceURL": "https://www.iowapublicradio.org/ipr-news/2026-10-08/how-highway-construction-and-urban-renewal-broke-up-the-center-street-neighborhood", "EventCode": 4, "Tone": null}}, {"type": "Feature", "geometry": {"type": "Point", "coordinates": [16.3667, 48.2]}, "properties": {"Title": "Murder Suspect Among 20 Indicted In Washington County", "SourceURL": "https://www.mariettatimes.com/news/2026/10/murder-suspect-among-20-indicted-in-washington-county/", "EventCode": 4, "Tone": null}}, {"type": "Feature", "geometry": {"type": "Point", "coordinates": [151.583, -32.75]}, "properties": {"Title": "New Ambulance Station For Gateshead As Minns Government Responds To Paramedic Pressure", "SourceURL": "https://www.dungogchronicle.com.au/story/9364932/new-ambulance-station-for-gateshead-as-minns-government-responds-to-paramedic-pressure/", "EventCode": 1, "Tone": null}}, {"type": "Feature", "geometry": {"type": "Point", "coordinates": [7.46667, 46.9167]}, "properties": {"Title": "Berks Mail Ballots Were Delayed By Printer", "SourceURL": "https://www.readingeagle.com/2026/10/08/berks-mail-ballots-were-delayed-by-printer/", "EventCode": 1, "Tone": null}}, {"type": "Feature", "geometry": {"type": "Point", "coordinates": [-115.683, 54.1333]}, "properties": {"Title": "Whitecourt Culture Centre Opens Next Week", "SourceURL": "https://www.coldlakesun.com:443/news/local-news/whitecourt-culture-centre-opens-next-week", "EventCode": 1, "Tone": null}}, {"type": "Feature", "geometry": {"type": "Point", "coordinates": [26.0, -30.0]}, "properties": {"Title": "2026 10 08 Anti Immigrant Mob Is Fuelling A Dangerous Anti Constitutionalist Fire", "SourceURL": "https://www.dailymaverick.co.za/article/2026-10-08-anti-immigrant-mob-is-fuelling-a-dangerous-anti-constitutionalist-fire/", "EventCode": 3, "Tone": null}}, {"type": "Feature", "geometry": {"type": "Point", "coordinates": [94.2167, 28.0833]}, "properties": {"Title": "Two Year Old Tiger Rescued From House Courtyard In Mandla Village", "SourceURL": "https://www.freepressjournal.in/bhopal/two-year-old-tiger-rescued-from-house-courtyard-in-mandla-village", "EventCode": 2, "Tone": null}}, {"type": "Feature", "geometry": {"type": "Point", "coordinates": [-90.6335, 41.6334]}, "properties": {"Title": "Scott County Tests Voting Machines In Eldridge For 2026 Elections", "SourceURL": "https://www.wvik.org/wvik-top-stories/2026-10-08/scott-county-tests-voting-machines-in-eldridge-for-2026-elections", "EventCode": 1, "Tone": null}}, {"type": "Feature", "geometry": {"type": "Point", "coordinates": [-98.1817, 31.0638]}, "properties": {"Title": "Briefly 602", "SourceURL": "http://www.lampasasdispatchrecord.com/news/briefly-602", "EventCode": 1, "Tone": null}}, {"type": "Feature", "geometry": {"type": "Point", "coordinates": [-77.264, 40.5773]}, "properties": {"Title": "Schuylkill County Senior Menu Week Of October 12", "SourceURL": "https://www.readingeagle.com/2026/10/08/schuylkill-county-senior-menu-week-of-october-12/", "EventCode": 2, "Tone": null}}, {"type": "Feature", "geometry": {"type": "Point", "coordinates": [16.3667, 48.2]}, "properties": {"Title": "Murder Suspect Among 20 Indicted In Washington County", "SourceURL": "https://www.mariettatimes.com/news/2026/10/murder-suspect-among-20-indicted-in-washington-county/", "EventCode": 4, "Tone": null}}, {"type": "Feature", "geometry": {"type": "Point", "coordinates": [10.0, 53.55]}, "properties": {"Title": "Reading Driver 18 Severely Injured In Northern Berks Crash Troopers Say", "SourceURL": "https://www.readingeagle.com/2026/10/08/reading-driver-18-severely-injured-in-northern-berks-crash-troopers-say/", "EventCode": 4, "Tone": null}}, {"type": "Feature", "geometry": {"type": "Point", "coordinates": [-98.0037, 41.6908]}, "properties": {"Title": "Chiropractor Central Nebraska Accused Sexually Assaulting Client", "SourceURL": "https://www.1011now.com/2026/10/08/chiropractor-central-nebraska-accused-sexually-assaulting-client/", "EventCode": 4, "Tone": null}}, {"type": "Feature", "geometry": {"type": "Point", "coordinates": [-98.2883, 41.1289]}, "properties": {"Title": "Chiropractor Central Nebraska Accused Sexually Assaulting Client", "SourceURL": "https://www.1011now.com/2026/10/08/chiropractor-central-nebraska-accused-sexually-assaulting-client/", "EventCode": 4, "Tone": null}}, {"type": "Feature", "geometry": {"type": "Point", "coordinates": [30.0, 27.0]}, "properties": {"Title": "Houthis Say They Launched Another Attack On Saudi Airport After Three Deaths", "SourceURL": "https://jowhar.com/houthis-say-they-launched-another-attack-on-saudi-airport-after-three-deaths/", "EventCode": 4, "Tone": null}}, {"type": "Feature", "geometry": {"type": "Point", "coordinates": [30.0, 27.0]}, "properties": {"Title": "Houthis Say They Launched Another Attack On Saudi Airport After Three Deaths", "SourceURL": "https://jowhar.com/houthis-say-they-launched-another-attack-on-saudi-airport-after-three-deaths/", "EventCode": 4, "Tone": null}}, {"type": "Feature", "geometry": {"type": "Point", "coordinates": [8.0, 10.0]}, "properties": {"Title": "An Examination Of The Legal Framework For The Protection Of Indigenous Knowledge And Cultural Expressions Under Nigerian Law By Jobs Joseph", "SourceURL": "https://www.opinionnigeria.com/an-examination-of-the-legal-framework-for-the-protection-of-indigenous-knowledge-and-cultural-expressions-under-nigerian-law-by-jobs-joseph/", "EventCode": 1, "Tone": null}}, {"type": "Feature", "geometry": {"type": "Point", "coordinates": [-77.0364, 38.8951]}, "properties": {"Title": "161518", "SourceURL": "https://www.positivelynaperville.com/2026/10/08/america-250-the-genius-of-the-electoral-college/161518", "EventCode": 1, "Tone": null}}, {"type": "Feature", "geometry": {"type": "Point", "coordinates": [140.567, -34.2333]}, "properties": {"Title": "Unintended Consequences Risk Parties Target Overseas Students", "SourceURL": "https://www.timeshighereducation.com/news/unintended-consequences-risk-parties-target-overseas-students", "EventCode": 2, "Tone": null}}, {"type": "Feature", "geometry": {"type": "Point", "coordinates": [-111.388, 33.7712]}, "properties": {"Title": "Article D0E1Adfb 4C9C 53C1 9A4A 7D73006D7Bbe", "SourceURL": "https://www.suncommercial.com/gcdailyworld/news/national/article_d0e1adfb-4c9c-53c1-9a4a-7d73006d7bbe.html", "EventCode": 3, "Tone": null}}, {"type": "Feature", "geometry": {"type": "Point", "coordinates": [2.33333, 48.8667]}, "properties": {"Title": "French Student Protesters Swarm Historic Bastille Site And Slam Education Leaders Pledge For Change As Hot Air", "SourceURL": "https://nypost.com/2026/10/08/world-news/french-student-protesters-swarm-historic-bastille-site-and-slam-education-leaders-pledge-for-change-as-hot-air/", "EventCode": 4, "Tone": null}}, {"type": "Feature", "geometry": {"type": "Point", "coordinates": [140.567, -34.2333]}, "properties": {"Title": "Unintended Consequences Risk Parties Target Overseas Students", "SourceURL": "https://www.timeshighereducation.com/news/unintended-consequences-risk-parties-target-overseas-students", "EventCode": 2, "Tone": null}}, {"type": "Feature", "geometry": {"type": "Point", "coordinates": [140.567, -34.2333]}, "properties": {"Title": "Unintended Consequences Risk Parties Target Overseas Students", "SourceURL": "https://www.timeshighereducation.com/news/unintended-consequences-risk-parties-target-overseas-students", "EventCode": 2, "Tone": null}}, {"type": "Feature", "geometry": {"type": "Point", "coordinates": [2.33333, 48.8667]}, "properties": {"Title": "French Student Protesters Swarm Historic Bastille Site And Slam Education Leaders Pledge For Change As Hot Air", "SourceURL": "https://nypost.com/2026/10/08/world-news/french-student-protesters-swarm-historic-bastille-site-and-slam-education-leaders-pledge-for-change-as-hot-air/", "EventCode": 4, "Tone": null}}, {"type": "Feature", "geometry": {"type": "Point", "coordinates": [103.8, 1.366667]}, "properties": {"Title": "8209292", "SourceURL": "https://www.voanews.com/a/chinese-military-facility-in-laos-raises-questions-about-beijings-indo-pacific-reach/8209292.html", "EventCode": 1, "Tone": null}}, {"type": "Feature", "geometry": {"type": "Point", "coordinates": [-77.0364, 38.8951]}, "properties": {"Title": "161518", "SourceURL": "https://www.positivelynaperville.com/2026/10/08/america-250-the-genius-of-the-electoral-college/161518", "EventCode": 1, "Tone": null}}, {"type": "Feature", "geometry": {"type": "Point", "coordinates": [-81.7081, 27.9586]}, "properties": {"Title": "The Ashley Gibson Barnett Museum Of Art Announces Annual Scholastic Art And Writing Awards Partnership 302903014", "SourceURL": "http://www.prnewswire.com/news-releases/the-ashley-gibson-barnett-museum-of-art-announces-annual-scholastic-art-and-writing-awards-partnership-302903014.html", "EventCode": 1, "Tone": null}}, {"type": "Feature", "geometry": {"type": "Point", "coordinates": [-81.717, 27.8333]}, "properties": {"Title": "The Ashley Gibson Barnett Museum Of Art Announces Annual Scholastic Art And Writing Awards Partnership 302903014", "SourceURL": "http://www.prnewswire.com/news-releases/the-ashley-gibson-barnett-museum-of-art-announces-annual-scholastic-art-and-writing-awards-partnership-302903014.html", "EventCode": 1, "Tone": null}}, {"type": "Feature", "geometry": {"type": "Point", "coordinates": [-81.7081, 27.9586]}, "properties": {"Title": "The Ashley Gibson Barnett Museum Of Art Announces Annual Scholastic Art And Writing Awards Partnership 302903014", "SourceURL": "http://www.prnewswire.com/news-releases/the-ashley-gibson-barnett-museum-of-art-announces-annual-scholastic-art-and-writing-awards-partnership-302903014.html", "EventCode": 1, "Tone": null}}, {"type": "Feature", "geometry": {"type": "Point", "coordinates": [77.0, 20.0]}, "properties": {"Title": "134798954.Cms", "SourceURL": "https://www.educationtimes.com/news/us-proposes-70000-opt-fee-for-international-students-what-indian-students-need-to-know/articleshow/134798954.cms", "EventCode": 1, "Tone": null}}, {"type": "Feature", "geometry": {"type": "Point", "coordinates": [-96.9247, 35.5376]}, "properties": {"Title": "Oklahomas Oil Producing Ames Crater About 100 Million Years Younger Thought Zircon Dating Shows", "SourceURL": "https://www.natureworldnews.com/articles/73480/20261008/oklahomas-oil-producing-ames-crater-about-100-million-years-younger-thought-zircon-dating-shows.htm", "EventCode": 1, "Tone": null}}, {"type": "Feature", "geometry": {"type": "Point", "coordinates": [-72.7622, 41.5834]}, "properties": {"Title": "3783133", "SourceURL": "https://www.nbcconnecticut.com/news/national-international/trump-accounts-automatic-enrollment-info/3783133/", "EventCode": 3, "Tone": null}}, {"type": "Feature", "geometry": {"type": "Point", "coordinates": [8.0, 10.0]}, "properties": {"Title": "An Examination Of The Legal Framework For The Protection Of Indigenous Knowledge And Cultural Expressions Under Nigerian Law By Jobs Joseph", "SourceURL": "https://www.opinionnigeria.com/an-examination-of-the-legal-framework-for-the-protection-of-indigenous-knowledge-and-cultural-expressions-under-nigerian-law-by-jobs-joseph/", "EventCode": 1, "Tone": null}}, {"type": "Feature", "geometry": {"type": "Point", "coordinates": [-75.5416, 39.119]}, "properties": {"Title": "Article 57C50C45 91De 4Dc6 8451 5B5E663895Fd", "SourceURL": "https://www.wboc.com/news/middle-school-student-charged-with-felony-after-bringing-a-bb-gun-to-school/article_57c50c45-91de-4dc6-8451-5b5e663895fd.html", "EventCode": 4, "Tone": null}}, {"type": "Feature", "geometry": {"type": "Point", "coordinates": [2.33333, 48.8667]}, "properties": {"Title": "French Student Protesters Swarm Historic Bastille Site And Slam Education Leaders Pledge For Change As Hot Air", "SourceURL": "https://nypost.com/2026/10/08/world-news/french-student-protesters-swarm-historic-bastille-site-and-slam-education-leaders-pledge-for-change-as-hot-air/", "EventCode": 3, "Tone": null}}, {"type": "Feature", "geometry": {"type": "Point", "coordinates": [2.33333, 48.8667]}, "properties": {"Title": "French Student Protesters Swarm Historic Bastille Site And Slam Education Leaders Pledge For Change As Hot Air", "SourceURL": "https://nypost.com/2026/10/08/world-news/french-student-protesters-swarm-historic-bastille-site-and-slam-education-leaders-pledge-for-change-as-hot-air/", "EventCode": 3, "Tone": null}}, {"type": "Feature", "geometry": {"type": "Point", "coordinates": [28.955, 30.8301]}, "properties": {"Title": "202610080656", "SourceURL": "https://allafrica.com/stories/202610080656.html", "EventCode": 1, "Tone": null}}, {"type": "Feature", "geometry": {"type": "Point", "coordinates": [28.955, 30.8301]}, "properties": {"Title": "202610080656", "SourceURL": "https://allafrica.com/stories/202610080656.html", "EventCode": 1, "Tone": null}}, {"type": "Feature", "geometry": {"type": "Point", "coordinates": [32.5628, 29.9314]}, "properties": {"Title": "Egypt And South Korea Launch Hydrogen Tram Initiative", "SourceURL": "https://egyptianstreets.com/2026/10/08/egypt-and-south-korea-launch-hydrogen-tram-initiative/", "EventCode": 1, "Tone": null}}, {"type": "Feature", "geometry": {"type": "Point", "coordinates": [32.5628, 29.9314]}, "properties": {"Title": "Egypt And South Korea Launch Hydrogen Tram Initiative", "SourceURL": "https://egyptianstreets.com/2026/10/08/egypt-and-south-korea-launch-hydrogen-tram-initiative/", "EventCode": 1, "Tone": null}}, {"type": "Feature", "geometry": {"type": "Point", "coordinates": [127.0, 37.5664]}, "properties": {"Title": "Egypt And South Korea Launch Hydrogen Tram Initiative", "SourceURL": "https://egyptianstreets.com/2026/10/08/egypt-and-south-korea-launch-hydrogen-tram-initiative/", "EventCode": 1, "Tone": null}}, {"type": "Feature", "geometry": {"type": "Point", "coordinates": [34.3333, 31.4167]}, "properties": {"Title": "Article 911101", "SourceURL": "http://www.jpost.com/israel-news/defense-news/article-911101", "EventCode": 2, "Tone": null}}, {"type": "Feature", "geometry": {"type": "Point", "coordinates": [30.0, 27.0]}, "properties": {"Title": "Article 911101", "SourceURL": "http://www.jpost.com/israel-news/defense-news/article-911101", "EventCode": 2, "Tone": null}}, {"type": "Feature", "geometry": {"type": "Point", "coordinates": [32.5628, 29.9314]}, "properties": {"Title": "Egypt And South Korea Launch Hydrogen Tram Initiative", "SourceURL": "https://egyptianstreets.com/2026/10/08/egypt-and-south-korea-launch-hydrogen-tram-initiative/", "EventCode": 1, "Tone": null}}, {"type": "Feature", "geometry": {"type": "Point", "coordinates": [31.25, 30.05]}, "properties": {"Title": "Egypt And South Korea Launch Hydrogen Tram Initiative", "SourceURL": "https://egyptianstreets.com/2026/10/08/egypt-and-south-korea-launch-hydrogen-tram-initiative/", "EventCode": 1, "Tone": null}}, {"type": "Feature", "geometry": {"type": "Point", "coordinates": [78.6936, 29.8575]}, "properties": {"Title": "Magnificent Artist Hema Malini Subhash Ghai And More Pay Tribute To Nana Patekar After Actors Demise20261008222530", "SourceURL": "https://aninews.in/news/entertainment/bollywood/magnificent-artist-hema-malini-subhash-ghai-and-more-pay-tribute-to-nana-patekar-after-actors-demise20261008222530/", "EventCode": 1, "Tone": null}}, {"type": "Feature", "geometry": {"type": "Point", "coordinates": [105.0, 35.0]}, "properties": {"Title": "Print Out A Portrait In Our Own Way Albert Serra Ingrid Caven Jean Jacques Schul", "SourceURL": "https://www.filmcomment.com/article/print-out-a-portrait-in-our-own-way-albert-serra-ingrid-caven-jean-jacques-schul/", "EventCode": 1, "Tone": null}}, {"type": "Feature", "geometry": {"type": "Point", "coordinates": [-98.2883, 41.1289]}, "properties": {"Title": "Did Iowas Largest Beginning Farmer Tax Credit Create More Farms", "SourceURL": "https://www.spencerdailyreporter.com/articles/news-spencerreporter-2/did-iowas-largest-beginning-farmer-tax-credit-create-more-farms/", "EventCode": 1, "Tone": null}}, {"type": "Feature", "geometry": {"type": "Point", "coordinates": [-93.214, 42.0046]}, "properties": {"Title": "Did Iowas Largest Beginning Farmer Tax Credit Create More Farms", "SourceURL": "https://www.spencerdailyreporter.com/articles/news-spencerreporter-2/did-iowas-largest-beginning-farmer-tax-credit-create-more-farms/", "EventCode": 1, "Tone": null}}, {"type": "Feature", "geometry": {"type": "Point", "coordinates": [-6.27969, 36.5158]}, "properties": {"Title": "Uss Arleigh Burke Enters Dry Dock In Spain", "SourceURL": "https://seapowermagazine.org/uss-arleigh-burke-enters-dry-dock-in-spain/", "EventCode": 1, "Tone": null}}, {"type": "Feature", "geometry": {"type": "Point", "coordinates": [12.833333, 42.833333]}, "properties": {"Title": "Uss Arleigh Burke Enters Dry Dock In Spain", "SourceURL": "https://seapowermagazine.org/uss-arleigh-burke-enters-dry-dock-in-spain/", "EventCode": 1, "Tone": null}}, {"type": "Feature", "geometry": {"type": "Point", "coordinates": [12.833333, 42.833333]}, "properties": {"Title": "Uss Arleigh Burke Enters Dry Dock In Spain", "SourceURL": "https://seapowermagazine.org/uss-arleigh-burke-enters-dry-dock-in-spain/", "EventCode": 1, "Tone": null}}, {"type": "Feature", "geometry": {"type": "Point", "coordinates": [-6.27969, 36.5158]}, "properties": {"Title": "Uss Arleigh Burke Enters Dry Dock In Spain", "SourceURL": "https://seapowermagazine.org/uss-arleigh-burke-enters-dry-dock-in-spain/", "EventCode": 1, "Tone": null}}, {"type": "Feature", "geometry": {"type": "Point", "coordinates": [105.0, 35.0]}, "properties": {"Title": "Print Out A Portrait In Our Own Way Albert Serra Ingrid Caven Jean Jacques Schul", "SourceURL": "https://www.filmcomment.com/article/print-out-a-portrait-in-our-own-way-albert-serra-ingrid-caven-jean-jacques-schul/", "EventCode": 1, "Tone": null}}, {"type": "Feature", "geometry": {"type": "Point", "coordinates": [-4.0, 40.0]}, "properties": {"Title": "Print Out A Portrait In Our Own Way Albert Serra Ingrid Caven Jean Jacques Schul", "SourceURL": "https://www.filmcomment.com/article/print-out-a-portrait-in-our-own-way-albert-serra-ingrid-caven-jean-jacques-schul/", "EventCode": 1, "Tone": null}}, {"type": "Feature", "geometry": {"type": "Point", "coordinates": [105.0, 35.0]}, "properties": {"Title": "Print Out A Portrait In Our Own Way Albert Serra Ingrid Caven Jean Jacques Schul", "SourceURL": "https://www.filmcomment.com/article/print-out-a-portrait-in-our-own-way-albert-serra-ingrid-caven-jean-jacques-schul/", "EventCode": 3, "Tone": null}}, {"type": "Feature", "geometry": {"type": "Point", "coordinates": [-4.0, 54.0]}, "properties": {"Title": "Historys Greatest Leaders Podcast Article Lessons On Leadership", "SourceURL": "https://www.historyextra.com/period/general-history/historys-greatest-leaders-podcast-article-lessons-on-leadership/", "EventCode": 3, "Tone": null}}, {"type": "Feature", "geometry": {"type": "Point", "coordinates": [2.33333, 48.8667]}, "properties": {"Title": "French Student Protesters Swarm Historic Bastille Site And Slam Education Leaders Pledge For Change As Hot Air", "SourceURL": "https://nypost.com/2026/10/08/world-news/french-student-protesters-swarm-historic-bastille-site-and-slam-education-leaders-pledge-for-change-as-hot-air/", "EventCode": 4, "Tone": null}}, {"type": "Feature", "geometry": {"type": "Point", "coordinates": [2.33333, 48.8667]}, "properties": {"Title": "Print Out A Portrait In Our Own Way Albert Serra Ingrid Caven Jean Jacques Schul", "SourceURL": "https://www.filmcomment.com/article/print-out-a-portrait-in-our-own-way-albert-serra-ingrid-caven-jean-jacques-schul/", "EventCode": 1, "Tone": null}}, {"type": "Feature", "geometry": {"type": "Point", "coordinates": [-4.0, 54.0]}, "properties": {"Title": "Historys Greatest Leaders Podcast Article Lessons On Leadership", "SourceURL": "https://www.historyextra.com/period/general-history/historys-greatest-leaders-podcast-article-lessons-on-leadership/", "EventCode": 3, "Tone": null}}, {"type": "Feature", "geometry": {"type": "Point", "coordinates": [5.72534, 45.1998]}, "properties": {"Title": "French Student Protesters Swarm Historic Bastille Site And Slam Education Leaders Pledge For Change As Hot Air", "SourceURL": "https://nypost.com/2026/10/08/world-news/french-student-protesters-swarm-historic-bastille-site-and-slam-education-leaders-pledge-for-change-as-hot-air/", "EventCode": 1, "Tone": null}}, {"type": "Feature", "geometry": {"type": "Point", "coordinates": [5.72534, 45.1998]}, "properties": {"Title": "French Student Protesters Swarm Historic Bastille Site And Slam Education Leaders Pledge For Change As Hot Air", "SourceURL": "https://nypost.com/2026/10/08/world-news/french-student-protesters-swarm-historic-bastille-site-and-slam-education-leaders-pledge-for-change-as-hot-air/", "EventCode": 1, "Tone": null}}, {"type": "Feature", "geometry": {"type": "Point", "coordinates": [2.33333, 48.8667]}, "properties": {"Title": "French Student Protesters Swarm Historic Bastille Site And Slam Education Leaders Pledge For Change As Hot Air", "SourceURL": "https://nypost.com/2026/10/08/world-news/french-student-protesters-swarm-historic-bastille-site-and-slam-education-leaders-pledge-for-change-as-hot-air/", "EventCode": 4, "Tone": null}}, {"type": "Feature", "geometry": {"type": "Point", "coordinates": [3.0, 55.3333]}, "properties": {"Title": "26620935.Polls Close By Election Replace Keir Starmer Holborn St Pancras Mp", "SourceURL": "https://www.yourlocalguardian.co.uk/news/national/26620935.polls-close-by-election-replace-keir-starmer-holborn-st-pancras-mp/", "EventCode": 1, "Tone": null}}, {"type": "Feature", "geometry": {"type": "Point", "coordinates": [-0.15, 50.8333]}, "properties": {"Title": "Cm2D6X11L6Pko", "SourceURL": "https://www.bbc.co.uk/news/articles/cm2d6x11l6pko", "EventCode": 1, "Tone": null}}, {"type": "Feature", "geometry": {"type": "Point", "coordinates": [-0.15, 50.8333]}, "properties": {"Title": "Cm2D6X11L6Pko", "SourceURL": "https://www.bbc.co.uk/news/articles/cm2d6x11l6pko", "EventCode": 4, "Tone": null}}, {"type": "Feature", "geometry": {"type": "Point", "coordinates": [0.116667, 52.2]}, "properties": {"Title": "Article 98Ea17C8 678C 4744 8540 F86A1F6E5Bbb", "SourceURL": "https://www.hometownsource.com/county_news_review/county_news_review/psa/voters-guide-bob-shogren-incumbent/article_98ea17c8-678c-4744-8540-f86a1f6e5bbb.html", "EventCode": 1, "Tone": null}}, {"type": "Feature", "geometry": {"type": "Point", "coordinates": [2.33333, 48.8667]}, "properties": {"Title": "Bwala No Tinubu Cannot Govern From Anywhere By Isaac Asabor", "SourceURL": "https://www.opinionnigeria.com/bwala-no-tinubu-cannot-govern-from-anywhere-by-isaac-asabor/", "EventCode": 1, "Tone": null}}, {"type": "Feature", "geometry": {"type": "Point", "coordinates": [-73.5833, 45.5]}, "properties": {"Title": "312814", "SourceURL": "https://vocm.com/2026/10/08/312814/", "EventCode": 1, "Tone": null}}, {"type": "Feature", "geometry": {"type": "Point", "coordinates": [30.0, 6.75]}, "properties": {"Title": "Lakes State Stakeholders Trained To Improve Project Delivery", "SourceURL": "https://www.radiotamazuj.org/en/news/article/lakes-state-stakeholders-trained-to-improve-project-delivery", "EventCode": 1, "Tone": null}}, {"type": "Feature", "geometry": {"type": "Point", "coordinates": [151.583, -32.75]}, "properties": {"Title": "New Ambulance Station For Gateshead As Minns Government Responds To Paramedic Pressure", "SourceURL": "https://www.dungogchronicle.com.au/story/9364932/new-ambulance-station-for-gateshead-as-minns-government-responds-to-paramedic-pressure/", "EventCode": 1, "Tone": null}}, {"type": "Feature", "geometry": {"type": "Point", "coordinates": [-92.3277, 38.9459]}, "properties": {"Title": "Article 86C7Fe2D 00Fa 4688 A5Da 8F889857C6Bd", "SourceURL": "https://www.columbiamissourian.com/opinion/guest_commentaries/hud-policy-change-is-the-wrong-way-to-address-homelessness/article_86c7fe2d-00fa-4688-a5da-8f889857c6bd.html", "EventCode": 1, "Tone": null}}, {"type": "Feature", "geometry": {"type": "Point", "coordinates": [34.3333, 31.4167]}, "properties": {"Title": "Article 911101", "SourceURL": "http://www.jpost.com/israel-news/defense-news/article-911101", "EventCode": 1, "Tone": null}}, {"type": "Feature", "geometry": {"type": "Point", "coordinates": [7.53333, 9.08333]}, "properties": {"Title": "Bwala No Tinubu Cannot Govern From Anywhere By Isaac Asabor", "SourceURL": "https://www.opinionnigeria.com/bwala-no-tinubu-cannot-govern-from-anywhere-by-isaac-asabor/", "EventCode": 1, "Tone": null}}, {"type": "Feature", "geometry": {"type": "Point", "coordinates": [7.53333, 9.08333]}, "properties": {"Title": "Bwala No Tinubu Cannot Govern From Anywhere By Isaac Asabor", "SourceURL": "https://www.opinionnigeria.com/bwala-no-tinubu-cannot-govern-from-anywhere-by-isaac-asabor/", "EventCode": 1, "Tone": null}}, {"type": "Feature", "geometry": {"type": "Point", "coordinates": [71.5733, 34.0078]}, "properties": {"Title": "Pti Authorises Fazl To Mediate Between Govt Opposition Says Junaid Akbar", "SourceURL": "https://tribune.com.pk/story/2633770/pti-authorises-fazl-to-mediate-between-govt-opposition-says-junaid-akbar", "EventCode": 1, "Tone": null}}, {"type": "Feature", "geometry": {"type": "Point", "coordinates": [-73.5833, 45.5]}, "properties": {"Title": "312814", "SourceURL": "https://vocm.com/2026/10/08/312814/", "EventCode": 1, "Tone": null}}, {"type": "Feature", "geometry": {"type": "Point", "coordinates": [151.583, -32.75]}, "properties": {"Title": "New Ambulance Station For Gateshead As Minns Government Responds To Paramedic Pressure", "SourceURL": "https://www.dungogchronicle.com.au/story/9364932/new-ambulance-station-for-gateshead-as-minns-government-responds-to-paramedic-pressure/", "EventCode": 1, "Tone": null}}, {"type": "Feature", "geometry": {"type": "Point", "coordinates": [-96.1336, 41.1]}, "properties": {"Title": "Live 1 Omaha Mayor Update Flood Response", "SourceURL": "https://www.wowt.com/2026/10/08/live-1-omaha-mayor-update-flood-response/", "EventCode": 2, "Tone": null}}, {"type": "Feature", "geometry": {"type": "Point", "coordinates": [-96.1336, 41.1]}, "properties": {"Title": "Live 1 Omaha Mayor Update Flood Response", "SourceURL": "https://www.wowt.com/2026/10/08/live-1-omaha-mayor-update-flood-response/", "EventCode": 2, "Tone": null}}, {"type": "Feature", "geometry": {"type": "Point", "coordinates": [-96.8067, 32.7831]}, "properties": {"Title": "Retired Fbi Agent Says She Received Four Nancy Guthrie Bitcoin Ransom Emails", "SourceURL": "https://www.klif.com/2026/10/08/retired-fbi-agent-says-she-received-four-nancy-guthrie-bitcoin-ransom-emails/", "EventCode": 2, "Tone": null}}, {"type": "Feature", "geometry": {"type": "Point", "coordinates": [-110.919, 32.2979]}, "properties": {"Title": "Retired Fbi Agent Says She Received Four Nancy Guthrie Bitcoin Ransom Emails", "SourceURL": "https://www.klif.com/2026/10/08/retired-fbi-agent-says-she-received-four-nancy-guthrie-bitcoin-ransom-emails/", "EventCode": 2, "Tone": null}}, {"type": "Feature", "geometry": {"type": "Point", "coordinates": [-81.717, 27.8333]}, "properties": {"Title": "Desantis Hold Press Conference Thursday Tallahassee", "SourceURL": "https://www.mysuncoast.com/2026/10/08/desantis-hold-press-conference-thursday-tallahassee/", "EventCode": 3, "Tone": null}}, {"type": "Feature", "geometry": {"type": "Point", "coordinates": [26.0, -30.0]}, "properties": {"Title": "202610080662", "SourceURL": "https://allafrica.com/stories/202610080662.html", "EventCode": 3, "Tone": null}}, {"type": "Feature", "geometry": {"type": "Point", "coordinates": [34.7667, 32.0667]}, "properties": {"Title": "Article 911106", "SourceURL": "http://www.jpost.com/israel-news/article-911106", "EventCode": 4, "Tone": null}}, {"type": "Feature", "geometry": {"type": "Point", "coordinates": [151.217, -33.8833]}, "properties": {"Title": "Openai Grilled Over Breaches", "SourceURL": "https://www.governmentnews.com.au/openai-grilled-over-breaches/", "EventCode": 1, "Tone": null}}, {"type": "Feature", "geometry": {"type": "Point", "coordinates": [144.967, -37.8167]}, "properties": {"Title": "Unintended Consequences Risk Parties Target Overseas Students", "SourceURL": "https://www.timeshighereducation.com/news/unintended-consequences-risk-parties-target-overseas-students", "EventCode": 1, "Tone": null}}, {"type": "Feature", "geometry": {"type": "Point", "coordinates": [77.0, 20.0]}, "properties": {"Title": "Unintended Consequences Risk Parties Target Overseas Students", "SourceURL": "https://www.timeshighereducation.com/news/unintended-consequences-risk-parties-target-overseas-students", "EventCode": 1, "Tone": null}}, {"type": "Feature", "geometry": {"type": "Point", "coordinates": [151.217, -33.8833]}, "properties": {"Title": "Unintended Consequences Risk Parties Target Overseas Students", "SourceURL": "https://www.timeshighereducation.com/news/unintended-consequences-risk-parties-target-overseas-students", "EventCode": 1, "Tone": null}}, {"type": "Feature", "geometry": {"type": "Point", "coordinates": [151.217, -33.8833]}, "properties": {"Title": "Unintended Consequences Risk Parties Target Overseas Students", "SourceURL": "https://www.timeshighereducation.com/news/unintended-consequences-risk-parties-target-overseas-students", "EventCode": 1, "Tone": null}}, {"type": "Feature", "geometry": {"type": "Point", "coordinates": [30.0, -3.5]}, "properties": {"Title": "202610080656", "SourceURL": "https://allafrica.com/stories/202610080656.html", "EventCode": 1, "Tone": null}}, {"type": "Feature", "geometry": {"type": "Point", "coordinates": [31.08, -25.0363]}, "properties": {"Title": "2026 10 08 The Quiet Authority Of Khulu Phasiwe The Voice South Africa Heard In The Dark", "SourceURL": "https://www.dailymaverick.co.za/article/2026-10-08-the-quiet-authority-of-khulu-phasiwe-the-voice-south-africa-heard-in-the-dark/", "EventCode": 1, "Tone": null}}, {"type": "Feature", "geometry": {"type": "Point", "coordinates": [-76.8667, 44.2167]}, "properties": {"Title": "Recalling A Forgotten Irish Revolutionary In Hartford S North End", "SourceURL": "https://www.irishecho.com/2026/10/recalling-a-forgotten-irish-revolutionary-in-hartford-s-north-end", "EventCode": 4, "Tone": null}}, {"type": "Feature", "geometry": {"type": "Point", "coordinates": [-72.7622, 41.5834]}, "properties": {"Title": "Recalling A Forgotten Irish Revolutionary In Hartford S North End", "SourceURL": "https://www.irishecho.com/2026/10/recalling-a-forgotten-irish-revolutionary-in-hartford-s-north-end", "EventCode": 4, "Tone": null}}, {"type": "Feature", "geometry": {"type": "Point", "coordinates": [21.1539, 54.4192]}, "properties": {"Title": "Ukraine Is Building Something Similar To Starlink Zelensky Claims Lets Hope It Fares Better Than Russias Disastrous Rassvet Launch", "SourceURL": "https://www.techradar.com/pro/ukraine-is-building-something-similar-to-starlink-zelensky-claims-lets-hope-it-fares-better-than-russias-disastrous-rassvet-launch", "EventCode": 3, "Tone": null}}, {"type": "Feature", "geometry": {"type": "Point", "coordinates": [32.0, 49.0]}, "properties": {"Title": "Ukraine Is Building Something Similar To Starlink Zelensky Claims Lets Hope It Fares Better Than Russias Disastrous Rassvet Launch", "SourceURL": "https://www.techradar.com/pro/ukraine-is-building-something-similar-to-starlink-zelensky-claims-lets-hope-it-fares-better-than-russias-disastrous-rassvet-launch", "EventCode": 3, "Tone": null}}, {"type": "Feature", "geometry": {"type": "Point", "coordinates": [21.1539, 54.4192]}, "properties": {"Title": "Ukraine Is Building Something Similar To Starlink Zelensky Claims Lets Hope It Fares Better Than Russias Disastrous Rassvet Launch", "SourceURL": "https://www.techradar.com/pro/ukraine-is-building-something-similar-to-starlink-zelensky-claims-lets-hope-it-fares-better-than-russias-disastrous-rassvet-launch", "EventCode": 4, "Tone": null}}, {"type": "Feature", "geometry": {"type": "Point", "coordinates": [21.1539, 54.4192]}, "properties": {"Title": "Ukraine Is Building Something Similar To Starlink Zelensky Claims Lets Hope It Fares Better Than Russias Disastrous Rassvet Launch", "SourceURL": "https://www.techradar.com/pro/ukraine-is-building-something-similar-to-starlink-zelensky-claims-lets-hope-it-fares-better-than-russias-disastrous-rassvet-launch", "EventCode": 4, "Tone": null}}, {"type": "Feature", "geometry": {"type": "Point", "coordinates": [-116.563, 43.5407]}, "properties": {"Title": "Article B8C6Dddd F985 40D5 Acdb 4Ff8D03Dbe42", "SourceURL": "http://www.rexburgstandardjournal.com/opinion/columns/opinion-voting-should-be-accessible-to-every-idahoan-right-now-it-isn-t/article_b8c6dddd-f985-40d5-acdb-4ff8d03dbe42.html", "EventCode": 1, "Tone": null}}, {"type": "Feature", "geometry": {"type": "Point", "coordinates": [7.53333, 9.08333]}, "properties": {"Title": "Bwala No Tinubu Cannot Govern From Anywhere By Isaac Asabor", "SourceURL": "https://www.opinionnigeria.com/bwala-no-tinubu-cannot-govern-from-anywhere-by-isaac-asabor/", "EventCode": 3, "Tone": null}}, {"type": "Feature", "geometry": {"type": "Point", "coordinates": [7.53333, 9.08333]}, "properties": {"Title": "Bwala No Tinubu Cannot Govern From Anywhere By Isaac Asabor", "SourceURL": "https://www.opinionnigeria.com/bwala-no-tinubu-cannot-govern-from-anywhere-by-isaac-asabor/", "EventCode": 3, "Tone": null}}, {"type": "Feature", "geometry": {"type": "Point", "coordinates": [-86.158, 39.7684]}, "properties": {"Title": "Article 6443Ad9D 0450 4F85 A8F5 Ccf17Def209B", "SourceURL": "https://www.newsandtribune.com/news/baptist-health-floyd-president-mike-schroyer-receives-ihas-distinguished-service-award/article_6443ad9d-0450-4f85-a8f5-ccf17def209b.html", "EventCode": 1, "Tone": null}}, {"type": "Feature", "geometry": {"type": "Point", "coordinates": [26.0, -30.0]}, "properties": {"Title": "2026 10 08 Anti Immigrant Mob Is Fuelling A Dangerous Anti Constitutionalist Fire", "SourceURL": "https://www.dailymaverick.co.za/article/2026-10-08-anti-immigrant-mob-is-fuelling-a-dangerous-anti-constitutionalist-fire/", "EventCode": 3, "Tone": null}}, {"type": "Feature", "geometry": {"type": "Point", "coordinates": [-98.5795, 39.828175]}, "properties": {"Title": "2087358182 Us Suspends Green Card Processing For Major Indian It Firms", "SourceURL": "https://www.samaa.tv/2087358182-us-suspends-green-card-processing-for-major-indian-it-firms", "EventCode": 4, "Tone": null}}, {"type": "Feature", "geometry": {"type": "Point", "coordinates": [-95.4002, 29.8336]}, "properties": {"Title": "17 Year Old Mcdonalds Employee Stabbed To Death In Bathroom Juvenile Worker Detained", "SourceURL": "https://krcrtv.com/news/nation-world/17-year-old-mcdonalds-employee-stabbed-to-death-in-bathroom-juvenile-worker-detained", "EventCode": 4, "Tone": null}}, {"type": "Feature", "geometry": {"type": "Point", "coordinates": [7.53333, 9.08333]}, "properties": {"Title": "Bwala No Tinubu Cannot Govern From Anywhere By Isaac Asabor", "SourceURL": "https://www.opinionnigeria.com/bwala-no-tinubu-cannot-govern-from-anywhere-by-isaac-asabor/", "EventCode": 1, "Tone": null}}, {"type": "Feature", "geometry": {"type": "Point", "coordinates": [-77.0262, 38.8964]}, "properties": {"Title": "831738", "SourceURL": "https://www.utilitydive.com/news/dc-green-energy-mandate-renewable-solar-ratepayer/831738/", "EventCode": 2, "Tone": null}}, {"type": "Feature", "geometry": {"type": "Point", "coordinates": [-77.264, 40.5773]}, "properties": {"Title": "831738", "SourceURL": "https://www.utilitydive.com/news/dc-green-energy-mandate-renewable-solar-ratepayer/831738/", "EventCode": 2, "Tone": null}}, {"type": "Feature", "geometry": {"type": "Point", "coordinates": [51.25, 25.5]}, "properties": {"Title": "Awqaf Ministry Qatar Charity Sign Partnership On Humanitarian Work Collaboration", "SourceURL": "https://www.qatar-tribune.com/article/258232/latest-news/awqaf-ministry-qatar-charity-sign-partnership-on-humanitarian-work-collaboration", "EventCode": 1, "Tone": null}}, {"type": "Feature", "geometry": {"type": "Point", "coordinates": [7.53333, 9.08333]}, "properties": {"Title": "Nnpc Pushes Sustained Drilling To Meet Crude Production Target", "SourceURL": "https://leadership.ng/nnpc-pushes-sustained-drilling-to-meet-crude-production-target/", "EventCode": 2, "Tone": null}}, {"type": "Feature", "geometry": {"type": "Point", "coordinates": [30.5167, 50.4333]}, "properties": {"Title": "8209267", "SourceURL": "https://www.voanews.com/a/south-korea-recalls-its-ambassador-to-ukraine-over-north-korea/8209267.html", "EventCode": 1, "Tone": null}}, {"type": "Feature", "geometry": {"type": "Point", "coordinates": [30.5167, 50.4333]}, "properties": {"Title": "8209267", "SourceURL": "https://www.voanews.com/a/south-korea-recalls-its-ambassador-to-ukraine-over-north-korea/8209267.html", "EventCode": 1, "Tone": null}}, {"type": "Feature", "geometry": {"type": "Point", "coordinates": [21.1539, 54.4192]}, "properties": {"Title": "Ukraine Is Building Something Similar To Starlink Zelensky Claims Lets Hope It Fares Better Than Russias Disastrous Rassvet Launch", "SourceURL": "https://www.techradar.com/pro/ukraine-is-building-something-similar-to-starlink-zelensky-claims-lets-hope-it-fares-better-than-russias-disastrous-rassvet-launch", "EventCode": 3, "Tone": null}}, {"type": "Feature", "geometry": {"type": "Point", "coordinates": [32.0, 49.0]}, "properties": {"Title": "Ukraine Is Building Something Similar To Starlink Zelensky Claims Lets Hope It Fares Better Than Russias Disastrous Rassvet Launch", "SourceURL": "https://www.techradar.com/pro/ukraine-is-building-something-similar-to-starlink-zelensky-claims-lets-hope-it-fares-better-than-russias-disastrous-rassvet-launch", "EventCode": 3, "Tone": null}}, {"type": "Feature", "geometry": {"type": "Point", "coordinates": [21.1539, 54.4192]}, "properties": {"Title": "Ukraine Is Building Something Similar To Starlink Zelensky Claims Lets Hope It Fares Better Than Russias Disastrous Rassvet Launch", "SourceURL": "https://www.techradar.com/pro/ukraine-is-building-something-similar-to-starlink-zelensky-claims-lets-hope-it-fares-better-than-russias-disastrous-rassvet-launch", "EventCode": 4, "Tone": null}}, {"type": "Feature", "geometry": {"type": "Point", "coordinates": [-93.9196, 45.7326]}, "properties": {"Title": "Trump Minnesota 2678062874", "SourceURL": "https://www.rawstory.com/trump-minnesota-2678062874/", "EventCode": 4, "Tone": null}}, {"type": "Feature", "geometry": {"type": "Point", "coordinates": [48.0, 6.0]}, "properties": {"Title": "Trump Minnesota 2678062874", "SourceURL": "https://www.rawstory.com/trump-minnesota-2678062874/", "EventCode": 4, "Tone": null}}, {"type": "Feature", "geometry": {"type": "Point", "coordinates": [-93.2638, 44.98]}, "properties": {"Title": "Trump Minnesota 2678062874", "SourceURL": "https://www.rawstory.com/trump-minnesota-2678062874/", "EventCode": 4, "Tone": null}}, {"type": "Feature", "geometry": {"type": "Point", "coordinates": [30.5167, 50.4333]}, "properties": {"Title": "8209267", "SourceURL": "https://www.voanews.com/a/south-korea-recalls-its-ambassador-to-ukraine-over-north-korea/8209267.html", "EventCode": 1, "Tone": null}}, {"type": "Feature", "geometry": {"type": "Point", "coordinates": [22.0, 39.0]}, "properties": {"Title": "Rubio Silent On Claims Us Envoy To Greece Sought 100K From Donor", "SourceURL": "https://www.dailysabah.com/world/europe/rubio-silent-on-claims-us-envoy-to-greece-sought-100k-from-donor", "EventCode": 1, "Tone": null}}, {"type": "Feature", "geometry": {"type": "Point", "coordinates": [22.0, 39.0]}, "properties": {"Title": "Rubio Silent On Claims Us Envoy To Greece Sought 100K From Donor", "SourceURL": "https://www.dailysabah.com/world/europe/rubio-silent-on-claims-us-envoy-to-greece-sought-100k-from-donor", "EventCode": 1, "Tone": null}}, {"type": "Feature", "geometry": {"type": "Point", "coordinates": [-82.3535, 36.3134]}, "properties": {"Title": "Jcpd Chief Officer Terminated Within 24 Hours After Department Learned Of Investigation", "SourceURL": "https://wcyb.com/news/local/jcpd-chief-officer-terminated-within-24-hours-after-department-learned-of-investigation", "EventCode": 1, "Tone": null}}, {"type": "Feature", "geometry": {"type": "Point", "coordinates": [-93.2638, 44.98]}, "properties": {"Title": "Trump Minnesota 2678062874", "SourceURL": "https://www.rawstory.com/trump-minnesota-2678062874/", "EventCode": 1, "Tone": null}}, {"type": "Feature", "geometry": {"type": "Point", "coordinates": [-112.003, 32.0004]}, "properties": {"Title": "Retired Fbi Agent Says She Received Four Nancy Guthrie Bitcoin Ransom Emails", "SourceURL": "https://www.klif.com/2026/10/08/retired-fbi-agent-says-she-received-four-nancy-guthrie-bitcoin-ransom-emails/", "EventCode": 2, "Tone": null}}, {"type": "Feature", "geometry": {"type": "Point", "coordinates": [-81.717, 27.8333]}, "properties": {"Title": "Desantis Hold Press Conference Thursday Tallahassee", "SourceURL": "https://www.mysuncoast.com/2026/10/08/desantis-hold-press-conference-thursday-tallahassee/", "EventCode": 3, "Tone": null}}, {"type": "Feature", "geometry": {"type": "Point", "coordinates": [-0.116667, 51.5]}, "properties": {"Title": "Recalling A Forgotten Irish Revolutionary In Hartford S North End", "SourceURL": "https://www.irishecho.com/2026/10/recalling-a-forgotten-irish-revolutionary-in-hartford-s-north-end", "EventCode": 3, "Tone": null}}, {"type": "Feature", "geometry": {"type": "Point", "coordinates": [-81.717, 27.8333]}, "properties": {"Title": "Desantis Hold Press Conference Thursday Tallahassee", "SourceURL": "https://www.mysuncoast.com/2026/10/08/desantis-hold-press-conference-thursday-tallahassee/", "EventCode": 4, "Tone": null}}, {"type": "Feature", "geometry": {"type": "Point", "coordinates": [-0.116667, 51.5]}, "properties": {"Title": "Recalling A Forgotten Irish Revolutionary In Hartford S North End", "SourceURL": "https://www.irishecho.com/2026/10/recalling-a-forgotten-irish-revolutionary-in-hartford-s-north-end", "EventCode": 3, "Tone": null}}, {"type": "Feature", "geometry": {"type": "Point", "coordinates": [-106.237, 34.8375]}, "properties": {"Title": "Screwworm Confirmed Brewster County Dog Texas Pet Owners Are Urged Check Wounds", "SourceURL": "https://www.natureworldnews.com/articles/73477/20261008/screwworm-confirmed-brewster-county-dog-texas-pet-owners-are-urged-check-wounds.htm", "EventCode": 1, "Tone": null}}, {"type": "Feature", "geometry": {"type": "Point", "coordinates": [-106.237, 34.8375]}, "properties": {"Title": "Screwworm Confirmed Brewster County Dog Texas Pet Owners Are Urged Check Wounds", "SourceURL": "https://www.natureworldnews.com/articles/73477/20261008/screwworm-confirmed-brewster-county-dog-texas-pet-owners-are-urged-check-wounds.htm", "EventCode": 1, "Tone": null}}, {"type": "Feature", "geometry": {"type": "Point", "coordinates": [-115.978, 46.1449]}, "properties": {"Title": "Article 38Db7911 7222 47Ea A5Ac 5Bf825F100Af", "SourceURL": "http://www.rexburgstandardjournal.com/news/local/u-s-capitol-christmas-tree-to-tour-idaho/article_38db7911-7222-47ea-a5ac-5bf825f100af.html", "EventCode": 1, "Tone": null}}, {"type": "Feature", "geometry": {"type": "Point", "coordinates": [-114.51, 44.2394]}, "properties": {"Title": "Article 38Db7911 7222 47Ea A5Ac 5Bf825F100Af", "SourceURL": "http://www.rexburgstandardjournal.com/news/local/u-s-capitol-christmas-tree-to-tour-idaho/article_38db7911-7222-47ea-a5ac-5bf825f100af.html", "EventCode": 1, "Tone": null}}, {"type": "Feature", "geometry": {"type": "Point", "coordinates": [-111.388, 33.7712]}, "properties": {"Title": "Screwworm Confirmed Brewster County Dog Texas Pet Owners Are Urged Check Wounds", "SourceURL": "https://www.natureworldnews.com/articles/73477/20261008/screwworm-confirmed-brewster-county-dog-texas-pet-owners-are-urged-check-wounds.htm", "EventCode": 3, "Tone": null}}, {"type": "Feature", "geometry": {"type": "Point", "coordinates": [-121.571, 47.3917]}, "properties": {"Title": "Article 94A64586 6Bae 44A7 Aeed C24Da5230E71", "SourceURL": "https://www.nbcrightnow.com/news/flu-death-reported-in-walla-walla-as-cases-rise-early/article_94a64586-6bae-44a7-aeed-c24da5230e71.html", "EventCode": 1, "Tone": null}}, {"type": "Feature", "geometry": {"type": "Point", "coordinates": [46.9274, 39.991]}, "properties": {"Title": "4232356", "SourceURL": "https://www.trend.az/azerbaijan/4232356.html", "EventCode": 4, "Tone": null}}, {"type": "Feature", "geometry": {"type": "Point", "coordinates": [46.9274, 39.991]}, "properties": {"Title": "4232356", "SourceURL": "https://www.trend.az/azerbaijan/4232356.html", "EventCode": 4, "Tone": null}}, {"type": "Feature", "geometry": {"type": "Point", "coordinates": [135.0, -25.0]}, "properties": {"Title": "Us Freezes Microsoft Adobe Visas Over Alleged Fraud", "SourceURL": "https://www.theadvocate.com.au/story/9365366/us-freezes-microsoft-adobe-visas-over-alleged-fraud/", "EventCode": 1, "Tone": null}}, {"type": "Feature", "geometry": {"type": "Point", "coordinates": [53.0, 32.0]}, "properties": {"Title": "Uss Lincoln Returns Home", "SourceURL": "https://www.chicagotribune.com/2026/10/08/uss-lincoln-returns-home/", "EventCode": 1, "Tone": null}}, {"type": "Feature", "geometry": {"type": "Point", "coordinates": [53.0, 32.0]}, "properties": {"Title": "Uss Lincoln Returns Home", "SourceURL": "https://www.chicagotribune.com/2026/10/08/uss-lincoln-returns-home/", "EventCode": 1, "Tone": null}}, {"type": "Feature", "geometry": {"type": "Point", "coordinates": [-119.746, 36.17]}, "properties": {"Title": "Rubio Silent On Claims Us Envoy To Greece Sought 100K From Donor", "SourceURL": "https://www.dailysabah.com/world/europe/rubio-silent-on-claims-us-envoy-to-greece-sought-100k-from-donor", "EventCode": 1, "Tone": null}}, {"type": "Feature", "geometry": {"type": "Point", "coordinates": [22.0, 39.0]}, "properties": {"Title": "French Student Protesters Swarm Historic Bastille Site And Slam Education Leaders Pledge For Change As Hot Air", "SourceURL": "https://nypost.com/2026/10/08/world-news/french-student-protesters-swarm-historic-bastille-site-and-slam-education-leaders-pledge-for-change-as-hot-air/", "EventCode": 1, "Tone": null}}, {"type": "Feature", "geometry": {"type": "Point", "coordinates": [13.333333, 47.333333]}, "properties": {"Title": "French Student Protesters Swarm Historic Bastille Site And Slam Education Leaders Pledge For Change As Hot Air", "SourceURL": "https://nypost.com/2026/10/08/world-news/french-student-protesters-swarm-historic-bastille-site-and-slam-education-leaders-pledge-for-change-as-hot-air/", "EventCode": 1, "Tone": null}}, {"type": "Feature", "geometry": {"type": "Point", "coordinates": [13.333333, 47.333333]}, "properties": {"Title": "French Student Protesters Swarm Historic Bastille Site And Slam Education Leaders Pledge For Change As Hot Air", "SourceURL": "https://nypost.com/2026/10/08/world-news/french-student-protesters-swarm-historic-bastille-site-and-slam-education-leaders-pledge-for-change-as-hot-air/", "EventCode": 1, "Tone": null}}, {"type": "Feature", "geometry": {"type": "Point", "coordinates": [22.0, 39.0]}, "properties": {"Title": "French Student Protesters Swarm Historic Bastille Site And Slam Education Leaders Pledge For Change As Hot Air", "SourceURL": "https://nypost.com/2026/10/08/world-news/french-student-protesters-swarm-historic-bastille-site-and-slam-education-leaders-pledge-for-change-as-hot-air/", "EventCode": 3, "Tone": null}}, {"type": "Feature", "geometry": {"type": "Point", "coordinates": [13.333333, 47.333333]}, "properties": {"Title": "French Student Protesters Swarm Historic Bastille Site And Slam Education Leaders Pledge For Change As Hot Air", "SourceURL": "https://nypost.com/2026/10/08/world-news/french-student-protesters-swarm-historic-bastille-site-and-slam-education-leaders-pledge-for-change-as-hot-air/", "EventCode": 3, "Tone": null}}, {"type": "Feature", "geometry": {"type": "Point", "coordinates": [13.333333, 47.333333]}, "properties": {"Title": "French Student Protesters Swarm Historic Bastille Site And Slam Education Leaders Pledge For Change As Hot Air", "SourceURL": "https://nypost.com/2026/10/08/world-news/french-student-protesters-swarm-historic-bastille-site-and-slam-education-leaders-pledge-for-change-as-hot-air/", "EventCode": 3, "Tone": null}}, {"type": "Feature", "geometry": {"type": "Point", "coordinates": [-93.214, 42.0046]}, "properties": {"Title": "Camp Dodge Military Museum Nurses Exhibit", "SourceURL": "https://www.iowapublicradio.org/arts-life/2026-10-08/camp-dodge-military-museum-nurses-exhibit", "EventCode": 1, "Tone": null}}, {"type": "Feature", "geometry": {"type": "Point", "coordinates": [80.3833, 22.6]}, "properties": {"Title": "Two Year Old Tiger Rescued From House Courtyard In Mandla Village", "SourceURL": "https://www.freepressjournal.in/bhopal/two-year-old-tiger-rescued-from-house-courtyard-in-mandla-village", "EventCode": 1, "Tone": null}}, {"type": "Feature", "geometry": {"type": "Point", "coordinates": [80.3833, 22.6]}, "properties": {"Title": "Two Year Old Tiger Rescued From House Courtyard In Mandla Village", "SourceURL": "https://www.freepressjournal.in/bhopal/two-year-old-tiger-rescued-from-house-courtyard-in-mandla-village", "EventCode": 1, "Tone": null}}, {"type": "Feature", "geometry": {"type": "Point", "coordinates": [35.1397, 33.1181]}, "properties": {"Title": "Article 911108", "SourceURL": "http://www.jpost.com/israel-news/defense-news/article-911108", "EventCode": 2, "Tone": null}}, {"type": "Feature", "geometry": {"type": "Point", "coordinates": [34.75, 31.5]}, "properties": {"Title": "Article 911108", "SourceURL": "http://www.jpost.com/israel-news/defense-news/article-911108", "EventCode": 2, "Tone": null}}, {"type": "Feature", "geometry": {"type": "Point", "coordinates": [-98.5795, 39.828175]}, "properties": {"Title": "Respiratory Care Devices Market To Hit Us 36 7 Bn By 2031 Wissen Research 302902993", "SourceURL": "http://www.prnewswire.com/news-releases/respiratory-care-devices-market-to-hit-us-36-7-bn-by-2031-wissen-research-302902993.html", "EventCode": 2, "Tone": null}}, {"type": "Feature", "geometry": {"type": "Point", "coordinates": [26.0, -30.0]}, "properties": {"Title": "2026 10 08 Anti Immigrant Mob Is Fuelling A Dangerous Anti Constitutionalist Fire", "SourceURL": "https://www.dailymaverick.co.za/article/2026-10-08-anti-immigrant-mob-is-fuelling-a-dangerous-anti-constitutionalist-fire/", "EventCode": 3, "Tone": null}}, {"type": "Feature", "geometry": {"type": "Point", "coordinates": [-93.214, 42.0046]}, "properties": {"Title": "Camp Dodge Military Museum Nurses Exhibit", "SourceURL": "https://www.iowapublicradio.org/arts-life/2026-10-08/camp-dodge-military-museum-nurses-exhibit", "EventCode": 4, "Tone": null}}, {"type": "Feature", "geometry": {"type": "Point", "coordinates": [31.0167, -29.85]}, "properties": {"Title": "2026 10 08 Violence Durban", "SourceURL": "https://www.dailymaverick.co.za/article/2026-10-08-violence-durban/", "EventCode": 1, "Tone": null}}, {"type": "Feature", "geometry": {"type": "Point", "coordinates": [-72.416667, 19.0]}, "properties": {"Title": "Medicaid Changes Impact Nebraska Refugees Asylum Seekers", "SourceURL": "https://www.wowt.com/2026/10/08/medicaid-changes-impact-nebraska-refugees-asylum-seekers/", "EventCode": 2, "Tone": null}}, {"type": "Feature", "geometry": {"type": "Point", "coordinates": [8.0, 10.0]}, "properties": {"Title": "What Tennessees Botched Execution Should Teach Nigeria About The Death Penalty By Damian Ugwu", "SourceURL": "https://www.opinionnigeria.com/what-tennessees-botched-execution-should-teach-nigeria-about-the-death-penalty-by-damian-ugwu/", "EventCode": 3, "Tone": null}}, {"type": "Feature", "geometry": {"type": "Point", "coordinates": [8.0, 10.0]}, "properties": {"Title": "What Tennessees Botched Execution Should Teach Nigeria About The Death Penalty By Damian Ugwu", "SourceURL": "https://www.opinionnigeria.com/what-tennessees-botched-execution-should-teach-nigeria-about-the-death-penalty-by-damian-ugwu/", "EventCode": 3, "Tone": null}}, {"type": "Feature", "geometry": {"type": "Point", "coordinates": [35.1397, 33.1181]}, "properties": {"Title": "Article 911108", "SourceURL": "http://www.jpost.com/israel-news/defense-news/article-911108", "EventCode": 2, "Tone": null}}, {"type": "Feature", "geometry": {"type": "Point", "coordinates": [34.75, 31.5]}, "properties": {"Title": "Article 911108", "SourceURL": "http://www.jpost.com/israel-news/defense-news/article-911108", "EventCode": 2, "Tone": null}}, {"type": "Feature", "geometry": {"type": "Point", "coordinates": [8.0, 10.0]}, "properties": {"Title": "What Tennessees Botched Execution Should Teach Nigeria About The Death Penalty By Damian Ugwu", "SourceURL": "https://www.opinionnigeria.com/what-tennessees-botched-execution-should-teach-nigeria-about-the-death-penalty-by-damian-ugwu/", "EventCode": 1, "Tone": null}}, {"type": "Feature", "geometry": {"type": "Point", "coordinates": [34.0, 45.0]}, "properties": {"Title": "The Shell Leaks Files 8 October 2026", "SourceURL": "https://royaldutchshellplc.com/2026/10/08/the-shell-leaks-files-8-october-2026/", "EventCode": 1, "Tone": null}}, {"type": "Feature", "geometry": {"type": "Point", "coordinates": [37.6156, 55.7522]}, "properties": {"Title": "The Shell Leaks Files 8 October 2026", "SourceURL": "https://royaldutchshellplc.com/2026/10/08/the-shell-leaks-files-8-october-2026/", "EventCode": 1, "Tone": null}}, {"type": "Feature", "geometry": {"type": "Point", "coordinates": [34.0, 45.0]}, "properties": {"Title": "The Shell Leaks Files 8 October 2026", "SourceURL": "https://royaldutchshellplc.com/2026/10/08/the-shell-leaks-files-8-october-2026/", "EventCode": 1, "Tone": null}}, {"type": "Feature", "geometry": {"type": "Point", "coordinates": [37.6156, 55.7522]}, "properties": {"Title": "Black Sea Enters New Era Why Turkiye Will Shape What Comes Next", "SourceURL": "https://www.dailysabah.com/opinion/op-ed/black-sea-enters-new-era-why-turkiye-will-shape-what-comes-next", "EventCode": 2, "Tone": null}}, {"type": "Feature", "geometry": {"type": "Point", "coordinates": [37.6156, 55.7522]}, "properties": {"Title": "Black Sea Enters New Era Why Turkiye Will Shape What Comes Next", "SourceURL": "https://www.dailysabah.com/opinion/op-ed/black-sea-enters-new-era-why-turkiye-will-shape-what-comes-next", "EventCode": 2, "Tone": null}}, {"type": "Feature", "geometry": {"type": "Point", "coordinates": [37.6156, 55.7522]}, "properties": {"Title": "Black Sea Enters New Era Why Turkiye Will Shape What Comes Next", "SourceURL": "https://www.dailysabah.com/opinion/op-ed/black-sea-enters-new-era-why-turkiye-will-shape-what-comes-next", "EventCode": 2, "Tone": null}}, {"type": "Feature", "geometry": {"type": "Point", "coordinates": [77.2167, 28.6667]}, "properties": {"Title": "8220We Decided Collectively8221 Satabdi Roy Says Ncpi Mps Seek Two Week Extension From Speaker20261008222115", "SourceURL": "https://aninews.in/news/national/general-news/8220we-decided-collectively8221-satabdi-roy-says-ncpi-mps-seek-two-week-extension-from-speaker20261008222115/", "EventCode": 1, "Tone": null}}, {"type": "Feature", "geometry": {"type": "Point", "coordinates": [55.28, 25.2522]}, "properties": {"Title": "134799022.Cms", "SourceURL": "https://www.educationtimes.com/news/iim-ahmedabads-dubai-campus-launches-2-year-executive-mba/articleshow/134799022.cms", "EventCode": 1, "Tone": null}}, {"type": "Feature", "geometry": {"type": "Point", "coordinates": [75.8333, 22.7167]}, "properties": {"Title": "Two Throw Liquor Like Substance At A Woman Held In Indore", "SourceURL": "https://www.freepressjournal.in/indore/two-throw-liquor-like-substance-at-a-woman-held-in-indore", "EventCode": 4, "Tone": null}}, {"type": "Feature", "geometry": {"type": "Point", "coordinates": [77.4, 23.2667]}, "properties": {"Title": "Two Year Old Tiger Rescued From House Courtyard In Mandla Village", "SourceURL": "https://www.freepressjournal.in/bhopal/two-year-old-tiger-rescued-from-house-courtyard-in-mandla-village", "EventCode": 2, "Tone": null}}, {"type": "Feature", "geometry": {"type": "Point", "coordinates": [79.95, 23.1667]}, "properties": {"Title": "Two Year Old Tiger Rescued From House Courtyard In Mandla Village", "SourceURL": "https://www.freepressjournal.in/bhopal/two-year-old-tiger-rescued-from-house-courtyard-in-mandla-village", "EventCode": 2, "Tone": null}}, {"type": "Feature", "geometry": {"type": "Point", "coordinates": [77.4, 23.2667]}, "properties": {"Title": "Two Year Old Tiger Rescued From House Courtyard In Mandla Village", "SourceURL": "https://www.freepressjournal.in/bhopal/two-year-old-tiger-rescued-from-house-courtyard-in-mandla-village", "EventCode": 4, "Tone": null}}, {"type": "Feature", "geometry": {"type": "Point", "coordinates": [80.3833, 22.6]}, "properties": {"Title": "Two Year Old Tiger Rescued From House Courtyard In Mandla Village", "SourceURL": "https://www.freepressjournal.in/bhopal/two-year-old-tiger-rescued-from-house-courtyard-in-mandla-village", "EventCode": 4, "Tone": null}}, {"type": "Feature", "geometry": {"type": "Point", "coordinates": [81.85, 25.45]}, "properties": {"Title": "407549", "SourceURL": "https://tv.rediff.com/news/allahabad-high-court-sets-aside-1986-rape-conviction/407549", "EventCode": 2, "Tone": null}}, {"type": "Feature", "geometry": {"type": "Point", "coordinates": [44.3939, 33.3386]}, "properties": {"Title": "Iran Celebrated Us Exit But It May Lose Iraq", "SourceURL": "https://www.dailysabah.com/opinion/op-ed/iran-celebrated-us-exit-but-it-may-lose-iraq", "EventCode": 1, "Tone": null}}, {"type": "Feature", "geometry": {"type": "Point", "coordinates": [53.0, 32.0]}, "properties": {"Title": "U S Senate Debate Ashley Hinson Josh Turek", "SourceURL": "https://www.iowapublicradio.org/political-news/2026-10-08/u-s-senate-debate-ashley-hinson-josh-turek", "EventCode": 1, "Tone": null}}, {"type": "Feature", "geometry": {"type": "Point", "coordinates": [45.4329, 35.565]}, "properties": {"Title": "Iran Celebrated Us Exit But It May Lose Iraq", "SourceURL": "https://www.dailysabah.com/opinion/op-ed/iran-celebrated-us-exit-but-it-may-lose-iraq", "EventCode": 4, "Tone": null}}, {"type": "Feature", "geometry": {"type": "Point", "coordinates": [44.3939, 33.3386]}, "properties": {"Title": "Iran Celebrated Us Exit But It May Lose Iraq", "SourceURL": "https://www.dailysabah.com/opinion/op-ed/iran-celebrated-us-exit-but-it-may-lose-iraq", "EventCode": 1, "Tone": null}}, {"type": "Feature", "geometry": {"type": "Point", "coordinates": [53.0, 32.0]}, "properties": {"Title": "Uss Lincoln Returns Home", "SourceURL": "https://www.chicagotribune.com/2026/10/08/uss-lincoln-returns-home/", "EventCode": 1, "Tone": null}}, {"type": "Feature", "geometry": {"type": "Point", "coordinates": [51.5148, 35.75]}, "properties": {"Title": "Iran Celebrated Us Exit But It May Lose Iraq", "SourceURL": "https://www.dailysabah.com/opinion/op-ed/iran-celebrated-us-exit-but-it-may-lose-iraq", "EventCode": 1, "Tone": null}}, {"type": "Feature", "geometry": {"type": "Point", "coordinates": [51.5148, 35.75]}, "properties": {"Title": "Iran Celebrated Us Exit But It May Lose Iraq", "SourceURL": "https://www.dailysabah.com/opinion/op-ed/iran-celebrated-us-exit-but-it-may-lose-iraq", "EventCode": 1, "Tone": null}}, {"type": "Feature", "geometry": {"type": "Point", "coordinates": [44.3939, 33.3386]}, "properties": {"Title": "Iran Celebrated Us Exit But It May Lose Iraq", "SourceURL": "https://www.dailysabah.com/opinion/op-ed/iran-celebrated-us-exit-but-it-may-lose-iraq", "EventCode": 1, "Tone": null}}, {"type": "Feature", "geometry": {"type": "Point", "coordinates": [-77.0364, 38.8951]}, "properties": {"Title": "Iran Celebrated Us Exit But It May Lose Iraq", "SourceURL": "https://www.dailysabah.com/opinion/op-ed/iran-celebrated-us-exit-but-it-may-lose-iraq", "EventCode": 3, "Tone": null}}, {"type": "Feature", "geometry": {"type": "Point", "coordinates": [50.2055, 30.6693]}, "properties": {"Title": "Iran Celebrated Us Exit But It May Lose Iraq", "SourceURL": "https://www.dailysabah.com/opinion/op-ed/iran-celebrated-us-exit-but-it-may-lose-iraq", "EventCode": 1, "Tone": null}}, {"type": "Feature", "geometry": {"type": "Point", "coordinates": [44.3939, 33.3386]}, "properties": {"Title": "Iran Celebrated Us Exit But It May Lose Iraq", "SourceURL": "https://www.dailysabah.com/opinion/op-ed/iran-celebrated-us-exit-but-it-may-lose-iraq", "EventCode": 3, "Tone": null}}, {"type": "Feature", "geometry": {"type": "Point", "coordinates": [-77.0364, 38.8951]}, "properties": {"Title": "U S Senate Debate Ashley Hinson Josh Turek", "SourceURL": "https://www.iowapublicradio.org/political-news/2026-10-08/u-s-senate-debate-ashley-hinson-josh-turek", "EventCode": 1, "Tone": null}}, {"type": "Feature", "geometry": {"type": "Point", "coordinates": [50.2055, 30.6693]}, "properties": {"Title": "Iran Celebrated Us Exit But It May Lose Iraq", "SourceURL": "https://www.dailysabah.com/opinion/op-ed/iran-celebrated-us-exit-but-it-may-lose-iraq", "EventCode": 1, "Tone": null}}, {"type": "Feature", "geometry": {"type": "Point", "coordinates": [51.5148, 35.75]}, "properties": {"Title": "Iran Celebrated Us Exit But It May Lose Iraq", "SourceURL": "https://www.dailysabah.com/opinion/op-ed/iran-celebrated-us-exit-but-it-may-lose-iraq", "EventCode": 1, "Tone": null}}, {"type": "Feature", "geometry": {"type": "Point", "coordinates": [44.3939, 33.3386]}, "properties": {"Title": "Iran Celebrated Us Exit But It May Lose Iraq", "SourceURL": "https://www.dailysabah.com/opinion/op-ed/iran-celebrated-us-exit-but-it-may-lose-iraq", "EventCode": 3, "Tone": null}}, {"type": "Feature", "geometry": {"type": "Point", "coordinates": [51.5148, 35.75]}, "properties": {"Title": "Iran Celebrated Us Exit But It May Lose Iraq", "SourceURL": "https://www.dailysabah.com/opinion/op-ed/iran-celebrated-us-exit-but-it-may-lose-iraq", "EventCode": 3, "Tone": null}}, {"type": "Feature", "geometry": {"type": "Point", "coordinates": [-93.214, 42.0046]}, "properties": {"Title": "U S Senate Debate Ashley Hinson Josh Turek", "SourceURL": "https://www.iowapublicradio.org/political-news/2026-10-08/u-s-senate-debate-ashley-hinson-josh-turek", "EventCode": 1, "Tone": null}}, {"type": "Feature", "geometry": {"type": "Point", "coordinates": [53.0, 32.0]}, "properties": {"Title": "Trump Backtracks Take Out Los Angeles San Diego Fake News", "SourceURL": "https://www.thewrap.com/media-platforms/politics/trump-backtracks-take-out-los-angeles-san-diego-fake-news/", "EventCode": 1, "Tone": null}}, {"type": "Feature", "geometry": {"type": "Point", "coordinates": [53.0, 32.0]}, "properties": {"Title": "Trump Backtracks Take Out Los Angeles San Diego Fake News", "SourceURL": "https://www.thewrap.com/media-platforms/politics/trump-backtracks-take-out-los-angeles-san-diego-fake-news/", "EventCode": 1, "Tone": null}}, {"type": "Feature", "geometry": {"type": "Point", "coordinates": [53.0, 32.0]}, "properties": {"Title": "Uss Lincoln Returns Home", "SourceURL": "https://www.chicagotribune.com/2026/10/08/uss-lincoln-returns-home/", "EventCode": 1, "Tone": null}}, {"type": "Feature", "geometry": {"type": "Point", "coordinates": [53.0, 32.0]}, "properties": {"Title": "Uss Lincoln Returns Home", "SourceURL": "https://www.chicagotribune.com/2026/10/08/uss-lincoln-returns-home/", "EventCode": 1, "Tone": null}}, {"type": "Feature", "geometry": {"type": "Point", "coordinates": [44.3939, 33.3386]}, "properties": {"Title": "Iran Celebrated Us Exit But It May Lose Iraq", "SourceURL": "https://www.dailysabah.com/opinion/op-ed/iran-celebrated-us-exit-but-it-may-lose-iraq", "EventCode": 3, "Tone": null}}, {"type": "Feature", "geometry": {"type": "Point", "coordinates": [45.4329, 35.565]}, "properties": {"Title": "Iran Celebrated Us Exit But It May Lose Iraq", "SourceURL": "https://www.dailysabah.com/opinion/op-ed/iran-celebrated-us-exit-but-it-may-lose-iraq", "EventCode": 4, "Tone": null}}, {"type": "Feature", "geometry": {"type": "Point", "coordinates": [45.4329, 35.565]}, "properties": {"Title": "Iran Celebrated Us Exit But It May Lose Iraq", "SourceURL": "https://www.dailysabah.com/opinion/op-ed/iran-celebrated-us-exit-but-it-may-lose-iraq", "EventCode": 4, "Tone": null}}, {"type": "Feature", "geometry": {"type": "Point", "coordinates": [51.5148, 35.75]}, "properties": {"Title": "Iran Celebrated Us Exit But It May Lose Iraq", "SourceURL": "https://www.dailysabah.com/opinion/op-ed/iran-celebrated-us-exit-but-it-may-lose-iraq", "EventCode": 4, "Tone": null}}, {"type": "Feature", "geometry": {"type": "Point", "coordinates": [51.5148, 35.75]}, "properties": {"Title": "Iran Celebrated Us Exit But It May Lose Iraq", "SourceURL": "https://www.dailysabah.com/opinion/op-ed/iran-celebrated-us-exit-but-it-may-lose-iraq", "EventCode": 4, "Tone": null}}, {"type": "Feature", "geometry": {"type": "Point", "coordinates": [47.0, 32.0]}, "properties": {"Title": "Iran Celebrated Us Exit But It May Lose Iraq", "SourceURL": "https://www.dailysabah.com/opinion/op-ed/iran-celebrated-us-exit-but-it-may-lose-iraq", "EventCode": 1, "Tone": null}}, {"type": "Feature", "geometry": {"type": "Point", "coordinates": [44.3939, 33.3386]}, "properties": {"Title": "Iran Celebrated Us Exit But It May Lose Iraq", "SourceURL": "https://www.dailysabah.com/opinion/op-ed/iran-celebrated-us-exit-but-it-may-lose-iraq", "EventCode": 1, "Tone": null}}, {"type": "Feature", "geometry": {"type": "Point", "coordinates": [44.3939, 33.3386]}, "properties": {"Title": "Iran Celebrated Us Exit But It May Lose Iraq", "SourceURL": "https://www.dailysabah.com/opinion/op-ed/iran-celebrated-us-exit-but-it-may-lose-iraq", "EventCode": 1, "Tone": null}}, {"type": "Feature", "geometry": {"type": "Point", "coordinates": [47.0, 32.0]}, "properties": {"Title": "Iran Celebrated Us Exit But It May Lose Iraq", "SourceURL": "https://www.dailysabah.com/opinion/op-ed/iran-celebrated-us-exit-but-it-may-lose-iraq", "EventCode": 1, "Tone": null}}, {"type": "Feature", "geometry": {"type": "Point", "coordinates": [51.5148, 35.75]}, "properties": {"Title": "Iran Celebrated Us Exit But It May Lose Iraq", "SourceURL": "https://www.dailysabah.com/opinion/op-ed/iran-celebrated-us-exit-but-it-may-lose-iraq", "EventCode": 3, "Tone": null}}, {"type": "Feature", "geometry": {"type": "Point", "coordinates": [34.3333, 31.4167]}, "properties": {"Title": "1594647 Gaza Israel", "SourceURL": "https://www.rte.ie/news/world/2026/1008/1594647-gaza-israel/", "EventCode": 2, "Tone": null}}, {"type": "Feature", "geometry": {"type": "Point", "coordinates": [35.5333, 32.45]}, "properties": {"Title": "1594647 Gaza Israel", "SourceURL": "https://www.rte.ie/news/world/2026/1008/1594647-gaza-israel/", "EventCode": 3, "Tone": null}}, {"type": "Feature", "geometry": {"type": "Point", "coordinates": [34.3333, 31.4167]}, "properties": {"Title": "1594647 Gaza Israel", "SourceURL": "https://www.rte.ie/news/world/2026/1008/1594647-gaza-israel/", "EventCode": 3, "Tone": null}}, {"type": "Feature", "geometry": {"type": "Point", "coordinates": [34.3333, 31.4167]}, "properties": {"Title": "1594647 Gaza Israel", "SourceURL": "https://www.rte.ie/news/world/2026/1008/1594647-gaza-israel/", "EventCode": 2, "Tone": null}}, {"type": "Feature", "geometry": {"type": "Point", "coordinates": [34.7667, 32.0667]}, "properties": {"Title": "Article 911106", "SourceURL": "http://www.jpost.com/israel-news/article-911106", "EventCode": 1, "Tone": null}}, {"type": "Feature", "geometry": {"type": "Point", "coordinates": [34.7667, 32.0667]}, "properties": {"Title": "Article 911106", "SourceURL": "http://www.jpost.com/israel-news/article-911106", "EventCode": 1, "Tone": null}}, {"type": "Feature", "geometry": {"type": "Point", "coordinates": [35.5333, 32.45]}, "properties": {"Title": "1594647 Gaza Israel", "SourceURL": "https://www.rte.ie/news/world/2026/1008/1594647-gaza-israel/", "EventCode": 3, "Tone": null}}, {"type": "Feature", "geometry": {"type": "Point", "coordinates": [34.3333, 31.4167]}, "properties": {"Title": "1594647 Gaza Israel", "SourceURL": "https://www.rte.ie/news/world/2026/1008/1594647-gaza-israel/", "EventCode": 3, "Tone": null}}, {"type": "Feature", "geometry": {"type": "Point", "coordinates": [12.4833, 41.9]}, "properties": {"Title": "News", "SourceURL": "https://www.myspiritfm.com/News?view=post&blogid=Catholic%2DNews&articleid=304923", "EventCode": 1, "Tone": null}}, {"type": "Feature", "geometry": {"type": "Point", "coordinates": [36.3, 33.5]}, "properties": {"Title": "Turkish Intelligence Chief Discusses Sdf Integration With Syrian Fm", "SourceURL": "https://www.dailysabah.com/politics/diplomacy/turkish-intelligence-chief-discusses-sdf-integration-with-syrian-fm", "EventCode": 2, "Tone": null}}, {"type": "Feature", "geometry": {"type": "Point", "coordinates": [34.75, 31.5]}, "properties": {"Title": "Turkish Intelligence Chief Discusses Sdf Integration With Syrian Fm", "SourceURL": "https://www.dailysabah.com/politics/diplomacy/turkish-intelligence-chief-discusses-sdf-integration-with-syrian-fm", "EventCode": 2, "Tone": null}}, {"type": "Feature", "geometry": {"type": "Point", "coordinates": [32.8644, 39.9272]}, "properties": {"Title": "Turkish Intelligence Chief Discusses Sdf Integration With Syrian Fm", "SourceURL": "https://www.dailysabah.com/politics/diplomacy/turkish-intelligence-chief-discusses-sdf-integration-with-syrian-fm", "EventCode": 2, "Tone": null}}, {"type": "Feature", "geometry": {"type": "Point", "coordinates": [36.3, 33.5]}, "properties": {"Title": "Turkish Intelligence Chief Discusses Sdf Integration With Syrian Fm", "SourceURL": "https://www.dailysabah.com/politics/diplomacy/turkish-intelligence-chief-discusses-sdf-integration-with-syrian-fm", "EventCode": 1, "Tone": null}}, {"type": "Feature", "geometry": {"type": "Point", "coordinates": [36.3, 33.5]}, "properties": {"Title": "Turkish Intelligence Chief Discusses Sdf Integration With Syrian Fm", "SourceURL": "https://www.dailysabah.com/politics/diplomacy/turkish-intelligence-chief-discusses-sdf-integration-with-syrian-fm", "EventCode": 1, "Tone": null}}, {"type": "Feature", "geometry": {"type": "Point", "coordinates": [72.6167, 23.0333]}, "properties": {"Title": "Mumbai Nclt Tops India With 35 Resolution Plans Worth Over 4189 Crore In Q2 Fy2026 27", "SourceURL": "https://www.freepressjournal.in/mumbai/mumbai-nclt-tops-india-with-35-resolution-plans-worth-over-4189-crore-in-q2-fy2026-27", "EventCode": 1, "Tone": null}}, {"type": "Feature", "geometry": {"type": "Point", "coordinates": [26.0, -30.0]}, "properties": {"Title": "2026 10 08 Hate Speech", "SourceURL": "https://www.dailymaverick.co.za/article/2026-10-08-hate-speech/", "EventCode": 1, "Tone": null}}, {"type": "Feature", "geometry": {"type": "Point", "coordinates": [8.0, 10.0]}, "properties": {"Title": "What Tennessees Botched Execution Should Teach Nigeria About The Death Penalty By Damian Ugwu", "SourceURL": "https://www.opinionnigeria.com/what-tennessees-botched-execution-should-teach-nigeria-about-the-death-penalty-by-damian-ugwu/", "EventCode": 1, "Tone": null}}, {"type": "Feature", "geometry": {"type": "Point", "coordinates": [72.8258, 18.975]}, "properties": {"Title": "Mumbai Special Nia Court Bars Physical Production Of Isis Linked Accused After He Allegedly Threatened And Abused Judge", "SourceURL": "https://www.freepressjournal.in/mumbai/mumbai-special-nia-court-bars-physical-production-of-isis-linked-accused-after-he-allegedly-threatened-and-abused-judge", "EventCode": 2, "Tone": null}}, {"type": "Feature", "geometry": {"type": "Point", "coordinates": [81.85, 25.45]}, "properties": {"Title": "407549", "SourceURL": "https://tv.rediff.com/news/allahabad-high-court-sets-aside-1986-rape-conviction/407549", "EventCode": 2, "Tone": null}}, {"type": "Feature", "geometry": {"type": "Point", "coordinates": [72.8333, 18.9667]}, "properties": {"Title": "Mumbai Special Nia Court Bars Physical Production Of Isis Linked Accused After He Allegedly Threatened And Abused Judge", "SourceURL": "https://www.freepressjournal.in/mumbai/mumbai-special-nia-court-bars-physical-production-of-isis-linked-accused-after-he-allegedly-threatened-and-abused-judge", "EventCode": 3, "Tone": null}}, {"type": "Feature", "geometry": {"type": "Point", "coordinates": [26.0, -30.0]}, "properties": {"Title": "2026 10 08 Hate Speech", "SourceURL": "https://www.dailymaverick.co.za/article/2026-10-08-hate-speech/", "EventCode": 1, "Tone": null}}, {"type": "Feature", "geometry": {"type": "Point", "coordinates": [-74.9384, 42.1497]}, "properties": {"Title": "Shell Exxon And Bp Defeat New York City Greenwashing Appeal", "SourceURL": "https://royaldutchshellplc.com/2026/10/08/shell-exxon-and-bp-defeat-new-york-city-greenwashing-appeal/", "EventCode": 3, "Tone": null}}, {"type": "Feature", "geometry": {"type": "Point", "coordinates": [-73.6412, 40.6587]}, "properties": {"Title": "News", "SourceURL": "https://www.myspiritfm.com/News?view=post&blogid=Catholic%2DNews&articleid=304920", "EventCode": 1, "Tone": null}}, {"type": "Feature", "geometry": {"type": "Point", "coordinates": [-74.9384, 42.1497]}, "properties": {"Title": "News", "SourceURL": "https://www.myspiritfm.com/News?view=post&blogid=Catholic%2DNews&articleid=304920", "EventCode": 1, "Tone": null}}, {"type": "Feature", "geometry": {"type": "Point", "coordinates": [70.0, 30.0]}, "properties": {"Title": "2087358184 Achakzai Halts Opposition Talks With Govt Until Meeting With Imran Khan", "SourceURL": "https://www.samaa.tv/2087358184-achakzai-halts-opposition-talks-with-govt-until-meeting-with-imran-khan", "EventCode": 1, "Tone": null}}, {"type": "Feature", "geometry": {"type": "Point", "coordinates": [70.0, 30.0]}, "properties": {"Title": "2087358184 Achakzai Halts Opposition Talks With Govt Until Meeting With Imran Khan", "SourceURL": "https://www.samaa.tv/2087358184-achakzai-halts-opposition-talks-with-govt-until-meeting-with-imran-khan", "EventCode": 1, "Tone": null}}, {"type": "Feature", "geometry": {"type": "Point", "coordinates": [-87.6501, 41.85]}, "properties": {"Title": "News", "SourceURL": "https://www.myspiritfm.com/News?view=post&blogid=Catholic%2DNews&articleid=304920", "EventCode": 1, "Tone": null}}, {"type": "Feature", "geometry": {"type": "Point", "coordinates": [100.0, 60.0]}, "properties": {"Title": "News:923799:Chairs Of Supreme Courts Of Kyrgyzstan And Russia Discuss Bilateral Cooperation In Minsk", "SourceURL": "https://akipress.com/news:923799:Chairs_of_Supreme_Courts_of_Kyrgyzstan_and_Russia_discuss_bilateral_cooperation_in_Minsk/", "EventCode": 1, "Tone": null}}, {"type": "Feature", "geometry": {"type": "Point", "coordinates": [100.0, 60.0]}, "properties": {"Title": "News:923799:Chairs Of Supreme Courts Of Kyrgyzstan And Russia Discuss Bilateral Cooperation In Minsk", "SourceURL": "https://akipress.com/news:923799:Chairs_of_Supreme_Courts_of_Kyrgyzstan_and_Russia_discuss_bilateral_cooperation_in_Minsk/", "EventCode": 1, "Tone": null}}, {"type": "Feature", "geometry": {"type": "Point", "coordinates": [100.0, 60.0]}, "properties": {"Title": "News:923799:Chairs Of Supreme Courts Of Kyrgyzstan And Russia Discuss Bilateral Cooperation In Minsk", "SourceURL": "https://akipress.com/news:923799:Chairs_of_Supreme_Courts_of_Kyrgyzstan_and_Russia_discuss_bilateral_cooperation_in_Minsk/", "EventCode": 1, "Tone": null}}, {"type": "Feature", "geometry": {"type": "Point", "coordinates": [27.5667, 53.9]}, "properties": {"Title": "News:923799:Chairs Of Supreme Courts Of Kyrgyzstan And Russia Discuss Bilateral Cooperation In Minsk", "SourceURL": "https://akipress.com/news:923799:Chairs_of_Supreme_Courts_of_Kyrgyzstan_and_Russia_discuss_bilateral_cooperation_in_Minsk/", "EventCode": 1, "Tone": null}}, {"type": "Feature", "geometry": {"type": "Point", "coordinates": [-80.1937, 25.7743]}, "properties": {"Title": "Drew Continues Cabinet Meetings During Stroke Recovery", "SourceURL": "https://zizonline.com/drew-continues-cabinet-meetings-during-stroke-recovery/", "EventCode": 1, "Tone": null}}, {"type": "Feature", "geometry": {"type": "Point", "coordinates": [-81.717, 27.8333]}, "properties": {"Title": "Drew Continues Cabinet Meetings During Stroke Recovery", "SourceURL": "https://zizonline.com/drew-continues-cabinet-meetings-during-stroke-recovery/", "EventCode": 1, "Tone": null}}, {"type": "Feature", "geometry": {"type": "Point", "coordinates": [127.0, 40.0]}, "properties": {"Title": "8209267", "SourceURL": "https://www.voanews.com/a/south-korea-recalls-its-ambassador-to-ukraine-over-north-korea/8209267.html", "EventCode": 1, "Tone": null}}, {"type": "Feature", "geometry": {"type": "Point", "coordinates": [127.0, 37.5664]}, "properties": {"Title": "8209267", "SourceURL": "https://www.voanews.com/a/south-korea-recalls-its-ambassador-to-ukraine-over-north-korea/8209267.html", "EventCode": 1, "Tone": null}}, {"type": "Feature", "geometry": {"type": "Point", "coordinates": [127.0, 40.0]}, "properties": {"Title": "8209267", "SourceURL": "https://www.voanews.com/a/south-korea-recalls-its-ambassador-to-ukraine-over-north-korea/8209267.html", "EventCode": 1, "Tone": null}}, {"type": "Feature", "geometry": {"type": "Point", "coordinates": [32.5628, 29.9314]}, "properties": {"Title": "Egypt And South Korea Launch Hydrogen Tram Initiative", "SourceURL": "https://egyptianstreets.com/2026/10/08/egypt-and-south-korea-launch-hydrogen-tram-initiative/", "EventCode": 1, "Tone": null}}, {"type": "Feature", "geometry": {"type": "Point", "coordinates": [127.0, 37.5664]}, "properties": {"Title": "Egypt And South Korea Launch Hydrogen Tram Initiative", "SourceURL": "https://egyptianstreets.com/2026/10/08/egypt-and-south-korea-launch-hydrogen-tram-initiative/", "EventCode": 1, "Tone": null}}, {"type": "Feature", "geometry": {"type": "Point", "coordinates": [-4.0, 54.0]}, "properties": {"Title": "8209267", "SourceURL": "https://www.voanews.com/a/south-korea-recalls-its-ambassador-to-ukraine-over-north-korea/8209267.html", "EventCode": 3, "Tone": null}}, {"type": "Feature", "geometry": {"type": "Point", "coordinates": [31.25, 30.05]}, "properties": {"Title": "Egypt And South Korea Launch Hydrogen Tram Initiative", "SourceURL": "https://egyptianstreets.com/2026/10/08/egypt-and-south-korea-launch-hydrogen-tram-initiative/", "EventCode": 1, "Tone": null}}, {"type": "Feature", "geometry": {"type": "Point", "coordinates": [3.0, 55.3333]}, "properties": {"Title": "26620935.Polls Close By Election Replace Keir Starmer Holborn St Pancras Mp", "SourceURL": "https://www.yourlocalguardian.co.uk/news/national/26620935.polls-close-by-election-replace-keir-starmer-holborn-st-pancras-mp/", "EventCode": 1, "Tone": null}}, {"type": "Feature", "geometry": {"type": "Point", "coordinates": [-89.6812, 32.7673]}, "properties": {"Title": "Munsters Storm Cleanup Mostly Finished But Issues Remain", "SourceURL": "https://www.chicagotribune.com/2026/10/08/munsters-storm-cleanup-mostly-finished-but-issues-remain/", "EventCode": 1, "Tone": null}}, {"type": "Feature", "geometry": {"type": "Point", "coordinates": [-107.209, 42.7475]}, "properties": {"Title": "Index", "SourceURL": "https://freerepublic.com/tag/*/index?more=4398446", "EventCode": 1, "Tone": null}}, {"type": "Feature", "geometry": {"type": "Point", "coordinates": [34.7667, 32.0667]}, "properties": {"Title": "Article 911106", "SourceURL": "http://www.jpost.com/israel-news/article-911106", "EventCode": 3, "Tone": null}}, {"type": "Feature", "geometry": {"type": "Point", "coordinates": [28.2294, -25.7069]}, "properties": {"Title": "2026 10 08 Sas Foreign Service Is Becoming A Retreat For Failed Ministers", "SourceURL": "https://www.dailymaverick.co.za/opinionista/2026-10-08-sas-foreign-service-is-becoming-a-retreat-for-failed-ministers/", "EventCode": 1, "Tone": null}}, {"type": "Feature", "geometry": {"type": "Point", "coordinates": [8.0, 10.0]}, "properties": {"Title": "An Examination Of The Legal Framework For The Protection Of Indigenous Knowledge And Cultural Expressions Under Nigerian Law By Jobs Joseph", "SourceURL": "https://www.opinionnigeria.com/an-examination-of-the-legal-framework-for-the-protection-of-indigenous-knowledge-and-cultural-expressions-under-nigerian-law-by-jobs-joseph/", "EventCode": 1, "Tone": null}}, {"type": "Feature", "geometry": {"type": "Point", "coordinates": [77.2167, 28.6667]}, "properties": {"Title": "8220We Decided Collectively8221 Satabdi Roy Says Ncpi Mps Seek Two Week Extension From Speaker20261008222115", "SourceURL": "https://aninews.in/news/national/general-news/8220we-decided-collectively8221-satabdi-roy-says-ncpi-mps-seek-two-week-extension-from-speaker20261008222115/", "EventCode": 1, "Tone": null}}, {"type": "Feature", "geometry": {"type": "Point", "coordinates": [-97.6475, 31.106]}, "properties": {"Title": "832508", "SourceURL": "https://www.utilitydive.com/news/power-system-plans-to-meet-large-load-demand-miss-near-term-solutions-some/832508/", "EventCode": 1, "Tone": null}}, {"type": "Feature", "geometry": {"type": "Point", "coordinates": [-95.8608, 41.2619]}, "properties": {"Title": "U S Senate Debate Ashley Hinson Josh Turek", "SourceURL": "https://www.iowapublicradio.org/political-news/2026-10-08/u-s-senate-debate-ashley-hinson-josh-turek", "EventCode": 4, "Tone": null}}, {"type": "Feature", "geometry": {"type": "Point", "coordinates": [53.0, 32.0]}, "properties": {"Title": "U S Senate Debate Ashley Hinson Josh Turek", "SourceURL": "https://www.iowapublicradio.org/political-news/2026-10-08/u-s-senate-debate-ashley-hinson-josh-turek", "EventCode": 4, "Tone": null}}, {"type": "Feature", "geometry": {"type": "Point", "coordinates": [-98.5795, 39.828175]}, "properties": {"Title": "202610080656", "SourceURL": "https://allafrica.com/stories/202610080656.html", "EventCode": 1, "Tone": null}}, {"type": "Feature", "geometry": {"type": "Point", "coordinates": [28.955, 30.8301]}, "properties": {"Title": "202610080656", "SourceURL": "https://allafrica.com/stories/202610080656.html", "EventCode": 1, "Tone": null}}, {"type": "Feature", "geometry": {"type": "Point", "coordinates": [-74.9384, 42.1497]}, "properties": {"Title": "Tenney Says Office Helped Secure 49 Million In Benefits In 2026", "SourceURL": "https://www.fingerlakes1.com/2026/10/08/tenney-says-office-helped-secure-49-million-in-benefits-in-2026/", "EventCode": 1, "Tone": null}}, {"type": "Feature", "geometry": {"type": "Point", "coordinates": [7.53333, 9.08333]}, "properties": {"Title": "Bwala No Tinubu Cannot Govern From Anywhere By Isaac Asabor", "SourceURL": "https://www.opinionnigeria.com/bwala-no-tinubu-cannot-govern-from-anywhere-by-isaac-asabor/", "EventCode": 1, "Tone": null}}, {"type": "Feature", "geometry": {"type": "Point", "coordinates": [-93.214, 42.0046]}, "properties": {"Title": "U S Senate Debate Ashley Hinson Josh Turek", "SourceURL": "https://www.iowapublicradio.org/political-news/2026-10-08/u-s-senate-debate-ashley-hinson-josh-turek", "EventCode": 1, "Tone": null}}, {"type": "Feature", "geometry": {"type": "Point", "coordinates": [7.53333, 9.08333]}, "properties": {"Title": "Bwala No Tinubu Cannot Govern From Anywhere By Isaac Asabor", "SourceURL": "https://www.opinionnigeria.com/bwala-no-tinubu-cannot-govern-from-anywhere-by-isaac-asabor/", "EventCode": 1, "Tone": null}}, {"type": "Feature", "geometry": {"type": "Point", "coordinates": [2.33333, 48.8667]}, "properties": {"Title": "Frances Students Ask A Fair Question About Equality", "SourceURL": "https://www.dailysabah.com/opinion/op-ed/frances-students-ask-a-fair-question-about-equality", "EventCode": 1, "Tone": null}}, {"type": "Feature", "geometry": {"type": "Point", "coordinates": [105.0, 35.0]}, "properties": {"Title": "Print Out A Portrait In Our Own Way Albert Serra Ingrid Caven Jean Jacques Schul", "SourceURL": "https://www.filmcomment.com/article/print-out-a-portrait-in-our-own-way-albert-serra-ingrid-caven-jean-jacques-schul/", "EventCode": 1, "Tone": null}}, {"type": "Feature", "geometry": {"type": "Point", "coordinates": [2.33333, 48.8667]}, "properties": {"Title": "Print Out A Portrait In Our Own Way Albert Serra Ingrid Caven Jean Jacques Schul", "SourceURL": "https://www.filmcomment.com/article/print-out-a-portrait-in-our-own-way-albert-serra-ingrid-caven-jean-jacques-schul/", "EventCode": 1, "Tone": null}}, {"type": "Feature", "geometry": {"type": "Point", "coordinates": [105.0, 35.0]}, "properties": {"Title": "Print Out A Portrait In Our Own Way Albert Serra Ingrid Caven Jean Jacques Schul", "SourceURL": "https://www.filmcomment.com/article/print-out-a-portrait-in-our-own-way-albert-serra-ingrid-caven-jean-jacques-schul/", "EventCode": 1, "Tone": null}}, {"type": "Feature", "geometry": {"type": "Point", "coordinates": [2.33333, 48.8667]}, "properties": {"Title": "Print Out A Portrait In Our Own Way Albert Serra Ingrid Caven Jean Jacques Schul", "SourceURL": "https://www.filmcomment.com/article/print-out-a-portrait-in-our-own-way-albert-serra-ingrid-caven-jean-jacques-schul/", "EventCode": 1, "Tone": null}}, {"type": "Feature", "geometry": {"type": "Point", "coordinates": [-97.6475, 31.106]}, "properties": {"Title": "Screwworm Confirmed Brewster County Dog Texas Pet Owners Are Urged Check Wounds", "SourceURL": "https://www.natureworldnews.com/articles/73477/20261008/screwworm-confirmed-brewster-county-dog-texas-pet-owners-are-urged-check-wounds.htm", "EventCode": 2, "Tone": null}}, {"type": "Feature", "geometry": {"type": "Point", "coordinates": [-74.9384, 42.1497]}, "properties": {"Title": "74084067", "SourceURL": "https://www.mynbc5.com/article/nysp-investigation-gendebien-illegal-dumping/74084067", "EventCode": 3, "Tone": null}}, {"type": "Feature", "geometry": {"type": "Point", "coordinates": [-90.6335, 41.6334]}, "properties": {"Title": "Scott County Tests Voting Machines In Eldridge For 2026 Elections", "SourceURL": "https://www.wvik.org/wvik-top-stories/2026-10-08/scott-county-tests-voting-machines-in-eldridge-for-2026-elections", "EventCode": 3, "Tone": null}}, {"type": "Feature", "geometry": {"type": "Point", "coordinates": [-77.0364, 38.8951]}, "properties": {"Title": "Exps Leo Pareja Lead Agnt Glenn Sanford Steps Down", "SourceURL": "https://www.rismedia.com/2026/10/08/exps-leo-pareja-lead-agnt-glenn-sanford-steps-down/", "EventCode": 3, "Tone": null}}, {"type": "Feature", "geometry": {"type": "Point", "coordinates": [-97.6103, 38.8335]}, "properties": {"Title": "A502F9F2 D84E 40E5 A7Df 4B2155Ee95F1", "SourceURL": "https://hayspost.com/posts/a502f9f2-d84e-40e5-a7df-4b2155ee95f1", "EventCode": 2, "Tone": null}}, {"type": "Feature", "geometry": {"type": "Point", "coordinates": [151.217, -33.8833]}, "properties": {"Title": "Unintended Consequences Risk Parties Target Overseas Students", "SourceURL": "https://www.timeshighereducation.com/news/unintended-consequences-risk-parties-target-overseas-students", "EventCode": 1, "Tone": null}}, {"type": "Feature", "geometry": {"type": "Point", "coordinates": [144.967, -37.8167]}, "properties": {"Title": "Unintended Consequences Risk Parties Target Overseas Students", "SourceURL": "https://www.timeshighereducation.com/news/unintended-consequences-risk-parties-target-overseas-students", "EventCode": 3, "Tone": null}}, {"type": "Feature", "geometry": {"type": "Point", "coordinates": [32.0, 49.0]}, "properties": {"Title": "Ukraine Is Building Something Similar To Starlink Zelensky Claims Lets Hope It Fares Better Than Russias Disastrous Rassvet Launch", "SourceURL": "https://www.techradar.com/pro/ukraine-is-building-something-similar-to-starlink-zelensky-claims-lets-hope-it-fares-better-than-russias-disastrous-rassvet-launch", "EventCode": 1, "Tone": null}}, {"type": "Feature", "geometry": {"type": "Point", "coordinates": [53.0, 32.0]}, "properties": {"Title": "Trump Backtracks Take Out Los Angeles San Diego Fake News", "SourceURL": "https://www.thewrap.com/media-platforms/politics/trump-backtracks-take-out-los-angeles-san-diego-fake-news/", "EventCode": 3, "Tone": null}}, {"type": "Feature", "geometry": {"type": "Point", "coordinates": [26.0, -30.0]}, "properties": {"Title": "2026 10 08 Anti Immigrant Mob Is Fuelling A Dangerous Anti Constitutionalist Fire", "SourceURL": "https://www.dailymaverick.co.za/article/2026-10-08-anti-immigrant-mob-is-fuelling-a-dangerous-anti-constitutionalist-fire/", "EventCode": 3, "Tone": null}}, {"type": "Feature", "geometry": {"type": "Point", "coordinates": [5.1938, 13.0303]}, "properties": {"Title": "North Central Apc Stakeholders Plan Mega Rally For Tinubu Shettima In Lafia", "SourceURL": "https://leadership.ng/north-central-apc-stakeholders-plan-mega-rally-for-tinubu-shettima-in-lafia/", "EventCode": 1, "Tone": null}}, {"type": "Feature", "geometry": {"type": "Point", "coordinates": [5.1938, 13.0303]}, "properties": {"Title": "North Central Apc Stakeholders Plan Mega Rally For Tinubu Shettima In Lafia", "SourceURL": "https://leadership.ng/north-central-apc-stakeholders-plan-mega-rally-for-tinubu-shettima-in-lafia/", "EventCode": 1, "Tone": null}}, {"type": "Feature", "geometry": {"type": "Point", "coordinates": [5.08333, 7.16667]}, "properties": {"Title": "North Central Apc Stakeholders Plan Mega Rally For Tinubu Shettima In Lafia", "SourceURL": "https://leadership.ng/north-central-apc-stakeholders-plan-mega-rally-for-tinubu-shettima-in-lafia/", "EventCode": 1, "Tone": null}}, {"type": "Feature", "geometry": {"type": "Point", "coordinates": [71.5733, 34.0078]}, "properties": {"Title": "Pti Authorises Fazl To Mediate Between Govt Opposition Says Junaid Akbar", "SourceURL": "https://tribune.com.pk/story/2633770/pti-authorises-fazl-to-mediate-between-govt-opposition-says-junaid-akbar", "EventCode": 1, "Tone": null}}, {"type": "Feature", "geometry": {"type": "Point", "coordinates": [71.5733, 34.0078]}, "properties": {"Title": "Pti Authorises Fazl To Mediate Between Govt Opposition Says Junaid Akbar", "SourceURL": "https://tribune.com.pk/story/2633770/pti-authorises-fazl-to-mediate-between-govt-opposition-says-junaid-akbar", "EventCode": 1, "Tone": null}}, {"type": "Feature", "geometry": {"type": "Point", "coordinates": [34.3333, 31.4167]}, "properties": {"Title": "War Lives In Me Gaza Playwright Ali Abu Yasin Wins English Pen Award", "SourceURL": "https://dominicanrepublicpost.com/war-lives-in-me-gaza-playwright-ali-abu-yasin-wins-english-pen-award/", "EventCode": 1, "Tone": null}}, {"type": "Feature", "geometry": {"type": "Point", "coordinates": [21.1539, 54.4192]}, "properties": {"Title": "Ukraine Is Building Something Similar To Starlink Zelensky Claims Lets Hope It Fares Better Than Russias Disastrous Rassvet Launch", "SourceURL": "https://www.techradar.com/pro/ukraine-is-building-something-similar-to-starlink-zelensky-claims-lets-hope-it-fares-better-than-russias-disastrous-rassvet-launch", "EventCode": 1, "Tone": null}}, {"type": "Feature", "geometry": {"type": "Point", "coordinates": [21.1539, 54.4192]}, "properties": {"Title": "Ukraine Is Building Something Similar To Starlink Zelensky Claims Lets Hope It Fares Better Than Russias Disastrous Rassvet Launch", "SourceURL": "https://www.techradar.com/pro/ukraine-is-building-something-similar-to-starlink-zelensky-claims-lets-hope-it-fares-better-than-russias-disastrous-rassvet-launch", "EventCode": 1, "Tone": null}}, {"type": "Feature", "geometry": {"type": "Point", "coordinates": [-111.371, 44.4244]}, "properties": {"Title": "Article 8676A7Da D36E 4B8C 8082 Fc5C2C68B1C1", "SourceURL": "http://www.rexburgstandardjournal.com/news/local/hollywood-screenwriter-novelist-volunteers-with-ashtons-the-write-stuff/article_8676a7da-d36e-4b8c-8082-fc5c2c68b1c1.html", "EventCode": 1, "Tone": null}}, {"type": "Feature", "geometry": {"type": "Point", "coordinates": [-111.371, 44.4244]}, "properties": {"Title": "Article 8676A7Da D36E 4B8C 8082 Fc5C2C68B1C1", "SourceURL": "http://www.rexburgstandardjournal.com/news/local/hollywood-screenwriter-novelist-volunteers-with-ashtons-the-write-stuff/article_8676a7da-d36e-4b8c-8082-fc5c2c68b1c1.html", "EventCode": 1, "Tone": null}}, {"type": "Feature", "geometry": {"type": "Point", "coordinates": [-111.371, 44.4244]}, "properties": {"Title": "Article 8676A7Da D36E 4B8C 8082 Fc5C2C68B1C1", "SourceURL": "http://www.rexburgstandardjournal.com/news/local/hollywood-screenwriter-novelist-volunteers-with-ashtons-the-write-stuff/article_8676a7da-d36e-4b8c-8082-fc5c2c68b1c1.html", "EventCode": 1, "Tone": null}}, {"type": "Feature", "geometry": {"type": "Point", "coordinates": [-74.9384, 42.1497]}, "properties": {"Title": "74084067", "SourceURL": "https://www.mynbc5.com/article/nysp-investigation-gendebien-illegal-dumping/74084067", "EventCode": 3, "Tone": null}}, {"type": "Feature", "geometry": {"type": "Point", "coordinates": [-100.917, 28.2833]}, "properties": {"Title": "Kinder Morgan Restores Us Mexico Gas Flows After Pipeline Outage", "SourceURL": "https://oilprice.com/Latest-Energy-News/World-News/Kinder-Morgan-Restores-US-Mexico-Gas-Flows-After-Pipeline-Outage.html", "EventCode": 1, "Tone": null}}, {"type": "Feature", "geometry": {"type": "Point", "coordinates": [-111.388, 33.7712]}, "properties": {"Title": "Screwworm Confirmed Brewster County Dog Texas Pet Owners Are Urged Check Wounds", "SourceURL": "https://www.natureworldnews.com/articles/73477/20261008/screwworm-confirmed-brewster-county-dog-texas-pet-owners-are-urged-check-wounds.htm", "EventCode": 3, "Tone": null}}, {"type": "Feature", "geometry": {"type": "Point", "coordinates": [-111.388, 33.7712]}, "properties": {"Title": "Screwworm Confirmed Brewster County Dog Texas Pet Owners Are Urged Check Wounds", "SourceURL": "https://www.natureworldnews.com/articles/73477/20261008/screwworm-confirmed-brewster-county-dog-texas-pet-owners-are-urged-check-wounds.htm", "EventCode": 3, "Tone": null}}, {"type": "Feature", "geometry": {"type": "Point", "coordinates": [-102.0, 23.0]}, "properties": {"Title": "Screwworm Confirmed Brewster County Dog Texas Pet Owners Are Urged Check Wounds", "SourceURL": "https://www.natureworldnews.com/articles/73477/20261008/screwworm-confirmed-brewster-county-dog-texas-pet-owners-are-urged-check-wounds.htm", "EventCode": 4, "Tone": null}}, {"type": "Feature", "geometry": {"type": "Point", "coordinates": [-106.237, 34.8375]}, "properties": {"Title": "Screwworm Confirmed Brewster County Dog Texas Pet Owners Are Urged Check Wounds", "SourceURL": "https://www.natureworldnews.com/articles/73477/20261008/screwworm-confirmed-brewster-county-dog-texas-pet-owners-are-urged-check-wounds.htm", "EventCode": 1, "Tone": null}}, {"type": "Feature", "geometry": {"type": "Point", "coordinates": [-102.0, 23.0]}, "properties": {"Title": "Screwworm Confirmed Brewster County Dog Texas Pet Owners Are Urged Check Wounds", "SourceURL": "https://www.natureworldnews.com/articles/73477/20261008/screwworm-confirmed-brewster-county-dog-texas-pet-owners-are-urged-check-wounds.htm", "EventCode": 3, "Tone": null}}, {"type": "Feature", "geometry": {"type": "Point", "coordinates": [-102.0, 23.0]}, "properties": {"Title": "Screwworm Confirmed Brewster County Dog Texas Pet Owners Are Urged Check Wounds", "SourceURL": "https://www.natureworldnews.com/articles/73477/20261008/screwworm-confirmed-brewster-county-dog-texas-pet-owners-are-urged-check-wounds.htm", "EventCode": 3, "Tone": null}}, {"type": "Feature", "geometry": {"type": "Point", "coordinates": [30.0, 27.0]}, "properties": {"Title": "Article 911101", "SourceURL": "http://www.jpost.com/israel-news/defense-news/article-911101", "EventCode": 1, "Tone": null}}, {"type": "Feature", "geometry": {"type": "Point", "coordinates": [23.5, 13.5]}, "properties": {"Title": "202610080667", "SourceURL": "https://allafrica.com/stories/202610080667.html", "EventCode": 2, "Tone": null}}, {"type": "Feature", "geometry": {"type": "Point", "coordinates": [-79.8431, 35.6411]}, "properties": {"Title": "Marine Expeditionary Unit Is First To Deploy With Ch 53K King Stallion Helicopter", "SourceURL": "https://www.military.com/marine-expeditionary-unit-is-first-to-deploy-with-ch-53k-king-stallion-helicopter", "EventCode": 2, "Tone": null}}, {"type": "Feature", "geometry": {"type": "Point", "coordinates": [-6.27969, 36.5158]}, "properties": {"Title": "Uss Arleigh Burke Enters Dry Dock In Spain", "SourceURL": "https://seapowermagazine.org/uss-arleigh-burke-enters-dry-dock-in-spain/", "EventCode": 1, "Tone": null}}, {"type": "Feature", "geometry": {"type": "Point", "coordinates": [12.833333, 42.833333]}, "properties": {"Title": "Uss Arleigh Burke Enters Dry Dock In Spain", "SourceURL": "https://seapowermagazine.org/uss-arleigh-burke-enters-dry-dock-in-spain/", "EventCode": 1, "Tone": null}}, {"type": "Feature", "geometry": {"type": "Point", "coordinates": [26.0, -30.0]}, "properties": {"Title": "202610080660", "SourceURL": "https://allafrica.com/stories/202610080660.html", "EventCode": 1, "Tone": null}}, {"type": "Feature", "geometry": {"type": "Point", "coordinates": [26.0, -30.0]}, "properties": {"Title": "202610080660", "SourceURL": "https://allafrica.com/stories/202610080660.html", "EventCode": 4, "Tone": null}}, {"type": "Feature", "geometry": {"type": "Point", "coordinates": [26.0, -30.0]}, "properties": {"Title": "202610080660", "SourceURL": "https://allafrica.com/stories/202610080660.html", "EventCode": 4, "Tone": null}}, {"type": "Feature", "geometry": {"type": "Point", "coordinates": [-79.8431, 35.6411]}, "properties": {"Title": "Marine Expeditionary Unit Is First To Deploy With Ch 53K King Stallion Helicopter", "SourceURL": "https://www.military.com/marine-expeditionary-unit-is-first-to-deploy-with-ch-53k-king-stallion-helicopter", "EventCode": 4, "Tone": null}}, {"type": "Feature", "geometry": {"type": "Point", "coordinates": [-6.27969, 36.5158]}, "properties": {"Title": "Uss Arleigh Burke Enters Dry Dock In Spain", "SourceURL": "https://seapowermagazine.org/uss-arleigh-burke-enters-dry-dock-in-spain/", "EventCode": 1, "Tone": null}}, {"type": "Feature", "geometry": {"type": "Point", "coordinates": [-6.27969, 36.5158]}, "properties": {"Title": "Uss Arleigh Burke Enters Dry Dock In Spain", "SourceURL": "https://seapowermagazine.org/uss-arleigh-burke-enters-dry-dock-in-spain/", "EventCode": 1, "Tone": null}}, {"type": "Feature", "geometry": {"type": "Point", "coordinates": [-6.27969, 36.5158]}, "properties": {"Title": "Uss Arleigh Burke Enters Dry Dock In Spain", "SourceURL": "https://seapowermagazine.org/uss-arleigh-burke-enters-dry-dock-in-spain/", "EventCode": 1, "Tone": null}}, {"type": "Feature", "geometry": {"type": "Point", "coordinates": [12.833333, 42.833333]}, "properties": {"Title": "Uss Arleigh Burke Enters Dry Dock In Spain", "SourceURL": "https://seapowermagazine.org/uss-arleigh-burke-enters-dry-dock-in-spain/", "EventCode": 1, "Tone": null}}, {"type": "Feature", "geometry": {"type": "Point", "coordinates": [44.3939, 33.3386]}, "properties": {"Title": "Iran Celebrated Us Exit But It May Lose Iraq", "SourceURL": "https://www.dailysabah.com/opinion/op-ed/iran-celebrated-us-exit-but-it-may-lose-iraq", "EventCode": 3, "Tone": null}}, {"type": "Feature", "geometry": {"type": "Point", "coordinates": [44.3939, 33.3386]}, "properties": {"Title": "Iran Celebrated Us Exit But It May Lose Iraq", "SourceURL": "https://www.dailysabah.com/opinion/op-ed/iran-celebrated-us-exit-but-it-may-lose-iraq", "EventCode": 1, "Tone": null}}, {"type": "Feature", "geometry": {"type": "Point", "coordinates": [44.3939, 33.3386]}, "properties": {"Title": "Iran Celebrated Us Exit But It May Lose Iraq", "SourceURL": "https://www.dailysabah.com/opinion/op-ed/iran-celebrated-us-exit-but-it-may-lose-iraq", "EventCode": 1, "Tone": null}}, {"type": "Feature", "geometry": {"type": "Point", "coordinates": [44.3939, 33.3386]}, "properties": {"Title": "Iran Celebrated Us Exit But It May Lose Iraq", "SourceURL": "https://www.dailysabah.com/opinion/op-ed/iran-celebrated-us-exit-but-it-may-lose-iraq", "EventCode": 3, "Tone": null}}, {"type": "Feature", "geometry": {"type": "Point", "coordinates": [100.0, 15.0]}, "properties": {"Title": "8209292", "SourceURL": "https://www.voanews.com/a/chinese-military-facility-in-laos-raises-questions-about-beijings-indo-pacific-reach/8209292.html", "EventCode": 4, "Tone": null}}, {"type": "Feature", "geometry": {"type": "Point", "coordinates": [100.0, 15.0]}, "properties": {"Title": "8209292", "SourceURL": "https://www.voanews.com/a/chinese-military-facility-in-laos-raises-questions-about-beijings-indo-pacific-reach/8209292.html", "EventCode": 4, "Tone": null}}, {"type": "Feature", "geometry": {"type": "Point", "coordinates": [100.0, 15.0]}, "properties": {"Title": "8209292", "SourceURL": "https://www.voanews.com/a/chinese-military-facility-in-laos-raises-questions-about-beijings-indo-pacific-reach/8209292.html", "EventCode": 4, "Tone": null}}, {"type": "Feature", "geometry": {"type": "Point", "coordinates": [100.0, 15.0]}, "properties": {"Title": "8209292", "SourceURL": "https://www.voanews.com/a/chinese-military-facility-in-laos-raises-questions-about-beijings-indo-pacific-reach/8209292.html", "EventCode": 4, "Tone": null}}, {"type": "Feature", "geometry": {"type": "Point", "coordinates": [100.0, 15.0]}, "properties": {"Title": "8209292", "SourceURL": "https://www.voanews.com/a/chinese-military-facility-in-laos-raises-questions-about-beijings-indo-pacific-reach/8209292.html", "EventCode": 4, "Tone": null}}, {"type": "Feature", "geometry": {"type": "Point", "coordinates": [-117.134, 32.6501]}, "properties": {"Title": "Uss Lincoln Returns Home", "SourceURL": "https://www.chicagotribune.com/2026/10/08/uss-lincoln-returns-home/", "EventCode": 1, "Tone": null}}, {"type": "Feature", "geometry": {"type": "Point", "coordinates": [44.0, 33.0]}, "properties": {"Title": "Hegseth Visits Uss Lincoln Ahead Of Homecoming After Record Breaking Deployment", "SourceURL": "https://seapowermagazine.org/hegseth-visits-uss-lincoln-ahead-of-homecoming-after-record-breaking-deployment/", "EventCode": 1, "Tone": null}}, {"type": "Feature", "geometry": {"type": "Point", "coordinates": [44.0, 33.0]}, "properties": {"Title": "Hegseth Visits Uss Lincoln Ahead Of Homecoming After Record Breaking Deployment", "SourceURL": "https://seapowermagazine.org/hegseth-visits-uss-lincoln-ahead-of-homecoming-after-record-breaking-deployment/", "EventCode": 1, "Tone": null}}, {"type": "Feature", "geometry": {"type": "Point", "coordinates": [-79.8431, 35.6411]}, "properties": {"Title": "Marine Expeditionary Unit Is First To Deploy With Ch 53K King Stallion Helicopter", "SourceURL": "https://www.military.com/marine-expeditionary-unit-is-first-to-deploy-with-ch-53k-king-stallion-helicopter", "EventCode": 2, "Tone": null}}, {"type": "Feature", "geometry": {"type": "Point", "coordinates": [-117.134, 32.6501]}, "properties": {"Title": "Uss Lincoln Returns Home", "SourceURL": "https://www.chicagotribune.com/2026/10/08/uss-lincoln-returns-home/", "EventCode": 2, "Tone": null}}, {"type": "Feature", "geometry": {"type": "Point", "coordinates": [100.0, 15.0]}, "properties": {"Title": "8209292", "SourceURL": "https://www.voanews.com/a/chinese-military-facility-in-laos-raises-questions-about-beijings-indo-pacific-reach/8209292.html", "EventCode": 4, "Tone": null}}, {"type": "Feature", "geometry": {"type": "Point", "coordinates": [100.0, 15.0]}, "properties": {"Title": "8209292", "SourceURL": "https://www.voanews.com/a/chinese-military-facility-in-laos-raises-questions-about-beijings-indo-pacific-reach/8209292.html", "EventCode": 4, "Tone": null}}, {"type": "Feature", "geometry": {"type": "Point", "coordinates": [100.0, 15.0]}, "properties": {"Title": "8209292", "SourceURL": "https://www.voanews.com/a/chinese-military-facility-in-laos-raises-questions-about-beijings-indo-pacific-reach/8209292.html", "EventCode": 4, "Tone": null}}, {"type": "Feature", "geometry": {"type": "Point", "coordinates": [-98.5795, 39.828175]}, "properties": {"Title": "832489", "SourceURL": "https://www.utilitydive.com/news/4-hour-storage-cheaper-than-gas-peakers-across-global-markets-woodmac/832489/", "EventCode": 1, "Tone": null}}, {"type": "Feature", "geometry": {"type": "Point", "coordinates": [34.0, 45.0]}, "properties": {"Title": "The Shell Leaks Files 8 October 2026", "SourceURL": "https://royaldutchshellplc.com/2026/10/08/the-shell-leaks-files-8-october-2026/", "EventCode": 1, "Tone": null}}, {"type": "Feature", "geometry": {"type": "Point", "coordinates": [-81.9059, 28.4775]}, "properties": {"Title": "Disney World Davids Vacation Club Rental Review 2026", "SourceURL": "https://www.sheknows.com/living/articles/1235085550/disney-world-davids-vacation-club-rental-review-2026/", "EventCode": 1, "Tone": null}}, {"type": "Feature", "geometry": {"type": "Point", "coordinates": [-111.388, 33.7712]}, "properties": {"Title": "Globalfoundries To Produce Silicon Interposers For Tsmcs Cowos In The Us Five Year Agreement Valued At Usd2 Billion", "SourceURL": "https://www.tomshardware.com/tech-industry/semiconductors/globalfoundries-to-produce-silicon-interposers-for-tsmcs-cowos-in-the-us-five-year-agreement-valued-at-usd2-billion", "EventCode": 1, "Tone": null}}, {"type": "Feature", "geometry": {"type": "Point", "coordinates": [47.5, 40.5]}, "properties": {"Title": "4232552", "SourceURL": "https://www.trend.az/azerbaijan/business/4232552.html", "EventCode": 2, "Tone": null}}, {"type": "Feature", "geometry": {"type": "Point", "coordinates": [50.2055, 30.6693]}, "properties": {"Title": "Iran Celebrated Us Exit But It May Lose Iraq", "SourceURL": "https://www.dailysabah.com/opinion/op-ed/iran-celebrated-us-exit-but-it-may-lose-iraq", "EventCode": 1, "Tone": null}}, {"type": "Feature", "geometry": {"type": "Point", "coordinates": [51.5148, 35.75]}, "properties": {"Title": "Iran Celebrated Us Exit But It May Lose Iraq", "SourceURL": "https://www.dailysabah.com/opinion/op-ed/iran-celebrated-us-exit-but-it-may-lose-iraq", "EventCode": 1, "Tone": null}}, {"type": "Feature", "geometry": {"type": "Point", "coordinates": [-77.0364, 38.8951]}, "properties": {"Title": "Iran Celebrated Us Exit But It May Lose Iraq", "SourceURL": "https://www.dailysabah.com/opinion/op-ed/iran-celebrated-us-exit-but-it-may-lose-iraq", "EventCode": 1, "Tone": null}}, {"type": "Feature", "geometry": {"type": "Point", "coordinates": [-77.0364, 38.8951]}, "properties": {"Title": "Iran Celebrated Us Exit But It May Lose Iraq", "SourceURL": "https://www.dailysabah.com/opinion/op-ed/iran-celebrated-us-exit-but-it-may-lose-iraq", "EventCode": 1, "Tone": null}}, {"type": "Feature", "geometry": {"type": "Point", "coordinates": [44.3939, 33.3386]}, "properties": {"Title": "Iran Celebrated Us Exit But It May Lose Iraq", "SourceURL": "https://www.dailysabah.com/opinion/op-ed/iran-celebrated-us-exit-but-it-may-lose-iraq", "EventCode": 3, "Tone": null}}, {"type": "Feature", "geometry": {"type": "Point", "coordinates": [44.3939, 33.3386]}, "properties": {"Title": "Iran Celebrated Us Exit But It May Lose Iraq", "SourceURL": "https://www.dailysabah.com/opinion/op-ed/iran-celebrated-us-exit-but-it-may-lose-iraq", "EventCode": 3, "Tone": null}}, {"type": "Feature", "geometry": {"type": "Point", "coordinates": [51.5148, 35.75]}, "properties": {"Title": "Iran Celebrated Us Exit But It May Lose Iraq", "SourceURL": "https://www.dailysabah.com/opinion/op-ed/iran-celebrated-us-exit-but-it-may-lose-iraq", "EventCode": 3, "Tone": null}}, {"type": "Feature", "geometry": {"type": "Point", "coordinates": [33.7833, -13.9833]}, "properties": {"Title": "Youths With Disabilities Hail Advocacy Initiatives", "SourceURL": "https://mwnation.com/youths-with-disabilities-hail-advocacy-initiatives/", "EventCode": 1, "Tone": null}}, {"type": "Feature", "geometry": {"type": "Point", "coordinates": [38.0, 1.0]}, "properties": {"Title": "Youths With Disabilities Hail Advocacy Initiatives", "SourceURL": "https://mwnation.com/youths-with-disabilities-hail-advocacy-initiatives/", "EventCode": 1, "Tone": null}}, {"type": "Feature", "geometry": {"type": "Point", "coordinates": [38.0, 1.0]}, "properties": {"Title": "Youths With Disabilities Hail Advocacy Initiatives", "SourceURL": "https://mwnation.com/youths-with-disabilities-hail-advocacy-initiatives/", "EventCode": 1, "Tone": null}}, {"type": "Feature", "geometry": {"type": "Point", "coordinates": [33.0, 2.0]}, "properties": {"Title": "Youths With Disabilities Hail Advocacy Initiatives", "SourceURL": "https://mwnation.com/youths-with-disabilities-hail-advocacy-initiatives/", "EventCode": 1, "Tone": null}}, {"type": "Feature", "geometry": {"type": "Point", "coordinates": [33.7833, -13.9833]}, "properties": {"Title": "Youths With Disabilities Hail Advocacy Initiatives", "SourceURL": "https://mwnation.com/youths-with-disabilities-hail-advocacy-initiatives/", "EventCode": 2, "Tone": null}}, {"type": "Feature", "geometry": {"type": "Point", "coordinates": [8.51667, 8.48333]}, "properties": {"Title": "North Central Apc Stakeholders Plan Mega Rally For Tinubu Shettima In Lafia", "SourceURL": "https://leadership.ng/north-central-apc-stakeholders-plan-mega-rally-for-tinubu-shettima-in-lafia/", "EventCode": 1, "Tone": null}}, {"type": "Feature", "geometry": {"type": "Point", "coordinates": [7.5, 12.25]}, "properties": {"Title": "The Niger State Cash Distribution Stampede Mass Impoverishment And Hunger In The Land By Hajia Hadiza Mohammed", "SourceURL": "https://www.opinionnigeria.com/the-niger-state-cash-distribution-stampede-mass-impoverishment-and-hunger-in-the-land-by-hajia-hadiza-mohammed/", "EventCode": 4, "Tone": null}}, {"type": "Feature", "geometry": {"type": "Point", "coordinates": [7.53333, 9.08333]}, "properties": {"Title": "Bwala No Tinubu Cannot Govern From Anywhere By Isaac Asabor", "SourceURL": "https://www.opinionnigeria.com/bwala-no-tinubu-cannot-govern-from-anywhere-by-isaac-asabor/", "EventCode": 1, "Tone": null}}, {"type": "Feature", "geometry": {"type": "Point", "coordinates": [7.53333, 9.08333]}, "properties": {"Title": "Bwala No Tinubu Cannot Govern From Anywhere By Isaac Asabor", "SourceURL": "https://www.opinionnigeria.com/bwala-no-tinubu-cannot-govern-from-anywhere-by-isaac-asabor/", "EventCode": 1, "Tone": null}}, {"type": "Feature", "geometry": {"type": "Point", "coordinates": [8.0, 10.0]}, "properties": {"Title": "An Examination Of The Legal Framework For The Protection Of Indigenous Knowledge And Cultural Expressions Under Nigerian Law By Jobs Joseph", "SourceURL": "https://www.opinionnigeria.com/an-examination-of-the-legal-framework-for-the-protection-of-indigenous-knowledge-and-cultural-expressions-under-nigerian-law-by-jobs-joseph/", "EventCode": 1, "Tone": null}}, {"type": "Feature", "geometry": {"type": "Point", "coordinates": [3.39583, 6.45306]}, "properties": {"Title": "Post 66Th Independence Celebration And The Electoral Matters Arising In 2027 With Inec Declaration Of 103M Registered Voters By Prince Samuel Adesegun Egunjobi", "SourceURL": "https://www.opinionnigeria.com/post-66th-independence-celebration-and-the-electoral-matters-arising-in-2027-with-inec-declaration-of-103m-registered-voters-by-prince-samuel-adesegun-egunjobi/", "EventCode": 3, "Tone": null}}, {"type": "Feature", "geometry": {"type": "Point", "coordinates": [3.39583, 6.45306]}, "properties": {"Title": "Post 66Th Independence Celebration And The Electoral Matters Arising In 2027 With Inec Declaration Of 103M Registered Voters By Prince Samuel Adesegun Egunjobi", "SourceURL": "https://www.opinionnigeria.com/post-66th-independence-celebration-and-the-electoral-matters-arising-in-2027-with-inec-declaration-of-103m-registered-voters-by-prince-samuel-adesegun-egunjobi/", "EventCode": 3, "Tone": null}}, {"type": "Feature", "geometry": {"type": "Point", "coordinates": [37.6156, 55.7522]}, "properties": {"Title": "The Shell Leaks Files 8 October 2026", "SourceURL": "https://royaldutchshellplc.com/2026/10/08/the-shell-leaks-files-8-october-2026/", "EventCode": 3, "Tone": null}}, {"type": "Feature", "geometry": {"type": "Point", "coordinates": [37.6156, 55.7522]}, "properties": {"Title": "The Shell Leaks Files 8 October 2026", "SourceURL": "https://royaldutchshellplc.com/2026/10/08/the-shell-leaks-files-8-october-2026/", "EventCode": 1, "Tone": null}}, {"type": "Feature", "geometry": {"type": "Point", "coordinates": [-93.214, 42.0046]}, "properties": {"Title": "Camp Dodge Military Museum Nurses Exhibit", "SourceURL": "https://www.iowapublicradio.org/arts-life/2026-10-08/camp-dodge-military-museum-nurses-exhibit", "EventCode": 4, "Tone": null}}, {"type": "Feature", "geometry": {"type": "Point", "coordinates": [6.83333, 4.75]}, "properties": {"Title": "Amnesty Urges Madonna University To Reverse Students Sanctions", "SourceURL": "https://www.opinionnigeria.com/amnesty-urges-madonna-university-to-reverse-students-sanctions/", "EventCode": 1, "Tone": null}}, {"type": "Feature", "geometry": {"type": "Point", "coordinates": [34.0, 45.0]}, "properties": {"Title": "The Shell Leaks Files 8 October 2026", "SourceURL": "https://royaldutchshellplc.com/2026/10/08/the-shell-leaks-files-8-october-2026/", "EventCode": 1, "Tone": null}}, {"type": "Feature", "geometry": {"type": "Point", "coordinates": [5.75, 52.5]}, "properties": {"Title": "The Shell Leaks Files 8 October 2026", "SourceURL": "https://royaldutchshellplc.com/2026/10/08/the-shell-leaks-files-8-october-2026/", "EventCode": 1, "Tone": null}}, {"type": "Feature", "geometry": {"type": "Point", "coordinates": [37.6156, 55.7522]}, "properties": {"Title": "The Shell Leaks Files 8 October 2026", "SourceURL": "https://royaldutchshellplc.com/2026/10/08/the-shell-leaks-files-8-october-2026/", "EventCode": 1, "Tone": null}}, {"type": "Feature", "geometry": {"type": "Point", "coordinates": [5.75, 52.5]}, "properties": {"Title": "The Shell Leaks Files 8 October 2026", "SourceURL": "https://royaldutchshellplc.com/2026/10/08/the-shell-leaks-files-8-october-2026/", "EventCode": 1, "Tone": null}}, {"type": "Feature", "geometry": {"type": "Point", "coordinates": [37.6156, 55.7522]}, "properties": {"Title": "The Shell Leaks Files 8 October 2026", "SourceURL": "https://royaldutchshellplc.com/2026/10/08/the-shell-leaks-files-8-october-2026/", "EventCode": 4, "Tone": null}}, {"type": "Feature", "geometry": {"type": "Point", "coordinates": [5.75, 52.5]}, "properties": {"Title": "The Shell Leaks Files 8 October 2026", "SourceURL": "https://royaldutchshellplc.com/2026/10/08/the-shell-leaks-files-8-october-2026/", "EventCode": 4, "Tone": null}}, {"type": "Feature", "geometry": {"type": "Point", "coordinates": [34.0, 45.0]}, "properties": {"Title": "The Shell Leaks Files 8 October 2026", "SourceURL": "https://royaldutchshellplc.com/2026/10/08/the-shell-leaks-files-8-october-2026/", "EventCode": 1, "Tone": null}}, {"type": "Feature", "geometry": {"type": "Point", "coordinates": [5.75, 52.5]}, "properties": {"Title": "The Shell Leaks Files 8 October 2026", "SourceURL": "https://royaldutchshellplc.com/2026/10/08/the-shell-leaks-files-8-october-2026/", "EventCode": 1, "Tone": null}}, {"type": "Feature", "geometry": {"type": "Point", "coordinates": [5.75, 52.5]}, "properties": {"Title": "The Shell Leaks Files 8 October 2026", "SourceURL": "https://royaldutchshellplc.com/2026/10/08/the-shell-leaks-files-8-october-2026/", "EventCode": 1, "Tone": null}}, {"type": "Feature", "geometry": {"type": "Point", "coordinates": [5.75, 52.5]}, "properties": {"Title": "The Shell Leaks Files 8 October 2026", "SourceURL": "https://royaldutchshellplc.com/2026/10/08/the-shell-leaks-files-8-october-2026/", "EventCode": 1, "Tone": null}}, {"type": "Feature", "geometry": {"type": "Point", "coordinates": [-107.806, 38.5744]}, "properties": {"Title": "Best Denver Concerts This Weekend 40945662", "SourceURL": "https://www.westword.com/music/best-denver-concerts-this-weekend-40945662/", "EventCode": 1, "Tone": null}}, {"type": "Feature", "geometry": {"type": "Point", "coordinates": [-107.806, 38.5744]}, "properties": {"Title": "Best Denver Concerts This Weekend 40945662", "SourceURL": "https://www.westword.com/music/best-denver-concerts-this-weekend-40945662/", "EventCode": 1, "Tone": null}}, {"type": "Feature", "geometry": {"type": "Point", "coordinates": [-4.0, 40.0]}, "properties": {"Title": "Activists Cite Ecological Social Connections In Blocking Us Border Wall Construction Commentary", "SourceURL": "https://news.mongabay.com/2026/10/activists-cite-ecological-social-connections-in-blocking-us-border-wall-construction-commentary/", "EventCode": 1, "Tone": null}}, {"type": "Feature", "geometry": {"type": "Point", "coordinates": [31.0167, -29.85]}, "properties": {"Title": "2026 10 08 Violence Durban", "SourceURL": "https://www.dailymaverick.co.za/article/2026-10-08-violence-durban/", "EventCode": 4, "Tone": null}}, {"type": "Feature", "geometry": {"type": "Point", "coordinates": [151.217, -33.8833]}, "properties": {"Title": "Unintended Consequences Risk Parties Target Overseas Students", "SourceURL": "https://www.timeshighereducation.com/news/unintended-consequences-risk-parties-target-overseas-students", "EventCode": 1, "Tone": null}}, {"type": "Feature", "geometry": {"type": "Point", "coordinates": [10.5, 51.5]}, "properties": {"Title": "French Student Protesters Swarm Historic Bastille Site And Slam Education Leaders Pledge For Change As Hot Air", "SourceURL": "https://nypost.com/2026/10/08/world-news/french-student-protesters-swarm-historic-bastille-site-and-slam-education-leaders-pledge-for-change-as-hot-air/", "EventCode": 1, "Tone": null}}, {"type": "Feature", "geometry": {"type": "Point", "coordinates": [22.0, 39.0]}, "properties": {"Title": "French Student Protesters Swarm Historic Bastille Site And Slam Education Leaders Pledge For Change As Hot Air", "SourceURL": "https://nypost.com/2026/10/08/world-news/french-student-protesters-swarm-historic-bastille-site-and-slam-education-leaders-pledge-for-change-as-hot-air/", "EventCode": 1, "Tone": null}}, {"type": "Feature", "geometry": {"type": "Point", "coordinates": [4.66847, 48.7186]}, "properties": {"Title": "French Student Protesters Swarm Historic Bastille Site And Slam Education Leaders Pledge For Change As Hot Air", "SourceURL": "https://nypost.com/2026/10/08/world-news/french-student-protesters-swarm-historic-bastille-site-and-slam-education-leaders-pledge-for-change-as-hot-air/", "EventCode": 3, "Tone": null}}, {"type": "Feature", "geometry": {"type": "Point", "coordinates": [71.5733, 34.0078]}, "properties": {"Title": "Pti Authorises Fazl To Mediate Between Govt Opposition Says Junaid Akbar", "SourceURL": "https://tribune.com.pk/story/2633770/pti-authorises-fazl-to-mediate-between-govt-opposition-says-junaid-akbar", "EventCode": 1, "Tone": null}}, {"type": "Feature", "geometry": {"type": "Point", "coordinates": [-109.583, 27.6333]}, "properties": {"Title": "Activists Cite Ecological Social Connections In Blocking Us Border Wall Construction Commentary", "SourceURL": "https://news.mongabay.com/2026/10/activists-cite-ecological-social-connections-in-blocking-us-border-wall-construction-commentary/", "EventCode": 1, "Tone": null}}, {"type": "Feature", "geometry": {"type": "Point", "coordinates": [-109.583, 27.6333]}, "properties": {"Title": "Activists Cite Ecological Social Connections In Blocking Us Border Wall Construction Commentary", "SourceURL": "https://news.mongabay.com/2026/10/activists-cite-ecological-social-connections-in-blocking-us-border-wall-construction-commentary/", "EventCode": 1, "Tone": null}}, {"type": "Feature", "geometry": {"type": "Point", "coordinates": [71.5733, 34.0078]}, "properties": {"Title": "Pti Authorises Fazl To Mediate Between Govt Opposition Says Junaid Akbar", "SourceURL": "https://tribune.com.pk/story/2633770/pti-authorises-fazl-to-mediate-between-govt-opposition-says-junaid-akbar", "EventCode": 1, "Tone": null}}, {"type": "Feature", "geometry": {"type": "Point", "coordinates": [70.0, 30.0]}, "properties": {"Title": "2087358184 Achakzai Halts Opposition Talks With Govt Until Meeting With Imran Khan", "SourceURL": "https://www.samaa.tv/2087358184-achakzai-halts-opposition-talks-with-govt-until-meeting-with-imran-khan", "EventCode": 3, "Tone": null}}, {"type": "Feature", "geometry": {"type": "Point", "coordinates": [71.5733, 34.0078]}, "properties": {"Title": "Pti Authorises Fazl To Mediate Between Govt Opposition Says Junaid Akbar", "SourceURL": "https://tribune.com.pk/story/2633770/pti-authorises-fazl-to-mediate-between-govt-opposition-says-junaid-akbar", "EventCode": 1, "Tone": null}}, {"type": "Feature", "geometry": {"type": "Point", "coordinates": [70.0, 30.0]}, "properties": {"Title": "2087358184 Achakzai Halts Opposition Talks With Govt Until Meeting With Imran Khan", "SourceURL": "https://www.samaa.tv/2087358184-achakzai-halts-opposition-talks-with-govt-until-meeting-with-imran-khan", "EventCode": 1, "Tone": null}}, {"type": "Feature", "geometry": {"type": "Point", "coordinates": [70.0, 30.0]}, "properties": {"Title": "2087358184 Achakzai Halts Opposition Talks With Govt Until Meeting With Imran Khan", "SourceURL": "https://www.samaa.tv/2087358184-achakzai-halts-opposition-talks-with-govt-until-meeting-with-imran-khan", "EventCode": 1, "Tone": null}}, {"type": "Feature", "geometry": {"type": "Point", "coordinates": [71.5733, 34.0078]}, "properties": {"Title": "Pti Authorises Fazl To Mediate Between Govt Opposition Says Junaid Akbar", "SourceURL": "https://tribune.com.pk/story/2633770/pti-authorises-fazl-to-mediate-between-govt-opposition-says-junaid-akbar", "EventCode": 1, "Tone": null}}, {"type": "Feature", "geometry": {"type": "Point", "coordinates": [32.8644, 39.9272]}, "properties": {"Title": "Saudia Airbus A310 200 Damaged As Ballistic Missile Attack Rocks Riyadh Airport", "SourceURL": "https://en.dailypakistan.com.pk/08-Oct-2026/saudia-airbus-a310-200-damaged-as-ballistic-missile-attack-rocks-riyadh-airport", "EventCode": 1, "Tone": null}}, {"type": "Feature", "geometry": {"type": "Point", "coordinates": [32.8644, 39.9272]}, "properties": {"Title": "Saudia Airbus A310 200 Damaged As Ballistic Missile Attack Rocks Riyadh Airport", "SourceURL": "https://en.dailypakistan.com.pk/08-Oct-2026/saudia-airbus-a310-200-damaged-as-ballistic-missile-attack-rocks-riyadh-airport", "EventCode": 1, "Tone": null}}, {"type": "Feature", "geometry": {"type": "Point", "coordinates": [32.8644, 39.9272]}, "properties": {"Title": "Saudia Airbus A310 200 Damaged As Ballistic Missile Attack Rocks Riyadh Airport", "SourceURL": "https://en.dailypakistan.com.pk/08-Oct-2026/saudia-airbus-a310-200-damaged-as-ballistic-missile-attack-rocks-riyadh-airport", "EventCode": 1, "Tone": null}}, {"type": "Feature", "geometry": {"type": "Point", "coordinates": [32.8644, 39.9272]}, "properties": {"Title": "Saudia Airbus A310 200 Damaged As Ballistic Missile Attack Rocks Riyadh Airport", "SourceURL": "https://en.dailypakistan.com.pk/08-Oct-2026/saudia-airbus-a310-200-damaged-as-ballistic-missile-attack-rocks-riyadh-airport", "EventCode": 1, "Tone": null}}, {"type": "Feature", "geometry": {"type": "Point", "coordinates": [46.7728, 24.6408]}, "properties": {"Title": "Saudia Airbus A310 200 Damaged As Ballistic Missile Attack Rocks Riyadh Airport", "SourceURL": "https://en.dailypakistan.com.pk/08-Oct-2026/saudia-airbus-a310-200-damaged-as-ballistic-missile-attack-rocks-riyadh-airport", "EventCode": 2, "Tone": null}}, {"type": "Feature", "geometry": {"type": "Point", "coordinates": [32.8644, 39.9272]}, "properties": {"Title": "Saudia Airbus A310 200 Damaged As Ballistic Missile Attack Rocks Riyadh Airport", "SourceURL": "https://en.dailypakistan.com.pk/08-Oct-2026/saudia-airbus-a310-200-damaged-as-ballistic-missile-attack-rocks-riyadh-airport", "EventCode": 2, "Tone": null}}, {"type": "Feature", "geometry": {"type": "Point", "coordinates": [32.8644, 39.9272]}, "properties": {"Title": "Saudia Airbus A310 200 Damaged As Ballistic Missile Attack Rocks Riyadh Airport", "SourceURL": "https://en.dailypakistan.com.pk/08-Oct-2026/saudia-airbus-a310-200-damaged-as-ballistic-missile-attack-rocks-riyadh-airport", "EventCode": 2, "Tone": null}}, {"type": "Feature", "geometry": {"type": "Point", "coordinates": [48.0, 6.0]}, "properties": {"Title": "2087358183 Compensation Cheques Distributed To Families Of Pakistanis Killed In Somalia", "SourceURL": "https://www.samaa.tv/2087358183-compensation-cheques-distributed-to-families-of-pakistanis-killed-in-somalia", "EventCode": 3, "Tone": null}}, {"type": "Feature", "geometry": {"type": "Point", "coordinates": [48.0, 6.0]}, "properties": {"Title": "2087358183 Compensation Cheques Distributed To Families Of Pakistanis Killed In Somalia", "SourceURL": "https://www.samaa.tv/2087358183-compensation-cheques-distributed-to-families-of-pakistanis-killed-in-somalia", "EventCode": 3, "Tone": null}}, {"type": "Feature", "geometry": {"type": "Point", "coordinates": [123.337, 13.3594]}, "properties": {"Title": "Filipino Food St Louis", "SourceURL": "https://www.stlmag.com/dining/filipino-food-st-louis/", "EventCode": 1, "Tone": null}}, {"type": "Feature", "geometry": {"type": "Point", "coordinates": [123.337, 13.3594]}, "properties": {"Title": "Filipino Food St Louis", "SourceURL": "https://www.stlmag.com/dining/filipino-food-st-louis/", "EventCode": 1, "Tone": null}}, {"type": "Feature", "geometry": {"type": "Point", "coordinates": [75.8333, 22.7167]}, "properties": {"Title": "11 Booked Over Festival Poster Clash Five Arrested In Indore", "SourceURL": "https://www.freepressjournal.in/indore/11-booked-over-festival-poster-clash-five-arrested-in-indore", "EventCode": 4, "Tone": null}}, {"type": "Feature", "geometry": {"type": "Point", "coordinates": [20.0, 52.0]}, "properties": {"Title": "Go Beyond Khajuraho Bandhavgarh Let Tourists Live Feel Mp", "SourceURL": "https://www.freepressjournal.in/bhopal/go-beyond-khajuraho-bandhavgarh-let-tourists-live-feel-mp", "EventCode": 1, "Tone": null}}, {"type": "Feature", "geometry": {"type": "Point", "coordinates": [-81.6954, 41.4995]}, "properties": {"Title": "Browns Players Brighten Patients Days By Visiting The American Cancer Society Hope Lodge", "SourceURL": "https://www.clevelandbrowns.com/news/browns-players-brighten-patients-days-by-visiting-the-american-cancer-society-hope-lodge", "EventCode": 1, "Tone": null}}, {"type": "Feature", "geometry": {"type": "Point", "coordinates": [-82.7755, 40.3736]}, "properties": {"Title": "Browns Players Brighten Patients Days By Visiting The American Cancer Society Hope Lodge", "SourceURL": "https://www.clevelandbrowns.com/news/browns-players-brighten-patients-days-by-visiting-the-american-cancer-society-hope-lodge", "EventCode": 1, "Tone": null}}, {"type": "Feature", "geometry": {"type": "Point", "coordinates": [-81.6954, 41.4995]}, "properties": {"Title": "Browns Players Brighten Patients Days By Visiting The American Cancer Society Hope Lodge", "SourceURL": "https://www.clevelandbrowns.com/news/browns-players-brighten-patients-days-by-visiting-the-american-cancer-society-hope-lodge", "EventCode": 1, "Tone": null}}, {"type": "Feature", "geometry": {"type": "Point", "coordinates": [127.0, 40.0]}, "properties": {"Title": "8209267", "SourceURL": "https://www.voanews.com/a/south-korea-recalls-its-ambassador-to-ukraine-over-north-korea/8209267.html", "EventCode": 2, "Tone": null}}, {"type": "Feature", "geometry": {"type": "Point", "coordinates": [-9.13333, 38.7167]}, "properties": {"Title": "State Police Clear Gendebien Illegal Dumping Complaint", "SourceURL": "https://www.wwnytv.com/2026/10/08/state-police-clear-gendebien-illegal-dumping-complaint/", "EventCode": 4, "Tone": null}}, {"type": "Feature", "geometry": {"type": "Point", "coordinates": [-0.116667, 51.5]}, "properties": {"Title": "Cqgl7Jxdwr43T", "SourceURL": "https://www.bbc.co.uk/news/live/cqgl7jxdwr43t", "EventCode": 1, "Tone": null}}, {"type": "Feature", "geometry": {"type": "Point", "coordinates": [34.3333, 31.4167]}, "properties": {"Title": "Article 911101", "SourceURL": "http://www.jpost.com/israel-news/defense-news/article-911101", "EventCode": 4, "Tone": null}}, {"type": "Feature", "geometry": {"type": "Point", "coordinates": [-91.8749, 31.1801]}, "properties": {"Title": "2026 10 08 Northshore Family Accused Of Defrauding Medicaid Funding Hamas", "SourceURL": "https://wrno.iheart.com/content/2026-10-08-northshore-family-accused-of-defrauding-medicaid-funding-hamas/", "EventCode": 2, "Tone": null}}, {"type": "Feature", "geometry": {"type": "Point", "coordinates": [-91.8749, 31.1801]}, "properties": {"Title": "2026 10 08 Northshore Family Accused Of Defrauding Medicaid Funding Hamas", "SourceURL": "https://wrno.iheart.com/content/2026-10-08-northshore-family-accused-of-defrauding-medicaid-funding-hamas/", "EventCode": 3, "Tone": null}}, {"type": "Feature", "geometry": {"type": "Point", "coordinates": [-92.4113, 41.02]}, "properties": {"Title": "Index", "SourceURL": "https://freerepublic.com/tag/*/index?more=4398446", "EventCode": 3, "Tone": null}}, {"type": "Feature", "geometry": {"type": "Point", "coordinates": [-76.483, 42.447]}, "properties": {"Title": "Index", "SourceURL": "https://freerepublic.com/tag/*/index?more=4398446", "EventCode": 3, "Tone": null}}, {"type": "Feature", "geometry": {"type": "Point", "coordinates": [-74.9384, 42.1497]}, "properties": {"Title": "Index", "SourceURL": "https://freerepublic.com/tag/*/index?more=4398446", "EventCode": 3, "Tone": null}}, {"type": "Feature", "geometry": {"type": "Point", "coordinates": [-117.157, 32.7153]}, "properties": {"Title": "Trump Backtracks Take Out Los Angeles San Diego Fake News", "SourceURL": "https://www.thewrap.com/media-platforms/politics/trump-backtracks-take-out-los-angeles-san-diego-fake-news/", "EventCode": 3, "Tone": null}}, {"type": "Feature", "geometry": {"type": "Point", "coordinates": [53.0, 32.0]}, "properties": {"Title": "Trump Backtracks Take Out Los Angeles San Diego Fake News", "SourceURL": "https://www.thewrap.com/media-platforms/politics/trump-backtracks-take-out-los-angeles-san-diego-fake-news/", "EventCode": 3, "Tone": null}}, {"type": "Feature", "geometry": {"type": "Point", "coordinates": [51.25, 25.5]}, "properties": {"Title": "Qatar Media Corporation Takes Part In Asbu Radio Committee Meeting", "SourceURL": "https://www.qatar-tribune.com/article/258234/latest-news/qatar-media-corporation-takes-part-in-asbu-radio-committee-meeting", "EventCode": 1, "Tone": null}}, {"type": "Feature", "geometry": {"type": "Point", "coordinates": [51.25, 25.5]}, "properties": {"Title": "Qatar Media Corporation Takes Part In Asbu Radio Committee Meeting", "SourceURL": "https://www.qatar-tribune.com/article/258234/latest-news/qatar-media-corporation-takes-part-in-asbu-radio-committee-meeting", "EventCode": 1, "Tone": null}}, {"type": "Feature", "geometry": {"type": "Point", "coordinates": [10.1797, 36.8028]}, "properties": {"Title": "Qatar Media Corporation Takes Part In Asbu Radio Committee Meeting", "SourceURL": "https://www.qatar-tribune.com/article/258234/latest-news/qatar-media-corporation-takes-part-in-asbu-radio-committee-meeting", "EventCode": 1, "Tone": null}}, {"type": "Feature", "geometry": {"type": "Point", "coordinates": [10.1797, 36.8028]}, "properties": {"Title": "Qatar Media Corporation Takes Part In Asbu Radio Committee Meeting", "SourceURL": "https://www.qatar-tribune.com/article/258234/latest-news/qatar-media-corporation-takes-part-in-asbu-radio-committee-meeting", "EventCode": 1, "Tone": null}}, {"type": "Feature", "geometry": {"type": "Point", "coordinates": [105.0, 35.0]}, "properties": {"Title": "Print Out A Portrait In Our Own Way Albert Serra Ingrid Caven Jean Jacques Schul", "SourceURL": "https://www.filmcomment.com/article/print-out-a-portrait-in-our-own-way-albert-serra-ingrid-caven-jean-jacques-schul/", "EventCode": 3, "Tone": null}}, {"type": "Feature", "geometry": {"type": "Point", "coordinates": [105.0, 35.0]}, "properties": {"Title": "Print Out A Portrait In Our Own Way Albert Serra Ingrid Caven Jean Jacques Schul", "SourceURL": "https://www.filmcomment.com/article/print-out-a-portrait-in-our-own-way-albert-serra-ingrid-caven-jean-jacques-schul/", "EventCode": 3, "Tone": null}}, {"type": "Feature", "geometry": {"type": "Point", "coordinates": [5.75, 52.5]}, "properties": {"Title": "The Shell Leaks Files 8 October 2026", "SourceURL": "https://royaldutchshellplc.com/2026/10/08/the-shell-leaks-files-8-october-2026/", "EventCode": 1, "Tone": null}}, {"type": "Feature", "geometry": {"type": "Point", "coordinates": [35.0, 43.0]}, "properties": {"Title": "Black Sea Enters New Era Why Turkiye Will Shape What Comes Next", "SourceURL": "https://www.dailysabah.com/opinion/op-ed/black-sea-enters-new-era-why-turkiye-will-shape-what-comes-next", "EventCode": 1, "Tone": null}}, {"type": "Feature", "geometry": {"type": "Point", "coordinates": [34.0, 45.0]}, "properties": {"Title": "The Shell Leaks Files 8 October 2026", "SourceURL": "https://royaldutchshellplc.com/2026/10/08/the-shell-leaks-files-8-october-2026/", "EventCode": 1, "Tone": null}}, {"type": "Feature", "geometry": {"type": "Point", "coordinates": [104.1, 52.2139]}, "properties": {"Title": "Russia Tells Who No Plague Was Found After Siberian Lab Workers Death Cause Remains Unconfirmed", "SourceURL": "https://www.natureworldnews.com/articles/73478/20261008/russia-tells-who-no-plague-was-found-after-siberian-lab-workers-death-cause-remains-unconfirmed.htm", "EventCode": 2, "Tone": null}}, {"type": "Feature", "geometry": {"type": "Point", "coordinates": [32.0, 49.0]}, "properties": {"Title": "Ukraine Is Building Something Similar To Starlink Zelensky Claims Lets Hope It Fares Better Than Russias Disastrous Rassvet Launch", "SourceURL": "https://www.techradar.com/pro/ukraine-is-building-something-similar-to-starlink-zelensky-claims-lets-hope-it-fares-better-than-russias-disastrous-rassvet-launch", "EventCode": 3, "Tone": null}}, {"type": "Feature", "geometry": {"type": "Point", "coordinates": [30.2642, 59.8944]}, "properties": {"Title": "The Shell Leaks Files 8 October 2026", "SourceURL": "https://royaldutchshellplc.com/2026/10/08/the-shell-leaks-files-8-october-2026/", "EventCode": 1, "Tone": null}}, {"type": "Feature", "geometry": {"type": "Point", "coordinates": [39.7257, 43.5992]}, "properties": {"Title": "The Shell Leaks Files 8 October 2026", "SourceURL": "https://royaldutchshellplc.com/2026/10/08/the-shell-leaks-files-8-october-2026/", "EventCode": 1, "Tone": null}}, {"type": "Feature", "geometry": {"type": "Point", "coordinates": [5.75, 52.5]}, "properties": {"Title": "The Shell Leaks Files 8 October 2026", "SourceURL": "https://royaldutchshellplc.com/2026/10/08/the-shell-leaks-files-8-october-2026/", "EventCode": 1, "Tone": null}}, {"type": "Feature", "geometry": {"type": "Point", "coordinates": [100.0, 60.0]}, "properties": {"Title": "Un Extends Darfur Arms Embargo As Us Seeks Wider Ban", "SourceURL": "https://www.radiotamazuj.org/en/news/article/un-extends-darfur-arms-embargo-as-us-seeks-wider-ban", "EventCode": 3, "Tone": null}}, {"type": "Feature", "geometry": {"type": "Point", "coordinates": [100.0, 60.0]}, "properties": {"Title": "Un Extends Darfur Arms Embargo As Us Seeks Wider Ban", "SourceURL": "https://www.radiotamazuj.org/en/news/article/un-extends-darfur-arms-embargo-as-us-seeks-wider-ban", "EventCode": 3, "Tone": null}}, {"type": "Feature", "geometry": {"type": "Point", "coordinates": [100.0, 60.0]}, "properties": {"Title": "News:923799:Chairs Of Supreme Courts Of Kyrgyzstan And Russia Discuss Bilateral Cooperation In Minsk", "SourceURL": "https://akipress.com/news:923799:Chairs_of_Supreme_Courts_of_Kyrgyzstan_and_Russia_discuss_bilateral_cooperation_in_Minsk/", "EventCode": 1, "Tone": null}}, {"type": "Feature", "geometry": {"type": "Point", "coordinates": [100.0, 60.0]}, "properties": {"Title": "News:923799:Chairs Of Supreme Courts Of Kyrgyzstan And Russia Discuss Bilateral Cooperation In Minsk", "SourceURL": "https://akipress.com/news:923799:Chairs_of_Supreme_Courts_of_Kyrgyzstan_and_Russia_discuss_bilateral_cooperation_in_Minsk/", "EventCode": 1, "Tone": null}}, {"type": "Feature", "geometry": {"type": "Point", "coordinates": [100.0, 60.0]}, "properties": {"Title": "News:923799:Chairs Of Supreme Courts Of Kyrgyzstan And Russia Discuss Bilateral Cooperation In Minsk", "SourceURL": "https://akipress.com/news:923799:Chairs_of_Supreme_Courts_of_Kyrgyzstan_and_Russia_discuss_bilateral_cooperation_in_Minsk/", "EventCode": 1, "Tone": null}}, {"type": "Feature", "geometry": {"type": "Point", "coordinates": [27.5667, 53.9]}, "properties": {"Title": "News:923799:Chairs Of Supreme Courts Of Kyrgyzstan And Russia Discuss Bilateral Cooperation In Minsk", "SourceURL": "https://akipress.com/news:923799:Chairs_of_Supreme_Courts_of_Kyrgyzstan_and_Russia_discuss_bilateral_cooperation_in_Minsk/", "EventCode": 1, "Tone": null}}, {"type": "Feature", "geometry": {"type": "Point", "coordinates": [105.0, 35.0]}, "properties": {"Title": "Un Extends Darfur Arms Embargo As Us Seeks Wider Ban", "SourceURL": "https://www.radiotamazuj.org/en/news/article/un-extends-darfur-arms-embargo-as-us-seeks-wider-ban", "EventCode": 3, "Tone": null}}, {"type": "Feature", "geometry": {"type": "Point", "coordinates": [100.0, 60.0]}, "properties": {"Title": "Un Extends Darfur Arms Embargo As Us Seeks Wider Ban", "SourceURL": "https://www.radiotamazuj.org/en/news/article/un-extends-darfur-arms-embargo-as-us-seeks-wider-ban", "EventCode": 3, "Tone": null}}, {"type": "Feature", "geometry": {"type": "Point", "coordinates": [30.5167, 50.4333]}, "properties": {"Title": "8209267", "SourceURL": "https://www.voanews.com/a/south-korea-recalls-its-ambassador-to-ukraine-over-north-korea/8209267.html", "EventCode": 2, "Tone": null}}, {"type": "Feature", "geometry": {"type": "Point", "coordinates": [127.0, 37.5664]}, "properties": {"Title": "8209267", "SourceURL": "https://www.voanews.com/a/south-korea-recalls-its-ambassador-to-ukraine-over-north-korea/8209267.html", "EventCode": 2, "Tone": null}}, {"type": "Feature", "geometry": {"type": "Point", "coordinates": [5.75, 52.5]}, "properties": {"Title": "The Shell Leaks Files 8 October 2026", "SourceURL": "https://royaldutchshellplc.com/2026/10/08/the-shell-leaks-files-8-october-2026/", "EventCode": 1, "Tone": null}}, {"type": "Feature", "geometry": {"type": "Point", "coordinates": [105.0, 35.0]}, "properties": {"Title": "Un Extends Darfur Arms Embargo As Us Seeks Wider Ban", "SourceURL": "https://www.radiotamazuj.org/en/news/article/un-extends-darfur-arms-embargo-as-us-seeks-wider-ban", "EventCode": 3, "Tone": null}}, {"type": "Feature", "geometry": {"type": "Point", "coordinates": [100.0, 60.0]}, "properties": {"Title": "Un Extends Darfur Arms Embargo As Us Seeks Wider Ban", "SourceURL": "https://www.radiotamazuj.org/en/news/article/un-extends-darfur-arms-embargo-as-us-seeks-wider-ban", "EventCode": 3, "Tone": null}}, {"type": "Feature", "geometry": {"type": "Point", "coordinates": [37.6156, 55.7522]}, "properties": {"Title": "Moscowberfest Returns To Downtown Moscow Saturday", "SourceURL": "https://pullmanradio.com/moscowberfest-returns-to-downtown-moscow-saturday/", "EventCode": 1, "Tone": null}}, {"type": "Feature", "geometry": {"type": "Point", "coordinates": [104.1, 52.2139]}, "properties": {"Title": "Russia Tells Who No Plague Was Found After Siberian Lab Workers Death Cause Remains Unconfirmed", "SourceURL": "https://www.natureworldnews.com/articles/73478/20261008/russia-tells-who-no-plague-was-found-after-siberian-lab-workers-death-cause-remains-unconfirmed.htm", "EventCode": 1, "Tone": null}}, {"type": "Feature", "geometry": {"type": "Point", "coordinates": [39.7257, 43.5992]}, "properties": {"Title": "The Shell Leaks Files 8 October 2026", "SourceURL": "https://royaldutchshellplc.com/2026/10/08/the-shell-leaks-files-8-october-2026/", "EventCode": 1, "Tone": null}}, {"type": "Feature", "geometry": {"type": "Point", "coordinates": [5.75, 52.5]}, "properties": {"Title": "The Shell Leaks Files 8 October 2026", "SourceURL": "https://royaldutchshellplc.com/2026/10/08/the-shell-leaks-files-8-october-2026/", "EventCode": 1, "Tone": null}}, {"type": "Feature", "geometry": {"type": "Point", "coordinates": [34.0, 45.0]}, "properties": {"Title": "The Shell Leaks Files 8 October 2026", "SourceURL": "https://royaldutchshellplc.com/2026/10/08/the-shell-leaks-files-8-october-2026/", "EventCode": 1, "Tone": null}}, {"type": "Feature", "geometry": {"type": "Point", "coordinates": [30.2642, 59.8944]}, "properties": {"Title": "The Shell Leaks Files 8 October 2026", "SourceURL": "https://royaldutchshellplc.com/2026/10/08/the-shell-leaks-files-8-october-2026/", "EventCode": 1, "Tone": null}}, {"type": "Feature", "geometry": {"type": "Point", "coordinates": [105.0, 35.0]}, "properties": {"Title": "Un Extends Darfur Arms Embargo As Us Seeks Wider Ban", "SourceURL": "https://www.radiotamazuj.org/en/news/article/un-extends-darfur-arms-embargo-as-us-seeks-wider-ban", "EventCode": 3, "Tone": null}}, {"type": "Feature", "geometry": {"type": "Point", "coordinates": [21.1539, 54.4192]}, "properties": {"Title": "Ukraine Is Building Something Similar To Starlink Zelensky Claims Lets Hope It Fares Better Than Russias Disastrous Rassvet Launch", "SourceURL": "https://www.techradar.com/pro/ukraine-is-building-something-similar-to-starlink-zelensky-claims-lets-hope-it-fares-better-than-russias-disastrous-rassvet-launch", "EventCode": 1, "Tone": null}}, {"type": "Feature", "geometry": {"type": "Point", "coordinates": [21.1539, 54.4192]}, "properties": {"Title": "Ukraine Is Building Something Similar To Starlink Zelensky Claims Lets Hope It Fares Better Than Russias Disastrous Rassvet Launch", "SourceURL": "https://www.techradar.com/pro/ukraine-is-building-something-similar-to-starlink-zelensky-claims-lets-hope-it-fares-better-than-russias-disastrous-rassvet-launch", "EventCode": 1, "Tone": null}}, {"type": "Feature", "geometry": {"type": "Point", "coordinates": [37.6156, 55.7522]}, "properties": {"Title": "The Shell Leaks Files 8 October 2026", "SourceURL": "https://royaldutchshellplc.com/2026/10/08/the-shell-leaks-files-8-october-2026/", "EventCode": 1, "Tone": null}}, {"type": "Feature", "geometry": {"type": "Point", "coordinates": [37.6156, 55.7522]}, "properties": {"Title": "The Shell Leaks Files 8 October 2026", "SourceURL": "https://royaldutchshellplc.com/2026/10/08/the-shell-leaks-files-8-october-2026/", "EventCode": 1, "Tone": null}}, {"type": "Feature", "geometry": {"type": "Point", "coordinates": [30.5167, 50.4333]}, "properties": {"Title": "8209267", "SourceURL": "https://www.voanews.com/a/south-korea-recalls-its-ambassador-to-ukraine-over-north-korea/8209267.html", "EventCode": 2, "Tone": null}}, {"type": "Feature", "geometry": {"type": "Point", "coordinates": [127.0, 37.5664]}, "properties": {"Title": "8209267", "SourceURL": "https://www.voanews.com/a/south-korea-recalls-its-ambassador-to-ukraine-over-north-korea/8209267.html", "EventCode": 2, "Tone": null}}, {"type": "Feature", "geometry": {"type": "Point", "coordinates": [30.5167, 50.4333]}, "properties": {"Title": "8209267", "SourceURL": "https://www.voanews.com/a/south-korea-recalls-its-ambassador-to-ukraine-over-north-korea/8209267.html", "EventCode": 2, "Tone": null}}, {"type": "Feature", "geometry": {"type": "Point", "coordinates": [37.6156, 55.7522]}, "properties": {"Title": "The Shell Leaks Files 8 October 2026", "SourceURL": "https://royaldutchshellplc.com/2026/10/08/the-shell-leaks-files-8-october-2026/", "EventCode": 4, "Tone": null}}, {"type": "Feature", "geometry": {"type": "Point", "coordinates": [37.6156, 55.7522]}, "properties": {"Title": "The Shell Leaks Files 8 October 2026", "SourceURL": "https://royaldutchshellplc.com/2026/10/08/the-shell-leaks-files-8-october-2026/", "EventCode": 4, "Tone": null}}, {"type": "Feature", "geometry": {"type": "Point", "coordinates": [37.6156, 55.7522]}, "properties": {"Title": "74083368", "SourceURL": "https://www.mynbc5.com/article/ukraine-buses-russian-strike-kramatorsk/74083368", "EventCode": 4, "Tone": null}}, {"type": "Feature", "geometry": {"type": "Point", "coordinates": [-115.978, 46.1449]}, "properties": {"Title": "Article 38Db7911 7222 47Ea A5Ac 5Bf825F100Af", "SourceURL": "http://www.rexburgstandardjournal.com/news/local/u-s-capitol-christmas-tree-to-tour-idaho/article_38db7911-7222-47ea-a5ac-5bf825f100af.html", "EventCode": 1, "Tone": null}}, {"type": "Feature", "geometry": {"type": "Point", "coordinates": [-114.51, 44.2394]}, "properties": {"Title": "Article 38Db7911 7222 47Ea A5Ac 5Bf825F100Af", "SourceURL": "http://www.rexburgstandardjournal.com/news/local/u-s-capitol-christmas-tree-to-tour-idaho/article_38db7911-7222-47ea-a5ac-5bf825f100af.html", "EventCode": 1, "Tone": null}}, {"type": "Feature", "geometry": {"type": "Point", "coordinates": [37.6156, 55.7522]}, "properties": {"Title": "Ui Pumpkin Fest Saturday", "SourceURL": "https://pullmanradio.com/ui-pumpkin-fest-saturday/", "EventCode": 1, "Tone": null}}, {"type": "Feature", "geometry": {"type": "Point", "coordinates": [37.6156, 55.7522]}, "properties": {"Title": "Moscowberfest Returns To Downtown Moscow Saturday", "SourceURL": "https://pullmanradio.com/moscowberfest-returns-to-downtown-moscow-saturday/", "EventCode": 1, "Tone": null}}, {"type": "Feature", "geometry": {"type": "Point", "coordinates": [37.6156, 55.7522]}, "properties": {"Title": "The Shell Leaks Files 8 October 2026", "SourceURL": "https://royaldutchshellplc.com/2026/10/08/the-shell-leaks-files-8-october-2026/", "EventCode": 1, "Tone": null}}, {"type": "Feature", "geometry": {"type": "Point", "coordinates": [37.6156, 55.7522]}, "properties": {"Title": "The Shell Leaks Files 8 October 2026", "SourceURL": "https://royaldutchshellplc.com/2026/10/08/the-shell-leaks-files-8-october-2026/", "EventCode": 1, "Tone": null}}, {"type": "Feature", "geometry": {"type": "Point", "coordinates": [5.75, 52.5]}, "properties": {"Title": "The Shell Leaks Files 8 October 2026", "SourceURL": "https://royaldutchshellplc.com/2026/10/08/the-shell-leaks-files-8-october-2026/", "EventCode": 1, "Tone": null}}, {"type": "Feature", "geometry": {"type": "Point", "coordinates": [5.75, 52.5]}, "properties": {"Title": "The Shell Leaks Files 8 October 2026", "SourceURL": "https://royaldutchshellplc.com/2026/10/08/the-shell-leaks-files-8-october-2026/", "EventCode": 1, "Tone": null}}, {"type": "Feature", "geometry": {"type": "Point", "coordinates": [104.1, 52.2139]}, "properties": {"Title": "Russia Tells Who No Plague Was Found After Siberian Lab Workers Death Cause Remains Unconfirmed", "SourceURL": "https://www.natureworldnews.com/articles/73478/20261008/russia-tells-who-no-plague-was-found-after-siberian-lab-workers-death-cause-remains-unconfirmed.htm", "EventCode": 1, "Tone": null}}, {"type": "Feature", "geometry": {"type": "Point", "coordinates": [39.7257, 43.5992]}, "properties": {"Title": "The Shell Leaks Files 8 October 2026", "SourceURL": "https://royaldutchshellplc.com/2026/10/08/the-shell-leaks-files-8-october-2026/", "EventCode": 1, "Tone": null}}, {"type": "Feature", "geometry": {"type": "Point", "coordinates": [5.75, 52.5]}, "properties": {"Title": "The Shell Leaks Files 8 October 2026", "SourceURL": "https://royaldutchshellplc.com/2026/10/08/the-shell-leaks-files-8-october-2026/", "EventCode": 1, "Tone": null}}, {"type": "Feature", "geometry": {"type": "Point", "coordinates": [5.75, 52.5]}, "properties": {"Title": "The Shell Leaks Files 8 October 2026", "SourceURL": "https://royaldutchshellplc.com/2026/10/08/the-shell-leaks-files-8-october-2026/", "EventCode": 1, "Tone": null}}, {"type": "Feature", "geometry": {"type": "Point", "coordinates": [5.75, 52.5]}, "properties": {"Title": "The Shell Leaks Files 8 October 2026", "SourceURL": "https://royaldutchshellplc.com/2026/10/08/the-shell-leaks-files-8-october-2026/", "EventCode": 1, "Tone": null}}, {"type": "Feature", "geometry": {"type": "Point", "coordinates": [5.75, 52.5]}, "properties": {"Title": "The Shell Leaks Files 8 October 2026", "SourceURL": "https://royaldutchshellplc.com/2026/10/08/the-shell-leaks-files-8-october-2026/", "EventCode": 1, "Tone": null}}, {"type": "Feature", "geometry": {"type": "Point", "coordinates": [5.75, 52.5]}, "properties": {"Title": "The Shell Leaks Files 8 October 2026", "SourceURL": "https://royaldutchshellplc.com/2026/10/08/the-shell-leaks-files-8-october-2026/", "EventCode": 1, "Tone": null}}, {"type": "Feature", "geometry": {"type": "Point", "coordinates": [34.0, 45.0]}, "properties": {"Title": "The Shell Leaks Files 8 October 2026", "SourceURL": "https://royaldutchshellplc.com/2026/10/08/the-shell-leaks-files-8-october-2026/", "EventCode": 1, "Tone": null}}, {"type": "Feature", "geometry": {"type": "Point", "coordinates": [46.7728, 24.6408]}, "properties": {"Title": "20261008", "SourceURL": "https://www.rediff.com/news/report/alert-issued-for-indians-in-saudi-arabia-amid-houthi-attacks/20261008.htm", "EventCode": 1, "Tone": null}}, {"type": "Feature", "geometry": {"type": "Point", "coordinates": [32.8644, 39.9272]}, "properties": {"Title": "Saudia Airbus A310 200 Damaged As Ballistic Missile Attack Rocks Riyadh Airport", "SourceURL": "https://en.dailypakistan.com.pk/08-Oct-2026/saudia-airbus-a310-200-damaged-as-ballistic-missile-attack-rocks-riyadh-airport", "EventCode": 4, "Tone": null}}, {"type": "Feature", "geometry": {"type": "Point", "coordinates": [46.6956, 24.9581]}, "properties": {"Title": "Houthis Say They Launched Another Attack On Saudi Airport After Three Deaths", "SourceURL": "https://jowhar.com/houthis-say-they-launched-another-attack-on-saudi-airport-after-three-deaths/", "EventCode": 3, "Tone": null}}, {"type": "Feature", "geometry": {"type": "Point", "coordinates": [46.6956, 24.9581]}, "properties": {"Title": "Riyadh Flight Chaos Deepens As Lufthansa Air India Indigo Suspend Operations", "SourceURL": "https://en.dailypakistan.com.pk/08-Oct-2026/riyadh-flight-chaos-deepens-as-lufthansa-air-india-indigo-suspend-operations", "EventCode": 4, "Tone": null}}, {"type": "Feature", "geometry": {"type": "Point", "coordinates": [43.4102, 12.9431]}, "properties": {"Title": "20261008", "SourceURL": "https://www.rediff.com/news/report/alert-issued-for-indians-in-saudi-arabia-amid-houthi-attacks/20261008.htm", "EventCode": 4, "Tone": null}}, {"type": "Feature", "geometry": {"type": "Point", "coordinates": [44.3939, 33.3386]}, "properties": {"Title": "Iran Celebrated Us Exit But It May Lose Iraq", "SourceURL": "https://www.dailysabah.com/opinion/op-ed/iran-celebrated-us-exit-but-it-may-lose-iraq", "EventCode": 1, "Tone": null}}, {"type": "Feature", "geometry": {"type": "Point", "coordinates": [45.0, 25.0]}, "properties": {"Title": "Iran Celebrated Us Exit But It May Lose Iraq", "SourceURL": "https://www.dailysabah.com/opinion/op-ed/iran-celebrated-us-exit-but-it-may-lose-iraq", "EventCode": 1, "Tone": null}}, {"type": "Feature", "geometry": {"type": "Point", "coordinates": [47.0, 32.0]}, "properties": {"Title": "Iran Celebrated Us Exit But It May Lose Iraq", "SourceURL": "https://www.dailysabah.com/opinion/op-ed/iran-celebrated-us-exit-but-it-may-lose-iraq", "EventCode": 3, "Tone": null}}, {"type": "Feature", "geometry": {"type": "Point", "coordinates": [-77.0364, 38.8951]}, "properties": {"Title": "Iran Celebrated Us Exit But It May Lose Iraq", "SourceURL": "https://www.dailysabah.com/opinion/op-ed/iran-celebrated-us-exit-but-it-may-lose-iraq", "EventCode": 3, "Tone": null}}, {"type": "Feature", "geometry": {"type": "Point", "coordinates": [103.8, 1.366667]}, "properties": {"Title": "8209292", "SourceURL": "https://www.voanews.com/a/chinese-military-facility-in-laos-raises-questions-about-beijings-indo-pacific-reach/8209292.html", "EventCode": 1, "Tone": null}}, {"type": "Feature", "geometry": {"type": "Point", "coordinates": [48.0, 6.0]}, "properties": {"Title": "Trump Minnesota 2678062874", "SourceURL": "https://www.rawstory.com/trump-minnesota-2678062874/", "EventCode": 3, "Tone": null}}, {"type": "Feature", "geometry": {"type": "Point", "coordinates": [70.0, 30.0]}, "properties": {"Title": "2087358183 Compensation Cheques Distributed To Families Of Pakistanis Killed In Somalia", "SourceURL": "https://www.samaa.tv/2087358183-compensation-cheques-distributed-to-families-of-pakistanis-killed-in-somalia", "EventCode": 4, "Tone": null}}, {"type": "Feature", "geometry": {"type": "Point", "coordinates": [48.0, 6.0]}, "properties": {"Title": "2087358183 Compensation Cheques Distributed To Families Of Pakistanis Killed In Somalia", "SourceURL": "https://www.samaa.tv/2087358183-compensation-cheques-distributed-to-families-of-pakistanis-killed-in-somalia", "EventCode": 4, "Tone": null}}, {"type": "Feature", "geometry": {"type": "Point", "coordinates": [28.2294, -25.7069]}, "properties": {"Title": "2026 10 08 Sas Foreign Service Is Becoming A Retreat For Failed Ministers", "SourceURL": "https://www.dailymaverick.co.za/opinionista/2026-10-08-sas-foreign-service-is-becoming-a-retreat-for-failed-ministers/", "EventCode": 3, "Tone": null}}, {"type": "Feature", "geometry": {"type": "Point", "coordinates": [-111.388, 33.7712]}, "properties": {"Title": "9.7374357", "SourceURL": "https://www.cbc.ca/player/play/video/9.7374357", "EventCode": 1, "Tone": null}}, {"type": "Feature", "geometry": {"type": "Point", "coordinates": [30.0, 6.75]}, "properties": {"Title": "Lakes State Stakeholders Trained To Improve Project Delivery", "SourceURL": "https://www.radiotamazuj.org/en/news/article/lakes-state-stakeholders-trained-to-improve-project-delivery", "EventCode": 1, "Tone": null}}, {"type": "Feature", "geometry": {"type": "Point", "coordinates": [34.75, 31.5]}, "properties": {"Title": "Turkish Intelligence Chief Discusses Sdf Integration With Syrian Fm", "SourceURL": "https://www.dailysabah.com/politics/diplomacy/turkish-intelligence-chief-discusses-sdf-integration-with-syrian-fm", "EventCode": 3, "Tone": null}}, {"type": "Feature", "geometry": {"type": "Point", "coordinates": [34.75, 31.5]}, "properties": {"Title": "Turkish Intelligence Chief Discusses Sdf Integration With Syrian Fm", "SourceURL": "https://www.dailysabah.com/politics/diplomacy/turkish-intelligence-chief-discusses-sdf-integration-with-syrian-fm", "EventCode": 3, "Tone": null}}, {"type": "Feature", "geometry": {"type": "Point", "coordinates": [38.0, 35.0]}, "properties": {"Title": "Houthis Say They Launched Another Attack On Saudi Airport After Three Deaths", "SourceURL": "https://jowhar.com/houthis-say-they-launched-another-attack-on-saudi-airport-after-three-deaths/", "EventCode": 2, "Tone": null}}, {"type": "Feature", "geometry": {"type": "Point", "coordinates": [38.0, 35.0]}, "properties": {"Title": "Houthis Say They Launched Another Attack On Saudi Airport After Three Deaths", "SourceURL": "https://jowhar.com/houthis-say-they-launched-another-attack-on-saudi-airport-after-three-deaths/", "EventCode": 2, "Tone": null}}, {"type": "Feature", "geometry": {"type": "Point", "coordinates": [32.8644, 39.9272]}, "properties": {"Title": "Turkish Intelligence Chief Discusses Sdf Integration With Syrian Fm", "SourceURL": "https://www.dailysabah.com/politics/diplomacy/turkish-intelligence-chief-discusses-sdf-integration-with-syrian-fm", "EventCode": 1, "Tone": null}}, {"type": "Feature", "geometry": {"type": "Point", "coordinates": [32.8644, 39.9272]}, "properties": {"Title": "Turkish Intelligence Chief Discusses Sdf Integration With Syrian Fm", "SourceURL": "https://www.dailysabah.com/politics/diplomacy/turkish-intelligence-chief-discusses-sdf-integration-with-syrian-fm", "EventCode": 1, "Tone": null}}, {"type": "Feature", "geometry": {"type": "Point", "coordinates": [36.3, 33.5]}, "properties": {"Title": "Turkish Intelligence Chief Discusses Sdf Integration With Syrian Fm", "SourceURL": "https://www.dailysabah.com/politics/diplomacy/turkish-intelligence-chief-discusses-sdf-integration-with-syrian-fm", "EventCode": 1, "Tone": null}}, {"type": "Feature", "geometry": {"type": "Point", "coordinates": [36.3, 33.5]}, "properties": {"Title": "Turkish Intelligence Chief Discusses Sdf Integration With Syrian Fm", "SourceURL": "https://www.dailysabah.com/politics/diplomacy/turkish-intelligence-chief-discusses-sdf-integration-with-syrian-fm", "EventCode": 1, "Tone": null}}, {"type": "Feature", "geometry": {"type": "Point", "coordinates": [32.8644, 39.9272]}, "properties": {"Title": "Turkish Intelligence Chief Discusses Sdf Integration With Syrian Fm", "SourceURL": "https://www.dailysabah.com/politics/diplomacy/turkish-intelligence-chief-discusses-sdf-integration-with-syrian-fm", "EventCode": 1, "Tone": null}}, {"type": "Feature", "geometry": {"type": "Point", "coordinates": [19.0, 15.0]}, "properties": {"Title": "Latest Designs Shown", "SourceURL": "https://www.spencerdailyreporter.com/articles/bulletinpress-spencerreporter-2/latest-designs-shown/", "EventCode": 1, "Tone": null}}, {"type": "Feature", "geometry": {"type": "Point", "coordinates": [100.0, 15.0]}, "properties": {"Title": "8209292", "SourceURL": "https://www.voanews.com/a/chinese-military-facility-in-laos-raises-questions-about-beijings-indo-pacific-reach/8209292.html", "EventCode": 2, "Tone": null}}, {"type": "Feature", "geometry": {"type": "Point", "coordinates": [-55.0, -10.0]}, "properties": {"Title": "Best Denver Concerts This Weekend 40945662", "SourceURL": "https://www.westword.com/music/best-denver-concerts-this-weekend-40945662/", "EventCode": 1, "Tone": null}}, {"type": "Feature", "geometry": {"type": "Point", "coordinates": [22.0, 39.0]}, "properties": {"Title": "Best Denver Concerts This Weekend 40945662", "SourceURL": "https://www.westword.com/music/best-denver-concerts-this-weekend-40945662/", "EventCode": 1, "Tone": null}}, {"type": "Feature", "geometry": {"type": "Point", "coordinates": [-61.0, 11.0]}, "properties": {"Title": "Best Denver Concerts This Weekend 40945662", "SourceURL": "https://www.westword.com/music/best-denver-concerts-this-weekend-40945662/", "EventCode": 1, "Tone": null}}, {"type": "Feature", "geometry": {"type": "Point", "coordinates": [-61.0, 11.0]}, "properties": {"Title": "Best Denver Concerts This Weekend 40945662", "SourceURL": "https://www.westword.com/music/best-denver-concerts-this-weekend-40945662/", "EventCode": 1, "Tone": null}}, {"type": "Feature", "geometry": {"type": "Point", "coordinates": [51.25, 25.5]}, "properties": {"Title": "Qatar Media Corporation Takes Part In Asbu Radio Committee Meeting", "SourceURL": "https://www.qatar-tribune.com/article/258234/latest-news/qatar-media-corporation-takes-part-in-asbu-radio-committee-meeting", "EventCode": 1, "Tone": null}}, {"type": "Feature", "geometry": {"type": "Point", "coordinates": [51.25, 25.5]}, "properties": {"Title": "Qatar Media Corporation Takes Part In Asbu Radio Committee Meeting", "SourceURL": "https://www.qatar-tribune.com/article/258234/latest-news/qatar-media-corporation-takes-part-in-asbu-radio-committee-meeting", "EventCode": 1, "Tone": null}}, {"type": "Feature", "geometry": {"type": "Point", "coordinates": [51.25, 25.5]}, "properties": {"Title": "Qatar Media Corporation Takes Part In Asbu Radio Committee Meeting", "SourceURL": "https://www.qatar-tribune.com/article/258234/latest-news/qatar-media-corporation-takes-part-in-asbu-radio-committee-meeting", "EventCode": 1, "Tone": null}}, {"type": "Feature", "geometry": {"type": "Point", "coordinates": [10.1797, 36.8028]}, "properties": {"Title": "Qatar Media Corporation Takes Part In Asbu Radio Committee Meeting", "SourceURL": "https://www.qatar-tribune.com/article/258234/latest-news/qatar-media-corporation-takes-part-in-asbu-radio-committee-meeting", "EventCode": 1, "Tone": null}}, {"type": "Feature", "geometry": {"type": "Point", "coordinates": [10.1797, 36.8028]}, "properties": {"Title": "Qatar Media Corporation Takes Part In Asbu Radio Committee Meeting", "SourceURL": "https://www.qatar-tribune.com/article/258234/latest-news/qatar-media-corporation-takes-part-in-asbu-radio-committee-meeting", "EventCode": 1, "Tone": null}}, {"type": "Feature", "geometry": {"type": "Point", "coordinates": [32.8644, 39.9272]}, "properties": {"Title": "Saudia Airbus A310 200 Damaged As Ballistic Missile Attack Rocks Riyadh Airport", "SourceURL": "https://en.dailypakistan.com.pk/08-Oct-2026/saudia-airbus-a310-200-damaged-as-ballistic-missile-attack-rocks-riyadh-airport", "EventCode": 1, "Tone": null}}, {"type": "Feature", "geometry": {"type": "Point", "coordinates": [73.1667, 33.7]}, "properties": {"Title": "Saudia Airbus A310 200 Damaged As Ballistic Missile Attack Rocks Riyadh Airport", "SourceURL": "https://en.dailypakistan.com.pk/08-Oct-2026/saudia-airbus-a310-200-damaged-as-ballistic-missile-attack-rocks-riyadh-airport", "EventCode": 1, "Tone": null}}, {"type": "Feature", "geometry": {"type": "Point", "coordinates": [32.8644, 39.9272]}, "properties": {"Title": "Saudia Airbus A310 200 Damaged As Ballistic Missile Attack Rocks Riyadh Airport", "SourceURL": "https://en.dailypakistan.com.pk/08-Oct-2026/saudia-airbus-a310-200-damaged-as-ballistic-missile-attack-rocks-riyadh-airport", "EventCode": 2, "Tone": null}}, {"type": "Feature", "geometry": {"type": "Point", "coordinates": [32.8644, 39.9272]}, "properties": {"Title": "Saudia Airbus A310 200 Damaged As Ballistic Missile Attack Rocks Riyadh Airport", "SourceURL": "https://en.dailypakistan.com.pk/08-Oct-2026/saudia-airbus-a310-200-damaged-as-ballistic-missile-attack-rocks-riyadh-airport", "EventCode": 2, "Tone": null}}, {"type": "Feature", "geometry": {"type": "Point", "coordinates": [46.7728, 24.6408]}, "properties": {"Title": "Saudia Airbus A310 200 Damaged As Ballistic Missile Attack Rocks Riyadh Airport", "SourceURL": "https://en.dailypakistan.com.pk/08-Oct-2026/saudia-airbus-a310-200-damaged-as-ballistic-missile-attack-rocks-riyadh-airport", "EventCode": 2, "Tone": null}}, {"type": "Feature", "geometry": {"type": "Point", "coordinates": [36.3, 33.5]}, "properties": {"Title": "Turkish Intelligence Chief Discusses Sdf Integration With Syrian Fm", "SourceURL": "https://www.dailysabah.com/politics/diplomacy/turkish-intelligence-chief-discusses-sdf-integration-with-syrian-fm", "EventCode": 1, "Tone": null}}, {"type": "Feature", "geometry": {"type": "Point", "coordinates": [34.75, 31.5]}, "properties": {"Title": "Turkish Intelligence Chief Discusses Sdf Integration With Syrian Fm", "SourceURL": "https://www.dailysabah.com/politics/diplomacy/turkish-intelligence-chief-discusses-sdf-integration-with-syrian-fm", "EventCode": 1, "Tone": null}}, {"type": "Feature", "geometry": {"type": "Point", "coordinates": [32.8644, 39.9272]}, "properties": {"Title": "Turkish Intelligence Chief Discusses Sdf Integration With Syrian Fm", "SourceURL": "https://www.dailysabah.com/politics/diplomacy/turkish-intelligence-chief-discusses-sdf-integration-with-syrian-fm", "EventCode": 2, "Tone": null}}, {"type": "Feature", "geometry": {"type": "Point", "coordinates": [34.75, 31.5]}, "properties": {"Title": "Turkish Intelligence Chief Discusses Sdf Integration With Syrian Fm", "SourceURL": "https://www.dailysabah.com/politics/diplomacy/turkish-intelligence-chief-discusses-sdf-integration-with-syrian-fm", "EventCode": 2, "Tone": null}}, {"type": "Feature", "geometry": {"type": "Point", "coordinates": [32.8644, 39.9272]}, "properties": {"Title": "Turkish Intelligence Chief Discusses Sdf Integration With Syrian Fm", "SourceURL": "https://www.dailysabah.com/politics/diplomacy/turkish-intelligence-chief-discusses-sdf-integration-with-syrian-fm", "EventCode": 1, "Tone": null}}, {"type": "Feature", "geometry": {"type": "Point", "coordinates": [36.3, 33.5]}, "properties": {"Title": "Turkish Intelligence Chief Discusses Sdf Integration With Syrian Fm", "SourceURL": "https://www.dailysabah.com/politics/diplomacy/turkish-intelligence-chief-discusses-sdf-integration-with-syrian-fm", "EventCode": 1, "Tone": null}}, {"type": "Feature", "geometry": {"type": "Point", "coordinates": [36.3, 33.5]}, "properties": {"Title": "Turkish Intelligence Chief Discusses Sdf Integration With Syrian Fm", "SourceURL": "https://www.dailysabah.com/politics/diplomacy/turkish-intelligence-chief-discusses-sdf-integration-with-syrian-fm", "EventCode": 1, "Tone": null}}, {"type": "Feature", "geometry": {"type": "Point", "coordinates": [116.388, 39.9289]}, "properties": {"Title": "8209292", "SourceURL": "https://www.voanews.com/a/chinese-military-facility-in-laos-raises-questions-about-beijings-indo-pacific-reach/8209292.html", "EventCode": 1, "Tone": null}}, {"type": "Feature", "geometry": {"type": "Point", "coordinates": [38.0, 1.0]}, "properties": {"Title": "Youths With Disabilities Hail Advocacy Initiatives", "SourceURL": "https://mwnation.com/youths-with-disabilities-hail-advocacy-initiatives/", "EventCode": 1, "Tone": null}}, {"type": "Feature", "geometry": {"type": "Point", "coordinates": [39.7257, 43.5992]}, "properties": {"Title": "The Shell Leaks Files 8 October 2026", "SourceURL": "https://royaldutchshellplc.com/2026/10/08/the-shell-leaks-files-8-october-2026/", "EventCode": 1, "Tone": null}}, {"type": "Feature", "geometry": {"type": "Point", "coordinates": [34.0, 45.0]}, "properties": {"Title": "The Shell Leaks Files 8 October 2026", "SourceURL": "https://royaldutchshellplc.com/2026/10/08/the-shell-leaks-files-8-october-2026/", "EventCode": 3, "Tone": null}}, {"type": "Feature", "geometry": {"type": "Point", "coordinates": [39.7257, 43.5992]}, "properties": {"Title": "The Shell Leaks Files 8 October 2026", "SourceURL": "https://royaldutchshellplc.com/2026/10/08/the-shell-leaks-files-8-october-2026/", "EventCode": 3, "Tone": null}}, {"type": "Feature", "geometry": {"type": "Point", "coordinates": [127.0, 37.5664]}, "properties": {"Title": "8209267", "SourceURL": "https://www.voanews.com/a/south-korea-recalls-its-ambassador-to-ukraine-over-north-korea/8209267.html", "EventCode": 3, "Tone": null}}, {"type": "Feature", "geometry": {"type": "Point", "coordinates": [28.8657, 51.4634]}, "properties": {"Title": "74083368", "SourceURL": "https://www.mynbc5.com/article/ukraine-buses-russian-strike-kramatorsk/74083368", "EventCode": 4, "Tone": null}}, {"type": "Feature", "geometry": {"type": "Point", "coordinates": [30.2642, 59.8944]}, "properties": {"Title": "The Shell Leaks Files 8 October 2026", "SourceURL": "https://royaldutchshellplc.com/2026/10/08/the-shell-leaks-files-8-october-2026/", "EventCode": 1, "Tone": null}}, {"type": "Feature", "geometry": {"type": "Point", "coordinates": [37.6156, 55.7522]}, "properties": {"Title": "The Shell Leaks Files 8 October 2026", "SourceURL": "https://royaldutchshellplc.com/2026/10/08/the-shell-leaks-files-8-october-2026/", "EventCode": 1, "Tone": null}}, {"type": "Feature", "geometry": {"type": "Point", "coordinates": [34.0, 45.0]}, "properties": {"Title": "The Shell Leaks Files 8 October 2026", "SourceURL": "https://royaldutchshellplc.com/2026/10/08/the-shell-leaks-files-8-october-2026/", "EventCode": 1, "Tone": null}}, {"type": "Feature", "geometry": {"type": "Point", "coordinates": [30.5167, 50.4333]}, "properties": {"Title": "8209267", "SourceURL": "https://www.voanews.com/a/south-korea-recalls-its-ambassador-to-ukraine-over-north-korea/8209267.html", "EventCode": 3, "Tone": null}}, {"type": "Feature", "geometry": {"type": "Point", "coordinates": [32.0, 49.0]}, "properties": {"Title": "Ukraine Is Building Something Similar To Starlink Zelensky Claims Lets Hope It Fares Better Than Russias Disastrous Rassvet Launch", "SourceURL": "https://www.techradar.com/pro/ukraine-is-building-something-similar-to-starlink-zelensky-claims-lets-hope-it-fares-better-than-russias-disastrous-rassvet-launch", "EventCode": 1, "Tone": null}}, {"type": "Feature", "geometry": {"type": "Point", "coordinates": [127.0, 37.5664]}, "properties": {"Title": "8209267", "SourceURL": "https://www.voanews.com/a/south-korea-recalls-its-ambassador-to-ukraine-over-north-korea/8209267.html", "EventCode": 1, "Tone": null}}, {"type": "Feature", "geometry": {"type": "Point", "coordinates": [127.0, 40.0]}, "properties": {"Title": "8209267", "SourceURL": "https://www.voanews.com/a/south-korea-recalls-its-ambassador-to-ukraine-over-north-korea/8209267.html", "EventCode": 1, "Tone": null}}, {"type": "Feature", "geometry": {"type": "Point", "coordinates": [30.5167, 50.4333]}, "properties": {"Title": "8209267", "SourceURL": "https://www.voanews.com/a/south-korea-recalls-its-ambassador-to-ukraine-over-north-korea/8209267.html", "EventCode": 1, "Tone": null}}, {"type": "Feature", "geometry": {"type": "Point", "coordinates": [30.5167, 50.4333]}, "properties": {"Title": "8209267", "SourceURL": "https://www.voanews.com/a/south-korea-recalls-its-ambassador-to-ukraine-over-north-korea/8209267.html", "EventCode": 1, "Tone": null}}, {"type": "Feature", "geometry": {"type": "Point", "coordinates": [30.5167, 50.4333]}, "properties": {"Title": "8209267", "SourceURL": "https://www.voanews.com/a/south-korea-recalls-its-ambassador-to-ukraine-over-north-korea/8209267.html", "EventCode": 1, "Tone": null}}, {"type": "Feature", "geometry": {"type": "Point", "coordinates": [30.5167, 50.4333]}, "properties": {"Title": "8209267", "SourceURL": "https://www.voanews.com/a/south-korea-recalls-its-ambassador-to-ukraine-over-north-korea/8209267.html", "EventCode": 1, "Tone": null}}, {"type": "Feature", "geometry": {"type": "Point", "coordinates": [30.5167, 50.4333]}, "properties": {"Title": "8209267", "SourceURL": "https://www.voanews.com/a/south-korea-recalls-its-ambassador-to-ukraine-over-north-korea/8209267.html", "EventCode": 1, "Tone": null}}, {"type": "Feature", "geometry": {"type": "Point", "coordinates": [21.1539, 54.4192]}, "properties": {"Title": "Ukraine Is Building Something Similar To Starlink Zelensky Claims Lets Hope It Fares Better Than Russias Disastrous Rassvet Launch", "SourceURL": "https://www.techradar.com/pro/ukraine-is-building-something-similar-to-starlink-zelensky-claims-lets-hope-it-fares-better-than-russias-disastrous-rassvet-launch", "EventCode": 1, "Tone": null}}, {"type": "Feature", "geometry": {"type": "Point", "coordinates": [32.0, 49.0]}, "properties": {"Title": "Ukraine Is Building Something Similar To Starlink Zelensky Claims Lets Hope It Fares Better Than Russias Disastrous Rassvet Launch", "SourceURL": "https://www.techradar.com/pro/ukraine-is-building-something-similar-to-starlink-zelensky-claims-lets-hope-it-fares-better-than-russias-disastrous-rassvet-launch", "EventCode": 1, "Tone": null}}, {"type": "Feature", "geometry": {"type": "Point", "coordinates": [30.5167, 50.4333]}, "properties": {"Title": "8209267", "SourceURL": "https://www.voanews.com/a/south-korea-recalls-its-ambassador-to-ukraine-over-north-korea/8209267.html", "EventCode": 3, "Tone": null}}, {"type": "Feature", "geometry": {"type": "Point", "coordinates": [-112.691, 39.1559]}, "properties": {"Title": "Article 33D3F4F3 Ec46 4Eaa 9760 47Bf697B7767", "SourceURL": "https://www.stgeorgeutah.com/news/rachel-is-coming-southern-utah-faces-days-of-rain-and-heightened-flash-flood-risk-officials/article_33d3f4f3-ec46-4eaa-9760-47bf697b7767.html", "EventCode": 1, "Tone": null}}, {"type": "Feature", "geometry": {"type": "Point", "coordinates": [-80.9696, 38.468]}, "properties": {"Title": "Article 0485A7B1 405C 4Dd2 9459 De3C8F7Fefc6", "SourceURL": "https://www.herald-dispatch.com/news/wv-lawmakers-give-flock-until-friday-to-answer-questions/article_0485a7b1-405c-4dd2-9459-de3c8f7fefc6.html", "EventCode": 1, "Tone": null}}, {"type": "Feature", "geometry": {"type": "Point", "coordinates": [-117.999, 33.6603]}, "properties": {"Title": "James Woods Spencer Pratt Mark Ruffalo N2433086", "SourceURL": "https://twitchy.com/samj/2026/10/08/james-woods-spencer-pratt-mark-ruffalo-n2433086", "EventCode": 1, "Tone": null}}, {"type": "Feature", "geometry": {"type": "Point", "coordinates": [-119.746, 36.17]}, "properties": {"Title": "James Woods Spencer Pratt Mark Ruffalo N2433086", "SourceURL": "https://twitchy.com/samj/2026/10/08/james-woods-spencer-pratt-mark-ruffalo-n2433086", "EventCode": 1, "Tone": null}}, {"type": "Feature", "geometry": {"type": "Point", "coordinates": [-96.8067, 32.7831]}, "properties": {"Title": "Retired Fbi Agent Says She Received Four Nancy Guthrie Bitcoin Ransom Emails", "SourceURL": "https://www.klif.com/2026/10/08/retired-fbi-agent-says-she-received-four-nancy-guthrie-bitcoin-ransom-emails/", "EventCode": 1, "Tone": null}}, {"type": "Feature", "geometry": {"type": "Point", "coordinates": [-111.371, 44.4244]}, "properties": {"Title": "Article 8676A7Da D36E 4B8C 8082 Fc5C2C68B1C1", "SourceURL": "http://www.rexburgstandardjournal.com/news/local/hollywood-screenwriter-novelist-volunteers-with-ashtons-the-write-stuff/article_8676a7da-d36e-4b8c-8082-fc5c2c68b1c1.html", "EventCode": 1, "Tone": null}}, {"type": "Feature", "geometry": {"type": "Point", "coordinates": [-86.5244, 40.5473]}, "properties": {"Title": "Alting Confirms Campaign Step Back Remains On Ballot", "SourceURL": "https://www.carrollcountycomet.com/articles/alting-confirms-campaign-step-back-remains-on-ballot/", "EventCode": 1, "Tone": null}}, {"type": "Feature", "geometry": {"type": "Point", "coordinates": [-90.6335, 41.6334]}, "properties": {"Title": "Scott County Tests Voting Machines In Eldridge For 2026 Elections", "SourceURL": "https://www.wvik.org/wvik-top-stories/2026-10-08/scott-county-tests-voting-machines-in-eldridge-for-2026-elections", "EventCode": 1, "Tone": null}}, {"type": "Feature", "geometry": {"type": "Point", "coordinates": [-93.214, 42.0046]}, "properties": {"Title": "Community Briefs 125", "SourceURL": "https://www.spencerdailyreporter.com/articles/briefs-spencerreporter-2/community-briefs-125/", "EventCode": 1, "Tone": null}}, {"type": "Feature", "geometry": {"type": "Point", "coordinates": [-82.7755, 40.3736]}, "properties": {"Title": "Did Iowas Largest Beginning Farmer Tax Credit Create More Farms", "SourceURL": "https://www.spencerdailyreporter.com/articles/news-spencerreporter-2/did-iowas-largest-beginning-farmer-tax-credit-create-more-farms/", "EventCode": 1, "Tone": null}}, {"type": "Feature", "geometry": {"type": "Point", "coordinates": [-97.1336, 33.2001]}, "properties": {"Title": "Denton County Gop Deploys Six Billboards Ahead Of November Election", "SourceURL": "https://www.klif.com/2026/10/08/denton-county-gop-deploys-six-billboards-ahead-of-november-election/", "EventCode": 1, "Tone": null}}, {"type": "Feature", "geometry": {"type": "Point", "coordinates": [-112.691, 39.1559]}, "properties": {"Title": "Article 33D3F4F3 Ec46 4Eaa 9760 47Bf697B7767", "SourceURL": "https://www.stgeorgeutah.com/news/rachel-is-coming-southern-utah-faces-days-of-rain-and-heightened-flash-flood-risk-officials/article_33d3f4f3-ec46-4eaa-9760-47bf697b7767.html", "EventCode": 1, "Tone": null}}, {"type": "Feature", "geometry": {"type": "Point", "coordinates": [-80.0831, 26.3587]}, "properties": {"Title": "2442263", "SourceURL": "https://www.manilatimes.net/2026/10/09/tmt-newswire/globenewswire/weiss-law-becomes-weiss-bohorquez-as-firm-enters-next-phase-of-growth/2442263", "EventCode": 1, "Tone": null}}, {"type": "Feature", "geometry": {"type": "Point", "coordinates": [-111.371, 44.4244]}, "properties": {"Title": "Article 8676A7Da D36E 4B8C 8082 Fc5C2C68B1C1", "SourceURL": "http://www.rexburgstandardjournal.com/news/local/hollywood-screenwriter-novelist-volunteers-with-ashtons-the-write-stuff/article_8676a7da-d36e-4b8c-8082-fc5c2c68b1c1.html", "EventCode": 1, "Tone": null}}, {"type": "Feature", "geometry": {"type": "Point", "coordinates": [-77.0262, 38.8964]}, "properties": {"Title": "832479", "SourceURL": "https://www.utilitydive.com/news/doe-pjm-ferc-ratepayer-protection-large-load-data-center/832479/", "EventCode": 1, "Tone": null}}, {"type": "Feature", "geometry": {"type": "Point", "coordinates": [-95.0375, 43.0158]}, "properties": {"Title": "Community Briefs 125", "SourceURL": "https://www.spencerdailyreporter.com/articles/briefs-spencerreporter-2/community-briefs-125/", "EventCode": 1, "Tone": null}}, {"type": "Feature", "geometry": {"type": "Point", "coordinates": [-121.617, 39.1404]}, "properties": {"Title": "Article 9626D0Df 571C 5014 9C77 8E27A37D4264", "SourceURL": "https://www.kdrv.com/news/crimewatch/man-accused-of-kidnapping-california-teen-gets-into-pursuit-crashes-off-cliff/article_9626d0df-571c-5014-9c77-8e27a37d4264.html", "EventCode": 1, "Tone": null}}, {"type": "Feature", "geometry": {"type": "Point", "coordinates": [-118.668, 35.2961]}, "properties": {"Title": "Article 9626D0Df 571C 5014 9C77 8E27A37D4264", "SourceURL": "https://www.kdrv.com/news/crimewatch/man-accused-of-kidnapping-california-teen-gets-into-pursuit-crashes-off-cliff/article_9626d0df-571c-5014-9c77-8e27a37d4264.html", "EventCode": 1, "Tone": null}}, {"type": "Feature", "geometry": {"type": "Point", "coordinates": [-112.003, 32.0004]}, "properties": {"Title": "Retired Fbi Agent Says She Received Four Nancy Guthrie Bitcoin Ransom Emails", "SourceURL": "https://www.klif.com/2026/10/08/retired-fbi-agent-says-she-received-four-nancy-guthrie-bitcoin-ransom-emails/", "EventCode": 1, "Tone": null}}, {"type": "Feature", "geometry": {"type": "Point", "coordinates": [-86.158, 39.7684]}, "properties": {"Title": "Article 6443Ad9D 0450 4F85 A8F5 Ccf17Def209B", "SourceURL": "https://www.newsandtribune.com/news/baptist-health-floyd-president-mike-schroyer-receives-ihas-distinguished-service-award/article_6443ad9d-0450-4f85-a8f5-ccf17def209b.html", "EventCode": 1, "Tone": null}}, {"type": "Feature", "geometry": {"type": "Point", "coordinates": [-92.4113, 41.02]}, "properties": {"Title": "Index", "SourceURL": "https://freerepublic.com/tag/*/index?more=4398446", "EventCode": 1, "Tone": null}}, {"type": "Feature", "geometry": {"type": "Point", "coordinates": [-83.6487, 32.9866]}, "properties": {"Title": "Modern Family Law Launches Gray Divorce Practice Across Five States 302903011", "SourceURL": "http://www.prnewswire.com/news-releases/modern-family-law-launches-gray-divorce-practice-across-five-states-302903011.html", "EventCode": 1, "Tone": null}}, {"type": "Feature", "geometry": {"type": "Point", "coordinates": [-83.6487, 32.9866]}, "properties": {"Title": "Modern Family Law Launches Gray Divorce Practice Across Five States 302903011", "SourceURL": "http://www.prnewswire.com/news-releases/modern-family-law-launches-gray-divorce-practice-across-five-states-302903011.html", "EventCode": 1, "Tone": null}}, {"type": "Feature", "geometry": {"type": "Point", "coordinates": [-8.58333, 51.9667]}, "properties": {"Title": "Recalling A Forgotten Irish Revolutionary In Hartford S North End", "SourceURL": "https://www.irishecho.com/2026/10/recalling-a-forgotten-irish-revolutionary-in-hartford-s-north-end", "EventCode": 1, "Tone": null}}, {"type": "Feature", "geometry": {"type": "Point", "coordinates": [-0.116667, 51.5]}, "properties": {"Title": "Recalling A Forgotten Irish Revolutionary In Hartford S North End", "SourceURL": "https://www.irishecho.com/2026/10/recalling-a-forgotten-irish-revolutionary-in-hartford-s-north-end", "EventCode": 1, "Tone": null}}, {"type": "Feature", "geometry": {"type": "Point", "coordinates": [-107.806, 38.5744]}, "properties": {"Title": "Best Denver Concerts This Weekend 40945662", "SourceURL": "https://www.westword.com/music/best-denver-concerts-this-weekend-40945662/", "EventCode": 1, "Tone": null}}, {"type": "Feature", "geometry": {"type": "Point", "coordinates": [-117.001, 47.1252]}, "properties": {"Title": "Latah County Library District Hosting Candidate Forum Friday In Troy", "SourceURL": "https://pullmanradio.com/latah-county-library-district-hosting-candidate-forum-friday-in-troy/", "EventCode": 1, "Tone": null}}, {"type": "Feature", "geometry": {"type": "Point", "coordinates": [-90.6335, 41.6334]}, "properties": {"Title": "Scott County Tests Voting Machines In Eldridge For 2026 Elections", "SourceURL": "https://www.wvik.org/wvik-top-stories/2026-10-08/scott-county-tests-voting-machines-in-eldridge-for-2026-elections", "EventCode": 1, "Tone": null}}, {"type": "Feature", "geometry": {"type": "Point", "coordinates": [-118.327, 34.0983]}, "properties": {"Title": "John Cena Weighs In On Rumors About Long Standing Dwayne Johnson Feud", "SourceURL": "https://wcyb.com/news/entertainment/john-cena-weighs-in-on-rumors-about-long-standing-dwayne-johnson-feud", "EventCode": 1, "Tone": null}}, {"type": "Feature", "geometry": {"type": "Point", "coordinates": [-74.9384, 42.1497]}, "properties": {"Title": "John Cena Weighs In On Rumors About Long Standing Dwayne Johnson Feud", "SourceURL": "https://wcyb.com/news/entertainment/john-cena-weighs-in-on-rumors-about-long-standing-dwayne-johnson-feud", "EventCode": 1, "Tone": null}}, {"type": "Feature", "geometry": {"type": "Point", "coordinates": [-122.127, 44.5672]}, "properties": {"Title": "Article E786B715 244B 452B 93De A91Fa7A223F4", "SourceURL": "https://www.kdrv.com/news/local/ashland-to-host-oregon-outdoor-recreation-summit-in-october/article_e786b715-244b-452b-93de-a91fa7a223f4.html", "EventCode": 1, "Tone": null}}, {"type": "Feature", "geometry": {"type": "Point", "coordinates": [-107.806, 38.5744]}, "properties": {"Title": "Review Ella Langley Red Rocks 40945737", "SourceURL": "https://www.westword.com/music/review-ella-langley-red-rocks-40945737/", "EventCode": 1, "Tone": null}}, {"type": "Feature", "geometry": {"type": "Point", "coordinates": [-92.4113, 41.02]}, "properties": {"Title": "Index", "SourceURL": "https://freerepublic.com/tag/*/index?more=4398446", "EventCode": 1, "Tone": null}}, {"type": "Feature", "geometry": {"type": "Point", "coordinates": [-96.1336, 41.1]}, "properties": {"Title": "Live 1 Omaha Mayor Update Flood Response", "SourceURL": "https://www.wowt.com/2026/10/08/live-1-omaha-mayor-update-flood-response/", "EventCode": 2, "Tone": null}}, {"type": "Feature", "geometry": {"type": "Point", "coordinates": [-72.7093, 44.0407]}, "properties": {"Title": "74083942", "SourceURL": "https://www.mynbc5.com/article/reading-massachusetts-crime-scene-center-avenue/74083942", "EventCode": 2, "Tone": null}}, {"type": "Feature", "geometry": {"type": "Point", "coordinates": [-100.917, 28.2833]}, "properties": {"Title": "Kinder Morgan Restores Us Mexico Gas Flows After Pipeline Outage", "SourceURL": "https://oilprice.com/Latest-Energy-News/World-News/Kinder-Morgan-Restores-US-Mexico-Gas-Flows-After-Pipeline-Outage.html", "EventCode": 2, "Tone": null}}, {"type": "Feature", "geometry": {"type": "Point", "coordinates": [-77.0262, 38.8964]}, "properties": {"Title": "832479", "SourceURL": "https://www.utilitydive.com/news/doe-pjm-ferc-ratepayer-protection-large-load-data-center/832479/", "EventCode": 2, "Tone": null}}, {"type": "Feature", "geometry": {"type": "Point", "coordinates": [-80.9066, 33.8191]}, "properties": {"Title": "Cnn Fact Check", "SourceURL": "https://www.rawstory.com/cnn-fact-check/", "EventCode": 2, "Tone": null}}, {"type": "Feature", "geometry": {"type": "Point", "coordinates": [-122.926, 42.4401]}, "properties": {"Title": "Article E786B715 244B 452B 93De A91Fa7A223F4", "SourceURL": "https://www.kdrv.com/news/local/ashland-to-host-oregon-outdoor-recreation-summit-in-october/article_e786b715-244b-452b-93de-a91fa7a223f4.html", "EventCode": 2, "Tone": null}}, {"type": "Feature", "geometry": {"type": "Point", "coordinates": [-119.746, 36.17]}, "properties": {"Title": "Modern Family Law Launches Gray Divorce Practice Across Five States 302903011", "SourceURL": "http://www.prnewswire.com/news-releases/modern-family-law-launches-gray-divorce-practice-across-five-states-302903011.html", "EventCode": 2, "Tone": null}}, {"type": "Feature", "geometry": {"type": "Point", "coordinates": [-105.327, 39.0646]}, "properties": {"Title": "Modern Family Law Launches Gray Divorce Practice Across Five States 302903011", "SourceURL": "http://www.prnewswire.com/news-releases/modern-family-law-launches-gray-divorce-practice-across-five-states-302903011.html", "EventCode": 2, "Tone": null}}, {"type": "Feature", "geometry": {"type": "Point", "coordinates": [-96.8067, 32.7831]}, "properties": {"Title": "Retired Fbi Agent Says She Received Four Nancy Guthrie Bitcoin Ransom Emails", "SourceURL": "https://www.klif.com/2026/10/08/retired-fbi-agent-says-she-received-four-nancy-guthrie-bitcoin-ransom-emails/", "EventCode": 2, "Tone": null}}, {"type": "Feature", "geometry": {"type": "Point", "coordinates": [-98.2883, 41.1289]}, "properties": {"Title": "Did Iowas Largest Beginning Farmer Tax Credit Create More Farms", "SourceURL": "https://www.spencerdailyreporter.com/articles/news-spencerreporter-2/did-iowas-largest-beginning-farmer-tax-credit-create-more-farms/", "EventCode": 2, "Tone": null}}, {"type": "Feature", "geometry": {"type": "Point", "coordinates": [-93.6091, 41.6005]}, "properties": {"Title": "Index", "SourceURL": "https://freerepublic.com/tag/*/index?more=4398446", "EventCode": 3, "Tone": null}}, {"type": "Feature", "geometry": {"type": "Point", "coordinates": [-92.4113, 41.02]}, "properties": {"Title": "Index", "SourceURL": "https://freerepublic.com/tag/*/index?more=4398446", "EventCode": 3, "Tone": null}}, {"type": "Feature", "geometry": {"type": "Point", "coordinates": [-93.6091, 41.6005]}, "properties": {"Title": "Index", "SourceURL": "https://freerepublic.com/tag/*/index?more=4398446", "EventCode": 3, "Tone": null}}, {"type": "Feature", "geometry": {"type": "Point", "coordinates": [-93.2638, 44.98]}, "properties": {"Title": "Trump Minnesota 2678062874", "SourceURL": "https://www.rawstory.com/trump-minnesota-2678062874/", "EventCode": 3, "Tone": null}}, {"type": "Feature", "geometry": {"type": "Point", "coordinates": [-93.2638, 44.98]}, "properties": {"Title": "Trump Minnesota 2678062874", "SourceURL": "https://www.rawstory.com/trump-minnesota-2678062874/", "EventCode": 3, "Tone": null}}, {"type": "Feature", "geometry": {"type": "Point", "coordinates": [-93.214, 42.0046]}, "properties": {"Title": "Did Iowas Largest Beginning Farmer Tax Credit Create More Farms", "SourceURL": "https://www.spencerdailyreporter.com/articles/news-spencerreporter-2/did-iowas-largest-beginning-farmer-tax-credit-create-more-farms/", "EventCode": 3, "Tone": null}}, {"type": "Feature", "geometry": {"type": "Point", "coordinates": [-81.717, 27.8333]}, "properties": {"Title": "Incoming Dart Ceo Faces Scrutiny In Florida Spending Investigation", "SourceURL": "https://www.klif.com/2026/10/08/incoming-dart-ceo-faces-scrutiny-in-florida-spending-investigation/", "EventCode": 3, "Tone": null}}, {"type": "Feature", "geometry": {"type": "Point", "coordinates": [-80.9066, 33.8191]}, "properties": {"Title": "Cnn Fact Check", "SourceURL": "https://www.rawstory.com/cnn-fact-check/", "EventCode": 4, "Tone": null}}, {"type": "Feature", "geometry": {"type": "Point", "coordinates": [-80.8876, 40.1815]}, "properties": {"Title": "Murder Suspect Among 20 Indicted In Washington County", "SourceURL": "https://www.mariettatimes.com/news/2026/10/murder-suspect-among-20-indicted-in-washington-county/", "EventCode": 4, "Tone": null}}, {"type": "Feature", "geometry": {"type": "Point", "coordinates": [-98.0037, 41.6908]}, "properties": {"Title": "Chiropractor Central Nebraska Accused Sexually Assaulting Client", "SourceURL": "https://www.1011now.com/2026/10/08/chiropractor-central-nebraska-accused-sexually-assaulting-client/", "EventCode": 4, "Tone": null}}, {"type": "Feature", "geometry": {"type": "Point", "coordinates": [-72.786, 41.676]}, "properties": {"Title": "3783078", "SourceURL": "https://www.nbcconnecticut.com/news/local/man-arrested-victim-identified-in-fatal-new-britain-stabbing/3783078/", "EventCode": 4, "Tone": null}}, {"type": "Feature", "geometry": {"type": "Point", "coordinates": [-72.7622, 41.5834]}, "properties": {"Title": "3783078", "SourceURL": "https://www.nbcconnecticut.com/news/local/man-arrested-victim-identified-in-fatal-new-britain-stabbing/3783078/", "EventCode": 4, "Tone": null}}, {"type": "Feature", "geometry": {"type": "Point", "coordinates": [-98.0037, 41.6908]}, "properties": {"Title": "Chiropractor Central Nebraska Accused Sexually Assaulting Client", "SourceURL": "https://www.1011now.com/2026/10/08/chiropractor-central-nebraska-accused-sexually-assaulting-client/", "EventCode": 4, "Tone": null}}, {"type": "Feature", "geometry": {"type": "Point", "coordinates": [-97.5164, 35.4676]}, "properties": {"Title": "Convicted Okc Murderer Charged After Alleged Online Threats To Kill Gov Kevin Stitt", "SourceURL": "https://okcfox.com/news/local/convicted-okc-murderer-charged-after-alleged-online-threats-to-kill-gov-kevin-stitt", "EventCode": 4, "Tone": null}}, {"type": "Feature", "geometry": {"type": "Point", "coordinates": [-4.0, 54.0]}, "properties": {"Title": "3783078", "SourceURL": "https://www.nbcconnecticut.com/news/local/man-arrested-victim-identified-in-fatal-new-britain-stabbing/3783078/", "EventCode": 4, "Tone": null}}, {"type": "Feature", "geometry": {"type": "Point", "coordinates": [-97.5164, 35.4676]}, "properties": {"Title": "Convicted Okc Murderer Charged After Alleged Online Threats To Kill Gov Kevin Stitt", "SourceURL": "https://okcfox.com/news/local/convicted-okc-murderer-charged-after-alleged-online-threats-to-kill-gov-kevin-stitt", "EventCode": 4, "Tone": null}}, {"type": "Feature", "geometry": {"type": "Point", "coordinates": [-95.4002, 29.8336]}, "properties": {"Title": "Katy Shooting Hayman Drive Roommate 2026 October Roommate Arrested", "SourceURL": "https://www.fox26houston.com/news/katy-shooting-hayman-drive-roommate-2026-october-roommate-arrested", "EventCode": 4, "Tone": null}}, {"type": "Feature", "geometry": {"type": "Point", "coordinates": [-93.214, 42.0046]}, "properties": {"Title": "Did Iowas Largest Beginning Farmer Tax Credit Create More Farms", "SourceURL": "https://www.spencerdailyreporter.com/articles/news-spencerreporter-2/did-iowas-largest-beginning-farmer-tax-credit-create-more-farms/", "EventCode": 1, "Tone": null}}, {"type": "Feature", "geometry": {"type": "Point", "coordinates": [-98.2883, 41.1289]}, "properties": {"Title": "Did Iowas Largest Beginning Farmer Tax Credit Create More Farms", "SourceURL": "https://www.spencerdailyreporter.com/articles/news-spencerreporter-2/did-iowas-largest-beginning-farmer-tax-credit-create-more-farms/", "EventCode": 1, "Tone": null}}, {"type": "Feature", "geometry": {"type": "Point", "coordinates": [-74.9384, 42.1497]}, "properties": {"Title": "Sun Life Cautions Shareholders Regarding Ocehan Llcs Below Market Bid For Shares", "SourceURL": "https://www.timminspress.com/press-releases/pr-newswire/sun-life-cautions-shareholders-regarding-ocehan-llcs-below-market-bid-for-shares/", "EventCode": 1, "Tone": null}}, {"type": "Feature", "geometry": {"type": "Point", "coordinates": [121.913, 17.0305]}, "properties": {"Title": "Sun Life Cautions Shareholders Regarding Ocehan Llcs Below Market Bid For Shares 302902954", "SourceURL": "http://www.prnewswire.com/news-releases/sun-life-cautions-shareholders-regarding-ocehan-llcs-below-market-bid-for-shares-302902954.html", "EventCode": 1, "Tone": null}}, {"type": "Feature", "geometry": {"type": "Point", "coordinates": [-74.9384, 42.1497]}, "properties": {"Title": "Sun Life Cautions Shareholders Regarding Ocehan Llcs Below Market Bid For Shares", "SourceURL": "https://www.timminspress.com/press-releases/pr-newswire/sun-life-cautions-shareholders-regarding-ocehan-llcs-below-market-bid-for-shares/", "EventCode": 1, "Tone": null}}, {"type": "Feature", "geometry": {"type": "Point", "coordinates": [-74.9384, 42.1497]}, "properties": {"Title": "Shell Exxon And Bp Defeat New York City Greenwashing Appeal", "SourceURL": "https://royaldutchshellplc.com/2026/10/08/shell-exxon-and-bp-defeat-new-york-city-greenwashing-appeal/", "EventCode": 3, "Tone": null}}, {"type": "Feature", "geometry": {"type": "Point", "coordinates": [-74.9384, 42.1497]}, "properties": {"Title": "Sun Life Cautions Shareholders Regarding Ocehan Llcs Below Market Bid For Shares", "SourceURL": "https://www.timminspress.com/press-releases/pr-newswire/sun-life-cautions-shareholders-regarding-ocehan-llcs-below-market-bid-for-shares/", "EventCode": 3, "Tone": null}}, {"type": "Feature", "geometry": {"type": "Point", "coordinates": [-77.0364, 38.8951]}, "properties": {"Title": "Exps Leo Pareja Lead Agnt Glenn Sanford Steps Down", "SourceURL": "https://www.rismedia.com/2026/10/08/exps-leo-pareja-lead-agnt-glenn-sanford-steps-down/", "EventCode": 4, "Tone": null}}, {"type": "Feature", "geometry": {"type": "Point", "coordinates": [-76.8667, 44.2167]}, "properties": {"Title": "Recalling A Forgotten Irish Revolutionary In Hartford S North End", "SourceURL": "https://www.irishecho.com/2026/10/recalling-a-forgotten-irish-revolutionary-in-hartford-s-north-end", "EventCode": 4, "Tone": null}}, {"type": "Feature", "geometry": {"type": "Point", "coordinates": [-72.7622, 41.5834]}, "properties": {"Title": "Recalling A Forgotten Irish Revolutionary In Hartford S North End", "SourceURL": "https://www.irishecho.com/2026/10/recalling-a-forgotten-irish-revolutionary-in-hartford-s-north-end", "EventCode": 4, "Tone": null}}, {"type": "Feature", "geometry": {"type": "Point", "coordinates": [-0.116667, 51.5]}, "properties": {"Title": "Recalling A Forgotten Irish Revolutionary In Hartford S North End", "SourceURL": "https://www.irishecho.com/2026/10/recalling-a-forgotten-irish-revolutionary-in-hartford-s-north-end", "EventCode": 1, "Tone": null}}, {"type": "Feature", "geometry": {"type": "Point", "coordinates": [-76.8667, 44.2167]}, "properties": {"Title": "Recalling A Forgotten Irish Revolutionary In Hartford S North End", "SourceURL": "https://www.irishecho.com/2026/10/recalling-a-forgotten-irish-revolutionary-in-hartford-s-north-end", "EventCode": 1, "Tone": null}}, {"type": "Feature", "geometry": {"type": "Point", "coordinates": [-87.6501, 41.85]}, "properties": {"Title": "Article 447A1Eea D1B6 5B08 942C A4C66A9B90Fc", "SourceURL": "https://www.thespec.com/entertainment/music/smashing-pumpkins-play-hamilton-concert-for-first-time/article_447a1eea-d1b6-5b08-942c-a4c66a9b90fc.html", "EventCode": 1, "Tone": null}}, {"type": "Feature", "geometry": {"type": "Point", "coordinates": [-87.6501, 41.85]}, "properties": {"Title": "Article 447A1Eea D1B6 5B08 942C A4C66A9B90Fc", "SourceURL": "https://www.thespec.com/entertainment/music/smashing-pumpkins-play-hamilton-concert-for-first-time/article_447a1eea-d1b6-5b08-942c-a4c66a9b90fc.html", "EventCode": 1, "Tone": null}}, {"type": "Feature", "geometry": {"type": "Point", "coordinates": [-76.8667, 44.2167]}, "properties": {"Title": "Recalling A Forgotten Irish Revolutionary In Hartford S North End", "SourceURL": "https://www.irishecho.com/2026/10/recalling-a-forgotten-irish-revolutionary-in-hartford-s-north-end", "EventCode": 1, "Tone": null}}, {"type": "Feature", "geometry": {"type": "Point", "coordinates": [-82.3535, 36.3134]}, "properties": {"Title": "Jcpd Chief Officer Terminated Within 24 Hours After Department Learned Of Investigation", "SourceURL": "https://wcyb.com/news/local/jcpd-chief-officer-terminated-within-24-hours-after-department-learned-of-investigation", "EventCode": 1, "Tone": null}}, {"type": "Feature", "geometry": {"type": "Point", "coordinates": [-95.3633, 29.7633]}, "properties": {"Title": "Houston Man Allegedly Bit Off Father In Laws Finger During Altercation", "SourceURL": "https://www.fox26houston.com/news/houston-man-allegedly-bit-off-father-in-laws-finger-during-altercation", "EventCode": 1, "Tone": null}}, {"type": "Feature", "geometry": {"type": "Point", "coordinates": [-95.7836, 29.5502]}, "properties": {"Title": "Houston Man Allegedly Bit Off Father In Laws Finger During Altercation", "SourceURL": "https://www.fox26houston.com/news/houston-man-allegedly-bit-off-father-in-laws-finger-during-altercation", "EventCode": 1, "Tone": null}}, {"type": "Feature", "geometry": {"type": "Point", "coordinates": [-95.3633, 29.7633]}, "properties": {"Title": "Houston Resident Sentenced His Role 359K Email Scam Scheme", "SourceURL": "https://www.fox26houston.com/news/houston-resident-sentenced-his-role-359k-email-scam-scheme", "EventCode": 1, "Tone": null}}, {"type": "Feature", "geometry": {"type": "Point", "coordinates": [-89.6812, 32.7673]}, "properties": {"Title": "Houston Resident Sentenced His Role 359K Email Scam Scheme", "SourceURL": "https://www.fox26houston.com/news/houston-resident-sentenced-his-role-359k-email-scam-scheme", "EventCode": 1, "Tone": null}}, {"type": "Feature", "geometry": {"type": "Point", "coordinates": [-72.7093, 44.0407]}, "properties": {"Title": "74083942", "SourceURL": "https://www.mynbc5.com/article/reading-massachusetts-crime-scene-center-avenue/74083942", "EventCode": 1, "Tone": null}}, {"type": "Feature", "geometry": {"type": "Point", "coordinates": [-121.617, 39.1404]}, "properties": {"Title": "Article 9626D0Df 571C 5014 9C77 8E27A37D4264", "SourceURL": "https://www.kdrv.com/news/crimewatch/man-accused-of-kidnapping-california-teen-gets-into-pursuit-crashes-off-cliff/article_9626d0df-571c-5014-9c77-8e27a37d4264.html", "EventCode": 2, "Tone": null}}, {"type": "Feature", "geometry": {"type": "Point", "coordinates": [-121.617, 39.1404]}, "properties": {"Title": "Article 9626D0Df 571C 5014 9C77 8E27A37D4264", "SourceURL": "https://www.kdrv.com/news/crimewatch/man-accused-of-kidnapping-california-teen-gets-into-pursuit-crashes-off-cliff/article_9626d0df-571c-5014-9c77-8e27a37d4264.html", "EventCode": 2, "Tone": null}}, {"type": "Feature", "geometry": {"type": "Point", "coordinates": [-121.617, 39.1404]}, "properties": {"Title": "Article 9626D0Df 571C 5014 9C77 8E27A37D4264", "SourceURL": "https://www.kdrv.com/news/crimewatch/man-accused-of-kidnapping-california-teen-gets-into-pursuit-crashes-off-cliff/article_9626d0df-571c-5014-9c77-8e27a37d4264.html", "EventCode": 4, "Tone": null}}, {"type": "Feature", "geometry": {"type": "Point", "coordinates": [-121.617, 39.1404]}, "properties": {"Title": "Article 9626D0Df 571C 5014 9C77 8E27A37D4264", "SourceURL": "https://www.kdrv.com/news/crimewatch/man-accused-of-kidnapping-california-teen-gets-into-pursuit-crashes-off-cliff/article_9626d0df-571c-5014-9c77-8e27a37d4264.html", "EventCode": 4, "Tone": null}}, {"type": "Feature", "geometry": {"type": "Point", "coordinates": [-111.388, 33.7712]}, "properties": {"Title": "9.7374357", "SourceURL": "https://www.cbc.ca/player/play/video/9.7374357", "EventCode": 4, "Tone": null}}, {"type": "Feature", "geometry": {"type": "Point", "coordinates": [-116.563, 43.5407]}, "properties": {"Title": "Article B8C6Dddd F985 40D5 Acdb 4Ff8D03Dbe42", "SourceURL": "http://www.rexburgstandardjournal.com/opinion/columns/opinion-voting-should-be-accessible-to-every-idahoan-right-now-it-isn-t/article_b8c6dddd-f985-40d5-acdb-4ff8d03dbe42.html", "EventCode": 1, "Tone": null}}, {"type": "Feature", "geometry": {"type": "Point", "coordinates": [-87.5736, 30.2944]}, "properties": {"Title": "Article 5D578C57 8E84 5D8F 969B E6Bc1Eeb2D98", "SourceURL": "https://www.couriernews.com/news/national/ap-news-summary-at-5-03-p-m-edt/article_5d578c57-8e84-5d8f-969b-e6bc1eeb2d98.html", "EventCode": 1, "Tone": null}}, {"type": "Feature", "geometry": {"type": "Point", "coordinates": [-97.6475, 31.106]}, "properties": {"Title": "Denton County Gop Deploys Six Billboards Ahead Of November Election", "SourceURL": "https://www.klif.com/2026/10/08/denton-county-gop-deploys-six-billboards-ahead-of-november-election/", "EventCode": 1, "Tone": null}}, {"type": "Feature", "geometry": {"type": "Point", "coordinates": [-87.5736, 30.2944]}, "properties": {"Title": "Article 5D578C57 8E84 5D8F 969B E6Bc1Eeb2D98", "SourceURL": "https://www.couriernews.com/news/national/ap-news-summary-at-5-03-p-m-edt/article_5d578c57-8e84-5d8f-969b-e6bc1eeb2d98.html", "EventCode": 1, "Tone": null}}, {"type": "Feature", "geometry": {"type": "Point", "coordinates": [-96.8067, 32.7831]}, "properties": {"Title": "Denton County Gop Deploys Six Billboards Ahead Of November Election", "SourceURL": "https://www.klif.com/2026/10/08/denton-county-gop-deploys-six-billboards-ahead-of-november-election/", "EventCode": 1, "Tone": null}}, {"type": "Feature", "geometry": {"type": "Point", "coordinates": [-98.1817, 31.0638]}, "properties": {"Title": "Briefly 602", "SourceURL": "http://www.lampasasdispatchrecord.com/news/briefly-602", "EventCode": 1, "Tone": null}}, {"type": "Feature", "geometry": {"type": "Point", "coordinates": [-89.6385, 44.2563]}, "properties": {"Title": "Did Iowas Largest Beginning Farmer Tax Credit Create More Farms", "SourceURL": "https://www.spencerdailyreporter.com/articles/news-spencerreporter-2/did-iowas-largest-beginning-farmer-tax-credit-create-more-farms/", "EventCode": 1, "Tone": null}}, {"type": "Feature", "geometry": {"type": "Point", "coordinates": [-96.6836, 40.2667]}, "properties": {"Title": "Retired Couple Spreads Joy Through Dulcimer Performances Beatrice", "SourceURL": "https://www.1011now.com/2026/10/08/retired-couple-spreads-joy-through-dulcimer-performances-beatrice/", "EventCode": 2, "Tone": null}}, {"type": "Feature", "geometry": {"type": "Point", "coordinates": [-81.717, 27.8333]}, "properties": {"Title": "Desantis Hold Press Conference Thursday Tallahassee", "SourceURL": "https://www.mysuncoast.com/2026/10/08/desantis-hold-press-conference-thursday-tallahassee/", "EventCode": 2, "Tone": null}}, {"type": "Feature", "geometry": {"type": "Point", "coordinates": [-81.717, 27.8333]}, "properties": {"Title": "Desantis Hold Press Conference Thursday Tallahassee", "SourceURL": "https://www.mysuncoast.com/2026/10/08/desantis-hold-press-conference-thursday-tallahassee/", "EventCode": 3, "Tone": null}}, {"type": "Feature", "geometry": {"type": "Point", "coordinates": [-91.8749, 31.1801]}, "properties": {"Title": "2026 10 08 Northshore Family Accused Of Defrauding Medicaid Funding Hamas", "SourceURL": "https://wrno.iheart.com/content/2026-10-08-northshore-family-accused-of-defrauding-medicaid-funding-hamas/", "EventCode": 3, "Tone": null}}, {"type": "Feature", "geometry": {"type": "Point", "coordinates": [-98.2883, 41.1289]}, "properties": {"Title": "Chiropractor Central Nebraska Accused Sexually Assaulting Client", "SourceURL": "https://www.1011now.com/2026/10/08/chiropractor-central-nebraska-accused-sexually-assaulting-client/", "EventCode": 4, "Tone": null}}, {"type": "Feature", "geometry": {"type": "Point", "coordinates": [-98.2883, 41.1289]}, "properties": {"Title": "Chiropractor Central Nebraska Accused Sexually Assaulting Client", "SourceURL": "https://www.1011now.com/2026/10/08/chiropractor-central-nebraska-accused-sexually-assaulting-client/", "EventCode": 4, "Tone": null}}, {"type": "Feature", "geometry": {"type": "Point", "coordinates": [-96.9247, 35.5376]}, "properties": {"Title": "Article D0E1Adfb 4C9C 53C1 9A4A 7D73006D7Bbe", "SourceURL": "https://www.suncommercial.com/gcdailyworld/news/national/article_d0e1adfb-4c9c-53c1-9a4a-7d73006d7bbe.html", "EventCode": 1, "Tone": null}}, {"type": "Feature", "geometry": {"type": "Point", "coordinates": [-77.0364, 38.8951]}, "properties": {"Title": "161518", "SourceURL": "https://www.positivelynaperville.com/2026/10/08/america-250-the-genius-of-the-electoral-college/161518", "EventCode": 1, "Tone": null}}, {"type": "Feature", "geometry": {"type": "Point", "coordinates": [-81.717, 27.8333]}, "properties": {"Title": "The Ashley Gibson Barnett Museum Of Art Announces Annual Scholastic Art And Writing Awards Partnership 302903014", "SourceURL": "http://www.prnewswire.com/news-releases/the-ashley-gibson-barnett-museum-of-art-announces-annual-scholastic-art-and-writing-awards-partnership-302903014.html", "EventCode": 1, "Tone": null}}, {"type": "Feature", "geometry": {"type": "Point", "coordinates": [-96.9247, 35.5376]}, "properties": {"Title": "Oklahomas Oil Producing Ames Crater About 100 Million Years Younger Thought Zircon Dating Shows", "SourceURL": "https://www.natureworldnews.com/articles/73480/20261008/oklahomas-oil-producing-ames-crater-about-100-million-years-younger-thought-zircon-dating-shows.htm", "EventCode": 1, "Tone": null}}, {"type": "Feature", "geometry": {"type": "Point", "coordinates": [-75.5148, 39.3498]}, "properties": {"Title": "Article 57C50C45 91De 4Dc6 8451 5B5E663895Fd", "SourceURL": "https://www.wboc.com/news/middle-school-student-charged-with-felony-after-bringing-a-bb-gun-to-school/article_57c50c45-91de-4dc6-8451-5b5e663895fd.html", "EventCode": 4, "Tone": null}}, {"type": "Feature", "geometry": {"type": "Point", "coordinates": [-98.2883, 41.1289]}, "properties": {"Title": "Did Iowas Largest Beginning Farmer Tax Credit Create More Farms", "SourceURL": "https://www.spencerdailyreporter.com/articles/news-spencerreporter-2/did-iowas-largest-beginning-farmer-tax-credit-create-more-farms/", "EventCode": 1, "Tone": null}}, {"type": "Feature", "geometry": {"type": "Point", "coordinates": [-93.214, 42.0046]}, "properties": {"Title": "Did Iowas Largest Beginning Farmer Tax Credit Create More Farms", "SourceURL": "https://www.spencerdailyreporter.com/articles/news-spencerreporter-2/did-iowas-largest-beginning-farmer-tax-credit-create-more-farms/", "EventCode": 1, "Tone": null}}, {"type": "Feature", "geometry": {"type": "Point", "coordinates": [37.6156, 55.7522]}, "properties": {"Title": "The Shell Leaks Files 8 October 2026", "SourceURL": "https://royaldutchshellplc.com/2026/10/08/the-shell-leaks-files-8-october-2026/", "EventCode": 2, "Tone": null}}, {"type": "Feature", "geometry": {"type": "Point", "coordinates": [-74.9384, 42.1497]}, "properties": {"Title": "The Shell Leaks Files 8 October 2026", "SourceURL": "https://royaldutchshellplc.com/2026/10/08/the-shell-leaks-files-8-october-2026/", "EventCode": 2, "Tone": null}}, {"type": "Feature", "geometry": {"type": "Point", "coordinates": [-71.5314, 42.2373]}, "properties": {"Title": "832521", "SourceURL": "https://www.utilitydive.com/news/massachusetts-clean-energy-funds-winter-heating-oil/832521/", "EventCode": 1, "Tone": null}}, {"type": "Feature", "geometry": {"type": "Point", "coordinates": [-95.3633, 29.7633]}, "properties": {"Title": "Houston Crime 1 Killed Independence Heights Area Shooting Authorities Investigating", "SourceURL": "https://www.fox26houston.com/news/houston-crime-1-killed-independence-heights-area-shooting-authorities-investigating", "EventCode": 4, "Tone": null}}, {"type": "Feature", "geometry": {"type": "Point", "coordinates": [-77.264, 40.5773]}, "properties": {"Title": "Article 38Db7911 7222 47Ea A5Ac 5Bf825F100Af", "SourceURL": "http://www.rexburgstandardjournal.com/news/local/u-s-capitol-christmas-tree-to-tour-idaho/article_38db7911-7222-47ea-a5ac-5bf825f100af.html", "EventCode": 1, "Tone": null}}, {"type": "Feature", "geometry": {"type": "Point", "coordinates": [-121.571, 47.3917]}, "properties": {"Title": "Article 94A64586 6Bae 44A7 Aeed C24Da5230E71", "SourceURL": "https://www.nbcrightnow.com/news/flu-death-reported-in-walla-walla-as-cases-rise-early/article_94a64586-6bae-44a7-aeed-c24da5230e71.html", "EventCode": 1, "Tone": null}}, {"type": "Feature", "geometry": {"type": "Point", "coordinates": [-93.214, 42.0046]}, "properties": {"Title": "Camp Dodge Military Museum Nurses Exhibit", "SourceURL": "https://www.iowapublicradio.org/arts-life/2026-10-08/camp-dodge-military-museum-nurses-exhibit", "EventCode": 1, "Tone": null}}, {"type": "Feature", "geometry": {"type": "Point", "coordinates": [-79.8431, 35.6411]}, "properties": {"Title": "First Flu Death Of Season Reported In Nc", "SourceURL": "https://www.wptf.com/2026/10/08/first-flu-death-of-season-reported-in-nc/", "EventCode": 1, "Tone": null}}, {"type": "Feature", "geometry": {"type": "Point", "coordinates": [-86.158, 39.7684]}, "properties": {"Title": "Article 6443Ad9D 0450 4F85 A8F5 Ccf17Def209B", "SourceURL": "https://www.newsandtribune.com/news/baptist-health-floyd-president-mike-schroyer-receives-ihas-distinguished-service-award/article_6443ad9d-0450-4f85-a8f5-ccf17def209b.html", "EventCode": 1, "Tone": null}}, {"type": "Feature", "geometry": {"type": "Point", "coordinates": [-86.158, 39.7684]}, "properties": {"Title": "Article 6443Ad9D 0450 4F85 A8F5 Ccf17Def209B", "SourceURL": "https://www.newsandtribune.com/news/baptist-health-floyd-president-mike-schroyer-receives-ihas-distinguished-service-award/article_6443ad9d-0450-4f85-a8f5-ccf17def209b.html", "EventCode": 4, "Tone": null}}, {"type": "Feature", "geometry": {"type": "Point", "coordinates": [-86.2604, 39.8647]}, "properties": {"Title": "Article 6443Ad9D 0450 4F85 A8F5 Ccf17Def209B", "SourceURL": "https://www.newsandtribune.com/news/baptist-health-floyd-president-mike-schroyer-receives-ihas-distinguished-service-award/article_6443ad9d-0450-4f85-a8f5-ccf17def209b.html", "EventCode": 4, "Tone": null}}, {"type": "Feature", "geometry": {"type": "Point", "coordinates": [-95.4002, 29.8336]}, "properties": {"Title": "Katy Shooting Hayman Drive Roommate 2026 October Roommate Arrested", "SourceURL": "https://www.fox26houston.com/news/katy-shooting-hayman-drive-roommate-2026-october-roommate-arrested", "EventCode": 4, "Tone": null}}, {"type": "Feature", "geometry": {"type": "Point", "coordinates": [-80.1937, 25.7743]}, "properties": {"Title": "Drew Continues Cabinet Meetings During Stroke Recovery", "SourceURL": "https://zizonline.com/drew-continues-cabinet-meetings-during-stroke-recovery/", "EventCode": 1, "Tone": null}}, {"type": "Feature", "geometry": {"type": "Point", "coordinates": [-81.717, 27.8333]}, "properties": {"Title": "Drew Continues Cabinet Meetings During Stroke Recovery", "SourceURL": "https://zizonline.com/drew-continues-cabinet-meetings-during-stroke-recovery/", "EventCode": 1, "Tone": null}}, {"type": "Feature", "geometry": {"type": "Point", "coordinates": [53.0, 32.0]}, "properties": {"Title": "Trump Backtracks Take Out Los Angeles San Diego Fake News", "SourceURL": "https://www.thewrap.com/media-platforms/politics/trump-backtracks-take-out-los-angeles-san-diego-fake-news/", "EventCode": 1, "Tone": null}}, {"type": "Feature", "geometry": {"type": "Point", "coordinates": [53.0, 32.0]}, "properties": {"Title": "Trump Backtracks Take Out Los Angeles San Diego Fake News", "SourceURL": "https://www.thewrap.com/media-platforms/politics/trump-backtracks-take-out-los-angeles-san-diego-fake-news/", "EventCode": 1, "Tone": null}}, {"type": "Feature", "geometry": {"type": "Point", "coordinates": [44.3939, 33.3386]}, "properties": {"Title": "Iran Celebrated Us Exit But It May Lose Iraq", "SourceURL": "https://www.dailysabah.com/opinion/op-ed/iran-celebrated-us-exit-but-it-may-lose-iraq", "EventCode": 2, "Tone": null}}, {"type": "Feature", "geometry": {"type": "Point", "coordinates": [-77.0364, 38.8951]}, "properties": {"Title": "Iran Celebrated Us Exit But It May Lose Iraq", "SourceURL": "https://www.dailysabah.com/opinion/op-ed/iran-celebrated-us-exit-but-it-may-lose-iraq", "EventCode": 2, "Tone": null}}, {"type": "Feature", "geometry": {"type": "Point", "coordinates": [34.3333, 31.4167]}, "properties": {"Title": "War Lives In Me Gaza Playwright Ali Abu Yasin Wins English Pen Award", "SourceURL": "https://dominicanrepublicpost.com/war-lives-in-me-gaza-playwright-ali-abu-yasin-wins-english-pen-award/", "EventCode": 1, "Tone": null}}, {"type": "Feature", "geometry": {"type": "Point", "coordinates": [-87.6501, 41.85]}, "properties": {"Title": "News", "SourceURL": "https://www.myspiritfm.com/News?view=post&blogid=Catholic%2DNews&articleid=304920", "EventCode": 1, "Tone": null}}, {"type": "Feature", "geometry": {"type": "Point", "coordinates": [-122.127, 44.5672]}, "properties": {"Title": "135961 Federal Overreach Ballot Security And Battle State Voter Privacy", "SourceURL": "https://kboo.fm/media/135961-federal-overreach-ballot-security-and-battle-state-voter-privacy", "EventCode": 1, "Tone": null}}, {"type": "Feature", "geometry": {"type": "Point", "coordinates": [-80.1937, 25.7743]}, "properties": {"Title": "Drew Continues Cabinet Meetings During Stroke Recovery", "SourceURL": "https://zizonline.com/drew-continues-cabinet-meetings-during-stroke-recovery/", "EventCode": 1, "Tone": null}}, {"type": "Feature", "geometry": {"type": "Point", "coordinates": [-81.717, 27.8333]}, "properties": {"Title": "Drew Continues Cabinet Meetings During Stroke Recovery", "SourceURL": "https://zizonline.com/drew-continues-cabinet-meetings-during-stroke-recovery/", "EventCode": 1, "Tone": null}}, {"type": "Feature", "geometry": {"type": "Point", "coordinates": [-89.6812, 32.7673]}, "properties": {"Title": "Munsters Storm Cleanup Mostly Finished But Issues Remain", "SourceURL": "https://www.chicagotribune.com/2026/10/08/munsters-storm-cleanup-mostly-finished-but-issues-remain/", "EventCode": 1, "Tone": null}}, {"type": "Feature", "geometry": {"type": "Point", "coordinates": [-95.4002, 29.8336]}, "properties": {"Title": "17 Year Old Mcdonalds Employee Stabbed To Death In Bathroom Juvenile Worker Detained", "SourceURL": "https://krcrtv.com/news/nation-world/17-year-old-mcdonalds-employee-stabbed-to-death-in-bathroom-juvenile-worker-detained", "EventCode": 4, "Tone": null}}, {"type": "Feature", "geometry": {"type": "Point", "coordinates": [-95.4002, 29.8336]}, "properties": {"Title": "17 Year Old Mcdonalds Employee Stabbed To Death In Bathroom Juvenile Worker Detained", "SourceURL": "https://nebraska.tv/news/nation-world/17-year-old-mcdonalds-employee-stabbed-to-death-in-bathroom-juvenile-worker-detained", "EventCode": 4, "Tone": null}}, {"type": "Feature", "geometry": {"type": "Point", "coordinates": [-80.9696, 38.468]}, "properties": {"Title": "Article 0485A7B1 405C 4Dd2 9459 De3C8F7Fefc6", "SourceURL": "https://www.herald-dispatch.com/news/wv-lawmakers-give-flock-until-friday-to-answer-questions/article_0485a7b1-405c-4dd2-9459-de3c8f7fefc6.html", "EventCode": 3, "Tone": null}}, {"type": "Feature", "geometry": {"type": "Point", "coordinates": [-89.0022, 40.3363]}, "properties": {"Title": "Pennsylvania Man Found Deceased At I 70 Rest Area In Effingham County", "SourceURL": "https://www.effinghamradio.com/2026/10/08/pennsylvania-man-found-deceased-at-i-70-rest-area-in-effingham-county/", "EventCode": 1, "Tone": null}}, {"type": "Feature", "geometry": {"type": "Point", "coordinates": [-96.8067, 32.7831]}, "properties": {"Title": "Denton County Gop Deploys Six Billboards Ahead Of November Election", "SourceURL": "https://www.klif.com/2026/10/08/denton-county-gop-deploys-six-billboards-ahead-of-november-election/", "EventCode": 1, "Tone": null}}, {"type": "Feature", "geometry": {"type": "Point", "coordinates": [-114.51, 44.2394]}, "properties": {"Title": "Article 8676A7Da D36E 4B8C 8082 Fc5C2C68B1C1", "SourceURL": "http://www.rexburgstandardjournal.com/news/local/hollywood-screenwriter-novelist-volunteers-with-ashtons-the-write-stuff/article_8676a7da-d36e-4b8c-8082-fc5c2c68b1c1.html", "EventCode": 1, "Tone": null}}, {"type": "Feature", "geometry": {"type": "Point", "coordinates": [-114.51, 44.2394]}, "properties": {"Title": "Article 8676A7Da D36E 4B8C 8082 Fc5C2C68B1C1", "SourceURL": "http://www.rexburgstandardjournal.com/news/local/hollywood-screenwriter-novelist-volunteers-with-ashtons-the-write-stuff/article_8676a7da-d36e-4b8c-8082-fc5c2c68b1c1.html", "EventCode": 1, "Tone": null}}, {"type": "Feature", "geometry": {"type": "Point", "coordinates": [-111.371, 44.4244]}, "properties": {"Title": "Article 8676A7Da D36E 4B8C 8082 Fc5C2C68B1C1", "SourceURL": "http://www.rexburgstandardjournal.com/news/local/hollywood-screenwriter-novelist-volunteers-with-ashtons-the-write-stuff/article_8676a7da-d36e-4b8c-8082-fc5c2c68b1c1.html", "EventCode": 1, "Tone": null}}, {"type": "Feature", "geometry": {"type": "Point", "coordinates": [-93.214, 42.0046]}, "properties": {"Title": "U S Senate Debate Ashley Hinson Josh Turek", "SourceURL": "https://www.iowapublicradio.org/political-news/2026-10-08/u-s-senate-debate-ashley-hinson-josh-turek", "EventCode": 1, "Tone": null}}, {"type": "Feature", "geometry": {"type": "Point", "coordinates": [-111.371, 44.4244]}, "properties": {"Title": "Article 8676A7Da D36E 4B8C 8082 Fc5C2C68B1C1", "SourceURL": "http://www.rexburgstandardjournal.com/news/local/hollywood-screenwriter-novelist-volunteers-with-ashtons-the-write-stuff/article_8676a7da-d36e-4b8c-8082-fc5c2c68b1c1.html", "EventCode": 1, "Tone": null}}, {"type": "Feature", "geometry": {"type": "Point", "coordinates": [-96.8005, 38.5111]}, "properties": {"Title": "Army Dc Midair Collision Report", "SourceURL": "https://www.chicagotribune.com/2026/10/08/army-dc-midair-collision-report/", "EventCode": 1, "Tone": null}}, {"type": "Feature", "geometry": {"type": "Point", "coordinates": [-77.0364, 38.8951]}, "properties": {"Title": "Iran Celebrated Us Exit But It May Lose Iraq", "SourceURL": "https://www.dailysabah.com/opinion/op-ed/iran-celebrated-us-exit-but-it-may-lose-iraq", "EventCode": 2, "Tone": null}}, {"type": "Feature", "geometry": {"type": "Point", "coordinates": [-77.0364, 38.8951]}, "properties": {"Title": "Iran Celebrated Us Exit But It May Lose Iraq", "SourceURL": "https://www.dailysabah.com/opinion/op-ed/iran-celebrated-us-exit-but-it-may-lose-iraq", "EventCode": 2, "Tone": null}}, {"type": "Feature", "geometry": {"type": "Point", "coordinates": [-74.9384, 42.1497]}, "properties": {"Title": "Shell Exxon And Bp Defeat New York City Greenwashing Appeal", "SourceURL": "https://royaldutchshellplc.com/2026/10/08/shell-exxon-and-bp-defeat-new-york-city-greenwashing-appeal/", "EventCode": 2, "Tone": null}}, {"type": "Feature", "geometry": {"type": "Point", "coordinates": [-74.9384, 42.1497]}, "properties": {"Title": "Shell Exxon And Bp Defeat New York City Greenwashing Appeal", "SourceURL": "https://royaldutchshellplc.com/2026/10/08/shell-exxon-and-bp-defeat-new-york-city-greenwashing-appeal/", "EventCode": 3, "Tone": null}}, {"type": "Feature", "geometry": {"type": "Point", "coordinates": [-98.5795, 39.828175]}, "properties": {"Title": "2087358182 Us Suspends Green Card Processing For Major Indian It Firms", "SourceURL": "https://www.samaa.tv/2087358182-us-suspends-green-card-processing-for-major-indian-it-firms", "EventCode": 1, "Tone": null}}, {"type": "Feature", "geometry": {"type": "Point", "coordinates": [-111.388, 33.7712]}, "properties": {"Title": "Globalfoundries To Produce Silicon Interposers For Tsmcs Cowos In The Us Five Year Agreement Valued At Usd2 Billion", "SourceURL": "https://www.tomshardware.com/tech-industry/semiconductors/globalfoundries-to-produce-silicon-interposers-for-tsmcs-cowos-in-the-us-five-year-agreement-valued-at-usd2-billion", "EventCode": 1, "Tone": null}}, {"type": "Feature", "geometry": {"type": "Point", "coordinates": [-77.0364, 38.8951]}, "properties": {"Title": "Iran Celebrated Us Exit But It May Lose Iraq", "SourceURL": "https://www.dailysabah.com/opinion/op-ed/iran-celebrated-us-exit-but-it-may-lose-iraq", "EventCode": 1, "Tone": null}}, {"type": "Feature", "geometry": {"type": "Point", "coordinates": [5.75, 52.5]}, "properties": {"Title": "The Shell Leaks Files 8 October 2026", "SourceURL": "https://royaldutchshellplc.com/2026/10/08/the-shell-leaks-files-8-october-2026/", "EventCode": 1, "Tone": null}}, {"type": "Feature", "geometry": {"type": "Point", "coordinates": [5.75, 52.5]}, "properties": {"Title": "The Shell Leaks Files 8 October 2026", "SourceURL": "https://royaldutchshellplc.com/2026/10/08/the-shell-leaks-files-8-october-2026/", "EventCode": 1, "Tone": null}}, {"type": "Feature", "geometry": {"type": "Point", "coordinates": [-98.5795, 39.828175]}, "properties": {"Title": "Apotex To Announce Second Quarter Fiscal 2027 Financial Results And Host Conference Call On November 12 2026", "SourceURL": "https://www.timminspress.com/press-releases/pr-newswire/apotex-to-announce-second-quarter-fiscal-2027-financial-results-and-host-conference-call-on-november-12-2026/", "EventCode": 1, "Tone": null}}, {"type": "Feature", "geometry": {"type": "Point", "coordinates": [-107.806, 38.5744]}, "properties": {"Title": "Best Denver Concerts This Weekend 40945662", "SourceURL": "https://www.westword.com/music/best-denver-concerts-this-weekend-40945662/", "EventCode": 1, "Tone": null}}, {"type": "Feature", "geometry": {"type": "Point", "coordinates": [123.337, 13.3594]}, "properties": {"Title": "Filipino Food St Louis", "SourceURL": "https://www.stlmag.com/dining/filipino-food-st-louis/", "EventCode": 1, "Tone": null}}, {"type": "Feature", "geometry": {"type": "Point", "coordinates": [-81.6954, 41.4995]}, "properties": {"Title": "Browns Players Brighten Patients Days By Visiting The American Cancer Society Hope Lodge", "SourceURL": "https://www.clevelandbrowns.com/news/browns-players-brighten-patients-days-by-visiting-the-american-cancer-society-hope-lodge", "EventCode": 1, "Tone": null}}, {"type": "Feature", "geometry": {"type": "Point", "coordinates": [-82.7755, 40.3736]}, "properties": {"Title": "Browns Players Brighten Patients Days By Visiting The American Cancer Society Hope Lodge", "SourceURL": "https://www.clevelandbrowns.com/news/browns-players-brighten-patients-days-by-visiting-the-american-cancer-society-hope-lodge", "EventCode": 1, "Tone": null}}, {"type": "Feature", "geometry": {"type": "Point", "coordinates": [-98.5795, 39.828175]}, "properties": {"Title": "War Lives In Me Gaza Playwright Ali Abu Yasin Wins English Pen Award", "SourceURL": "https://dominicanrepublicpost.com/war-lives-in-me-gaza-playwright-ali-abu-yasin-wins-english-pen-award/", "EventCode": 3, "Tone": null}}, {"type": "Feature", "geometry": {"type": "Point", "coordinates": [-91.8749, 31.1801]}, "properties": {"Title": "2026 10 08 Northshore Family Accused Of Defrauding Medicaid Funding Hamas", "SourceURL": "https://wrno.iheart.com/content/2026-10-08-northshore-family-accused-of-defrauding-medicaid-funding-hamas/", "EventCode": 2, "Tone": null}}, {"type": "Feature", "geometry": {"type": "Point", "coordinates": [-77.264, 40.5773]}, "properties": {"Title": "Article 38Db7911 7222 47Ea A5Ac 5Bf825F100Af", "SourceURL": "http://www.rexburgstandardjournal.com/news/local/u-s-capitol-christmas-tree-to-tour-idaho/article_38db7911-7222-47ea-a5ac-5bf825f100af.html", "EventCode": 1, "Tone": null}}, {"type": "Feature", "geometry": {"type": "Point", "coordinates": [37.6156, 55.7522]}, "properties": {"Title": "The Shell Leaks Files 8 October 2026", "SourceURL": "https://royaldutchshellplc.com/2026/10/08/the-shell-leaks-files-8-october-2026/", "EventCode": 4, "Tone": null}}, {"type": "Feature", "geometry": {"type": "Point", "coordinates": [5.75, 52.5]}, "properties": {"Title": "The Shell Leaks Files 8 October 2026", "SourceURL": "https://royaldutchshellplc.com/2026/10/08/the-shell-leaks-files-8-october-2026/", "EventCode": 4, "Tone": null}}, {"type": "Feature", "geometry": {"type": "Point", "coordinates": [34.0, 45.0]}, "properties": {"Title": "The Shell Leaks Files 8 October 2026", "SourceURL": "https://royaldutchshellplc.com/2026/10/08/the-shell-leaks-files-8-october-2026/", "EventCode": 3, "Tone": null}}, {"type": "Feature", "geometry": {"type": "Point", "coordinates": [54.9833, 52.4]}, "properties": {"Title": "The Shell Leaks Files 8 October 2026", "SourceURL": "https://royaldutchshellplc.com/2026/10/08/the-shell-leaks-files-8-october-2026/", "EventCode": 3, "Tone": null}}, {"type": "Feature", "geometry": {"type": "Point", "coordinates": [34.0, 45.0]}, "properties": {"Title": "The Shell Leaks Files 8 October 2026", "SourceURL": "https://royaldutchshellplc.com/2026/10/08/the-shell-leaks-files-8-october-2026/", "EventCode": 4, "Tone": null}}, {"type": "Feature", "geometry": {"type": "Point", "coordinates": [54.9833, 52.4]}, "properties": {"Title": "The Shell Leaks Files 8 October 2026", "SourceURL": "https://royaldutchshellplc.com/2026/10/08/the-shell-leaks-files-8-october-2026/", "EventCode": 4, "Tone": null}}, {"type": "Feature", "geometry": {"type": "Point", "coordinates": [-82.3535, 36.3134]}, "properties": {"Title": "Jcpd Chief Officer Terminated Within 24 Hours After Department Learned Of Investigation", "SourceURL": "https://wcyb.com/news/local/jcpd-chief-officer-terminated-within-24-hours-after-department-learned-of-investigation", "EventCode": 1, "Tone": null}}, {"type": "Feature", "geometry": {"type": "Point", "coordinates": [-95.3633, 29.7633]}, "properties": {"Title": "Houston Crime 1 Killed Independence Heights Area Shooting Authorities Investigating", "SourceURL": "https://www.fox26houston.com/news/houston-crime-1-killed-independence-heights-area-shooting-authorities-investigating", "EventCode": 4, "Tone": null}}, {"type": "Feature", "geometry": {"type": "Point", "coordinates": [-96.9247, 35.5376]}, "properties": {"Title": "Oklahomas Oil Producing Ames Crater About 100 Million Years Younger Thought Zircon Dating Shows", "SourceURL": "https://www.natureworldnews.com/articles/73480/20261008/oklahomas-oil-producing-ames-crater-about-100-million-years-younger-thought-zircon-dating-shows.htm", "EventCode": 1, "Tone": null}}, {"type": "Feature", "geometry": {"type": "Point", "coordinates": [-82.3535, 36.3134]}, "properties": {"Title": "Jcpd Chief Officer Terminated Within 24 Hours After Department Learned Of Investigation", "SourceURL": "https://wcyb.com/news/local/jcpd-chief-officer-terminated-within-24-hours-after-department-learned-of-investigation", "EventCode": 1, "Tone": null}}, {"type": "Feature", "geometry": {"type": "Point", "coordinates": [-74.9384, 42.1497]}, "properties": {"Title": "Index", "SourceURL": "https://freerepublic.com/tag/*/index?more=4398446", "EventCode": 1, "Tone": null}}, {"type": "Feature", "geometry": {"type": "Point", "coordinates": [-74.9384, 42.1497]}, "properties": {"Title": "Index", "SourceURL": "https://freerepublic.com/tag/*/index?more=4398446", "EventCode": 1, "Tone": null}}, {"type": "Feature", "geometry": {"type": "Point", "coordinates": [-74.9384, 42.1497]}, "properties": {"Title": "Shell Exxon And Bp Defeat New York City Greenwashing Appeal", "SourceURL": "https://royaldutchshellplc.com/2026/10/08/shell-exxon-and-bp-defeat-new-york-city-greenwashing-appeal/", "EventCode": 3, "Tone": null}}, {"type": "Feature", "geometry": {"type": "Point", "coordinates": [-74.9384, 42.1497]}, "properties": {"Title": "Shell Exxon And Bp Defeat New York City Greenwashing Appeal", "SourceURL": "https://royaldutchshellplc.com/2026/10/08/shell-exxon-and-bp-defeat-new-york-city-greenwashing-appeal/", "EventCode": 3, "Tone": null}}, {"type": "Feature", "geometry": {"type": "Point", "coordinates": [-111.388, 33.7712]}, "properties": {"Title": "Poll F70F5888 B201 4Efe B6D6 10Ff914E47Ad", "SourceURL": "https://www.havasunews.com/parker_pioneer/todays-poll-should-arizona-lawmakers-require-stronger-oversight-of-properties-receiving-affordable-housing-tax-credits/poll_f70f5888-b201-4efe-b6d6-10ff914e47ad.html", "EventCode": 1, "Tone": null}}, {"type": "Feature", "geometry": {"type": "Point", "coordinates": [-77.0364, 38.8951]}, "properties": {"Title": "U S Senate Debate Ashley Hinson Josh Turek", "SourceURL": "https://www.iowapublicradio.org/political-news/2026-10-08/u-s-senate-debate-ashley-hinson-josh-turek", "EventCode": 1, "Tone": null}}, {"type": "Feature", "geometry": {"type": "Point", "coordinates": [-93.214, 42.0046]}, "properties": {"Title": "U S Senate Debate Ashley Hinson Josh Turek", "SourceURL": "https://www.iowapublicradio.org/political-news/2026-10-08/u-s-senate-debate-ashley-hinson-josh-turek", "EventCode": 1, "Tone": null}}, {"type": "Feature", "geometry": {"type": "Point", "coordinates": [-96.8005, 38.5111]}, "properties": {"Title": "Army Dc Midair Collision Report", "SourceURL": "https://www.chicagotribune.com/2026/10/08/army-dc-midair-collision-report/", "EventCode": 1, "Tone": null}}, {"type": "Feature", "geometry": {"type": "Point", "coordinates": [-121.617, 39.1404]}, "properties": {"Title": "Article 9626D0Df 571C 5014 9C77 8E27A37D4264", "SourceURL": "https://www.kdrv.com/news/crimewatch/man-accused-of-kidnapping-california-teen-gets-into-pursuit-crashes-off-cliff/article_9626d0df-571c-5014-9c77-8e27a37d4264.html", "EventCode": 3, "Tone": null}}, {"type": "Feature", "geometry": {"type": "Point", "coordinates": [-121.617, 39.1404]}, "properties": {"Title": "Article 9626D0Df 571C 5014 9C77 8E27A37D4264", "SourceURL": "https://www.kdrv.com/news/crimewatch/man-accused-of-kidnapping-california-teen-gets-into-pursuit-crashes-off-cliff/article_9626d0df-571c-5014-9c77-8e27a37d4264.html", "EventCode": 3, "Tone": null}}, {"type": "Feature", "geometry": {"type": "Point", "coordinates": [-73.079, 41.3462]}, "properties": {"Title": "3782980", "SourceURL": "https://www.nbcconnecticut.com/news/local/two-ansonia-men-arrested-accused-of-intentionally-setting-playground-on-fire/3782980/", "EventCode": 1, "Tone": null}}, {"type": "Feature", "geometry": {"type": "Point", "coordinates": [-90.6335, 41.6334]}, "properties": {"Title": "Scott County Tests Voting Machines In Eldridge For 2026 Elections", "SourceURL": "https://www.wvik.org/wvik-top-stories/2026-10-08/scott-county-tests-voting-machines-in-eldridge-for-2026-elections", "EventCode": 1, "Tone": null}}, {"type": "Feature", "geometry": {"type": "Point", "coordinates": [-77.0364, 38.8951]}, "properties": {"Title": "161518", "SourceURL": "https://www.positivelynaperville.com/2026/10/08/america-250-the-genius-of-the-electoral-college/161518", "EventCode": 1, "Tone": null}}, {"type": "Feature", "geometry": {"type": "Point", "coordinates": [-77.0364, 38.8951]}, "properties": {"Title": "161518", "SourceURL": "https://www.positivelynaperville.com/2026/10/08/america-250-the-genius-of-the-electoral-college/161518", "EventCode": 1, "Tone": null}}, {"type": "Feature", "geometry": {"type": "Point", "coordinates": [37.6156, 55.7522]}, "properties": {"Title": "Ui Pumpkin Fest Saturday", "SourceURL": "https://pullmanradio.com/ui-pumpkin-fest-saturday/", "EventCode": 1, "Tone": null}}, {"type": "Feature", "geometry": {"type": "Point", "coordinates": [-96.9247, 35.5376]}, "properties": {"Title": "Oklahomas Oil Producing Ames Crater About 100 Million Years Younger Thought Zircon Dating Shows", "SourceURL": "https://www.natureworldnews.com/articles/73480/20261008/oklahomas-oil-producing-ames-crater-about-100-million-years-younger-thought-zircon-dating-shows.htm", "EventCode": 1, "Tone": null}}, {"type": "Feature", "geometry": {"type": "Point", "coordinates": [-96.8005, 38.5111]}, "properties": {"Title": "Army Dc Midair Collision Report", "SourceURL": "https://www.chicagotribune.com/2026/10/08/army-dc-midair-collision-report/", "EventCode": 1, "Tone": null}}, {"type": "Feature", "geometry": {"type": "Point", "coordinates": [18.2953, 44.8139]}, "properties": {"Title": "Trump Russia 2678058793", "SourceURL": "https://www.rawstory.com/trump-russia-2678058793/", "EventCode": 1, "Tone": null}}, {"type": "Feature", "geometry": {"type": "Point", "coordinates": [-111.388, 33.7712]}, "properties": {"Title": "Article D0E1Adfb 4C9C 53C1 9A4A 7D73006D7Bbe", "SourceURL": "https://www.suncommercial.com/gcdailyworld/news/national/article_d0e1adfb-4c9c-53c1-9a4a-7d73006d7bbe.html", "EventCode": 1, "Tone": null}}, {"type": "Feature", "geometry": {"type": "Point", "coordinates": [-93.2638, 44.98]}, "properties": {"Title": "Trump Minnesota 2678062874", "SourceURL": "https://www.rawstory.com/trump-minnesota-2678062874/", "EventCode": 1, "Tone": null}}, {"type": "Feature", "geometry": {"type": "Point", "coordinates": [-97.6475, 31.106]}, "properties": {"Title": "Index", "SourceURL": "https://freerepublic.com/tag/*/index?more=4398446", "EventCode": 1, "Tone": null}}, {"type": "Feature", "geometry": {"type": "Point", "coordinates": [-111.388, 33.7712]}, "properties": {"Title": "Article D0E1Adfb 4C9C 53C1 9A4A 7D73006D7Bbe", "SourceURL": "https://www.suncommercial.com/gcdailyworld/news/national/article_d0e1adfb-4c9c-53c1-9a4a-7d73006d7bbe.html", "EventCode": 2, "Tone": null}}, {"type": "Feature", "geometry": {"type": "Point", "coordinates": [-0.116667, 51.5]}, "properties": {"Title": "Recalling A Forgotten Irish Revolutionary In Hartford S North End", "SourceURL": "https://www.irishecho.com/2026/10/recalling-a-forgotten-irish-revolutionary-in-hartford-s-north-end", "EventCode": 4, "Tone": null}}, {"type": "Feature", "geometry": {"type": "Point", "coordinates": [-96.8067, 32.7831]}, "properties": {"Title": "Denton County Gop Deploys Six Billboards Ahead Of November Election", "SourceURL": "https://www.klif.com/2026/10/08/denton-county-gop-deploys-six-billboards-ahead-of-november-election/", "EventCode": 1, "Tone": null}}, {"type": "Feature", "geometry": {"type": "Point", "coordinates": [-97.6475, 31.106]}, "properties": {"Title": "Denton County Gop Deploys Six Billboards Ahead Of November Election", "SourceURL": "https://www.klif.com/2026/10/08/denton-county-gop-deploys-six-billboards-ahead-of-november-election/", "EventCode": 1, "Tone": null}}, {"type": "Feature", "geometry": {"type": "Point", "coordinates": [-97.6475, 31.106]}, "properties": {"Title": "Paul Begala 2678058973", "SourceURL": "https://www.rawstory.com/paul-begala-2678058973/", "EventCode": 1, "Tone": null}}, {"type": "Feature", "geometry": {"type": "Point", "coordinates": [-93.2638, 44.98]}, "properties": {"Title": "Trump Minnesota 2678062874", "SourceURL": "https://www.rawstory.com/trump-minnesota-2678062874/", "EventCode": 1, "Tone": null}}, {"type": "Feature", "geometry": {"type": "Point", "coordinates": [-93.2638, 44.98]}, "properties": {"Title": "Trump Minnesota 2678062874", "SourceURL": "https://www.rawstory.com/trump-minnesota-2678062874/", "EventCode": 1, "Tone": null}}, {"type": "Feature", "geometry": {"type": "Point", "coordinates": [-72.7622, 41.5834]}, "properties": {"Title": "Recalling A Forgotten Irish Revolutionary In Hartford S North End", "SourceURL": "https://www.irishecho.com/2026/10/recalling-a-forgotten-irish-revolutionary-in-hartford-s-north-end", "EventCode": 3, "Tone": null}}, {"type": "Feature", "geometry": {"type": "Point", "coordinates": [-74.9384, 42.1497]}, "properties": {"Title": "Shell Exxon And Bp Defeat New York City Greenwashing Appeal", "SourceURL": "https://royaldutchshellplc.com/2026/10/08/shell-exxon-and-bp-defeat-new-york-city-greenwashing-appeal/", "EventCode": 1, "Tone": null}}, {"type": "Feature", "geometry": {"type": "Point", "coordinates": [-98.5795, 39.828175]}, "properties": {"Title": "Posts", "SourceURL": "https://freerepublic.com/focus/f-chat/4398455/posts", "EventCode": 2, "Tone": null}}, {"type": "Feature", "geometry": {"type": "Point", "coordinates": [-74.9384, 42.1497]}, "properties": {"Title": "Shell Exxon And Bp Defeat New York City Greenwashing Appeal", "SourceURL": "https://royaldutchshellplc.com/2026/10/08/shell-exxon-and-bp-defeat-new-york-city-greenwashing-appeal/", "EventCode": 3, "Tone": null}}, {"type": "Feature", "geometry": {"type": "Point", "coordinates": [-98.5795, 39.828175]}, "properties": {"Title": "Posts", "SourceURL": "https://freerepublic.com/focus/f-chat/4398455/posts", "EventCode": 3, "Tone": null}}, {"type": "Feature", "geometry": {"type": "Point", "coordinates": [-74.9384, 42.1497]}, "properties": {"Title": "Shell Exxon And Bp Defeat New York City Greenwashing Appeal", "SourceURL": "https://royaldutchshellplc.com/2026/10/08/shell-exxon-and-bp-defeat-new-york-city-greenwashing-appeal/", "EventCode": 3, "Tone": null}}, {"type": "Feature", "geometry": {"type": "Point", "coordinates": [-111.388, 33.7712]}, "properties": {"Title": "9.7374357", "SourceURL": "https://www.cbc.ca/player/play/video/9.7374357", "EventCode": 4, "Tone": null}}, {"type": "Feature", "geometry": {"type": "Point", "coordinates": [-74.9384, 42.1497]}, "properties": {"Title": "Shell Exxon And Bp Defeat New York City Greenwashing Appeal", "SourceURL": "https://royaldutchshellplc.com/2026/10/08/shell-exxon-and-bp-defeat-new-york-city-greenwashing-appeal/", "EventCode": 3, "Tone": null}}, {"type": "Feature", "geometry": {"type": "Point", "coordinates": [77.0, 20.0]}, "properties": {"Title": "2087358185 About Time The Us Looked Inside The Outsourcing Machine", "SourceURL": "https://www.samaa.tv/2087358185-about-time-the-us-looked-inside-the-outsourcing-machine", "EventCode": 3, "Tone": null}}, {"type": "Feature", "geometry": {"type": "Point", "coordinates": [-111.388, 33.7712]}, "properties": {"Title": "Poll F70F5888 B201 4Efe B6D6 10Ff914E47Ad", "SourceURL": "https://www.havasunews.com/parker_pioneer/todays-poll-should-arizona-lawmakers-require-stronger-oversight-of-properties-receiving-affordable-housing-tax-credits/poll_f70f5888-b201-4efe-b6d6-10ff914e47ad.html", "EventCode": 1, "Tone": null}}, {"type": "Feature", "geometry": {"type": "Point", "coordinates": [-93.214, 42.0046]}, "properties": {"Title": "U S Senate Debate Ashley Hinson Josh Turek", "SourceURL": "https://www.iowapublicradio.org/political-news/2026-10-08/u-s-senate-debate-ashley-hinson-josh-turek", "EventCode": 1, "Tone": null}}, {"type": "Feature", "geometry": {"type": "Point", "coordinates": [-93.214, 42.0046]}, "properties": {"Title": "U S Senate Debate Ashley Hinson Josh Turek", "SourceURL": "https://www.iowapublicradio.org/political-news/2026-10-08/u-s-senate-debate-ashley-hinson-josh-turek", "EventCode": 1, "Tone": null}}, {"type": "Feature", "geometry": {"type": "Point", "coordinates": [-77.0364, 38.8951]}, "properties": {"Title": "U S Senate Debate Ashley Hinson Josh Turek", "SourceURL": "https://www.iowapublicradio.org/political-news/2026-10-08/u-s-senate-debate-ashley-hinson-josh-turek", "EventCode": 1, "Tone": null}}, {"type": "Feature", "geometry": {"type": "Point", "coordinates": [-86.5244, 40.5473]}, "properties": {"Title": "Alting Confirms Campaign Step Back Remains On Ballot", "SourceURL": "https://www.carrollcountycomet.com/articles/alting-confirms-campaign-step-back-remains-on-ballot/", "EventCode": 3, "Tone": null}}, {"type": "Feature", "geometry": {"type": "Point", "coordinates": [54.9833, 52.4]}, "properties": {"Title": "The Shell Leaks Files 8 October 2026", "SourceURL": "https://royaldutchshellplc.com/2026/10/08/the-shell-leaks-files-8-october-2026/", "EventCode": 1, "Tone": null}}, {"type": "Feature", "geometry": {"type": "Point", "coordinates": [5.75, 52.5]}, "properties": {"Title": "The Shell Leaks Files 8 October 2026", "SourceURL": "https://royaldutchshellplc.com/2026/10/08/the-shell-leaks-files-8-october-2026/", "EventCode": 1, "Tone": null}}, {"type": "Feature", "geometry": {"type": "Point", "coordinates": [54.9833, 52.4]}, "properties": {"Title": "The Shell Leaks Files 8 October 2026", "SourceURL": "https://royaldutchshellplc.com/2026/10/08/the-shell-leaks-files-8-october-2026/", "EventCode": 1, "Tone": null}}, {"type": "Feature", "geometry": {"type": "Point", "coordinates": [5.75, 52.5]}, "properties": {"Title": "The Shell Leaks Files 8 October 2026", "SourceURL": "https://royaldutchshellplc.com/2026/10/08/the-shell-leaks-files-8-october-2026/", "EventCode": 1, "Tone": null}}, {"type": "Feature", "geometry": {"type": "Point", "coordinates": [54.9833, 52.4]}, "properties": {"Title": "The Shell Leaks Files 8 October 2026", "SourceURL": "https://royaldutchshellplc.com/2026/10/08/the-shell-leaks-files-8-october-2026/", "EventCode": 1, "Tone": null}}, {"type": "Feature", "geometry": {"type": "Point", "coordinates": [5.75, 52.5]}, "properties": {"Title": "The Shell Leaks Files 8 October 2026", "SourceURL": "https://royaldutchshellplc.com/2026/10/08/the-shell-leaks-files-8-october-2026/", "EventCode": 1, "Tone": null}}, {"type": "Feature", "geometry": {"type": "Point", "coordinates": [-98.5795, 39.828175]}, "properties": {"Title": "2087358182 Us Suspends Green Card Processing For Major Indian It Firms", "SourceURL": "https://www.samaa.tv/2087358182-us-suspends-green-card-processing-for-major-indian-it-firms", "EventCode": 2, "Tone": null}}, {"type": "Feature", "geometry": {"type": "Point", "coordinates": [-77.0364, 38.8951]}, "properties": {"Title": "134798821.Cms", "SourceURL": "https://www.educationtimes.com/news/us-visa-chaos-tata-wipro-infosys-among-it-firms-suspended-from-us-green-card-programme-in-major-h-1b-crackdown/articleshow/134798821.cms", "EventCode": 1, "Tone": null}}, {"type": "Feature", "geometry": {"type": "Point", "coordinates": [-77.0364, 38.8951]}, "properties": {"Title": "134798821.Cms", "SourceURL": "https://www.educationtimes.com/news/us-visa-chaos-tata-wipro-infosys-among-it-firms-suspended-from-us-green-card-programme-in-major-h-1b-crackdown/articleshow/134798821.cms", "EventCode": 1, "Tone": null}}, {"type": "Feature", "geometry": {"type": "Point", "coordinates": [-97.6475, 31.106]}, "properties": {"Title": "News", "SourceURL": "https://www.myspiritfm.com/News?view=post&blogid=Catholic%2DNews&articleid=304921", "EventCode": 1, "Tone": null}}, {"type": "Feature", "geometry": {"type": "Point", "coordinates": [12.45, 41.9]}, "properties": {"Title": "News", "SourceURL": "https://www.myspiritfm.com/News?view=post&blogid=Catholic%2DNews&articleid=304921", "EventCode": 3, "Tone": null}}, {"type": "Feature", "geometry": {"type": "Point", "coordinates": [12.45, 41.9]}, "properties": {"Title": "News", "SourceURL": "https://www.myspiritfm.com/News?view=post&blogid=Catholic%2DNews&articleid=304921", "EventCode": 1, "Tone": null}}, {"type": "Feature", "geometry": {"type": "Point", "coordinates": [12.45, 41.9]}, "properties": {"Title": "News", "SourceURL": "https://www.myspiritfm.com/News?view=post&blogid=Catholic%2DNews&articleid=304921", "EventCode": 1, "Tone": null}}, {"type": "Feature", "geometry": {"type": "Point", "coordinates": [47.5, 15.5]}, "properties": {"Title": "Houthis Say They Launched Another Attack On Saudi Airport After Three Deaths", "SourceURL": "https://jowhar.com/houthis-say-they-launched-another-attack-on-saudi-airport-after-three-deaths/", "EventCode": 3, "Tone": null}}, {"type": "Feature", "geometry": {"type": "Point", "coordinates": [26.0, -30.0]}, "properties": {"Title": "2026 10 08 Hate Speech", "SourceURL": "https://www.dailymaverick.co.za/article/2026-10-08-hate-speech/", "EventCode": 1, "Tone": null}}, {"type": "Feature", "geometry": {"type": "Point", "coordinates": [28.25, -26.0833]}, "properties": {"Title": "2026 10 08 Property Owners Spend Millions On Diesel As Joburg Cbd Power Outages Drive Away Tenants", "SourceURL": "https://www.dailymaverick.co.za/article/2026-10-08-property-owners-spend-millions-on-diesel-as-joburg-cbd-power-outages-drive-away-tenants/", "EventCode": 1, "Tone": null}}, {"type": "Feature", "geometry": {"type": "Point", "coordinates": [32.054, -28.7754]}, "properties": {"Title": "2026 10 08 Ramokgopa Plays The Gas Procurement Trump Card From His Energy Plan Deck", "SourceURL": "https://www.dailymaverick.co.za/article/2026-10-08-ramokgopa-plays-the-gas-procurement-trump-card-from-his-energy-plan-deck/", "EventCode": 1, "Tone": null}}, {"type": "Feature", "geometry": {"type": "Point", "coordinates": [31.08, -25.0363]}, "properties": {"Title": "2026 10 08 The Quiet Authority Of Khulu Phasiwe The Voice South Africa Heard In The Dark", "SourceURL": "https://www.dailymaverick.co.za/article/2026-10-08-the-quiet-authority-of-khulu-phasiwe-the-voice-south-africa-heard-in-the-dark/", "EventCode": 1, "Tone": null}}, {"type": "Feature", "geometry": {"type": "Point", "coordinates": [26.0, -30.0]}, "properties": {"Title": "2026 10 08 Hate Speech", "SourceURL": "https://www.dailymaverick.co.za/article/2026-10-08-hate-speech/", "EventCode": 1, "Tone": null}}, {"type": "Feature", "geometry": {"type": "Point", "coordinates": [28.25, -26.0833]}, "properties": {"Title": "2026 10 08 Property Owners Spend Millions On Diesel As Joburg Cbd Power Outages Drive Away Tenants", "SourceURL": "https://www.dailymaverick.co.za/article/2026-10-08-property-owners-spend-millions-on-diesel-as-joburg-cbd-power-outages-drive-away-tenants/", "EventCode": 1, "Tone": null}}, {"type": "Feature", "geometry": {"type": "Point", "coordinates": [32.054, -28.7754]}, "properties": {"Title": "2026 10 08 Ramokgopa Plays The Gas Procurement Trump Card From His Energy Plan Deck", "SourceURL": "https://www.dailymaverick.co.za/article/2026-10-08-ramokgopa-plays-the-gas-procurement-trump-card-from-his-energy-plan-deck/", "EventCode": 1, "Tone": null}}, {"type": "Feature", "geometry": {"type": "Point", "coordinates": [31.0167, -29.85]}, "properties": {"Title": "2026 10 08 Violence Durban", "SourceURL": "https://www.dailymaverick.co.za/article/2026-10-08-violence-durban/", "EventCode": 1, "Tone": null}}, {"type": "Feature", "geometry": {"type": "Point", "coordinates": [31.0167, -29.85]}, "properties": {"Title": "2026 10 08 Violence Durban", "SourceURL": "https://www.dailymaverick.co.za/article/2026-10-08-violence-durban/", "EventCode": 4, "Tone": null}}, {"type": "Feature", "geometry": {"type": "Point", "coordinates": [31.08, -25.0363]}, "properties": {"Title": "2026 10 08 The Quiet Authority Of Khulu Phasiwe The Voice South Africa Heard In The Dark", "SourceURL": "https://www.dailymaverick.co.za/article/2026-10-08-the-quiet-authority-of-khulu-phasiwe-the-voice-south-africa-heard-in-the-dark/", "EventCode": 1, "Tone": null}}, {"type": "Feature", "geometry": {"type": "Point", "coordinates": [31.08, -25.0363]}, "properties": {"Title": "2026 10 08 The Quiet Authority Of Khulu Phasiwe The Voice South Africa Heard In The Dark", "SourceURL": "https://www.dailymaverick.co.za/article/2026-10-08-the-quiet-authority-of-khulu-phasiwe-the-voice-south-africa-heard-in-the-dark/", "EventCode": 1, "Tone": null}}, {"type": "Feature", "geometry": {"type": "Point", "coordinates": [8.0, 10.0]}, "properties": {"Title": "An Examination Of The Legal Framework For The Protection Of Indigenous Knowledge And Cultural Expressions Under Nigerian Law By Jobs Joseph", "SourceURL": "https://www.opinionnigeria.com/an-examination-of-the-legal-framework-for-the-protection-of-indigenous-knowledge-and-cultural-expressions-under-nigerian-law-by-jobs-joseph/", "EventCode": 1, "Tone": null}}, {"type": "Feature", "geometry": {"type": "Point", "coordinates": [8.0, 10.0]}, "properties": {"Title": "An Examination Of The Legal Framework For The Protection Of Indigenous Knowledge And Cultural Expressions Under Nigerian Law By Jobs Joseph", "SourceURL": "https://www.opinionnigeria.com/an-examination-of-the-legal-framework-for-the-protection-of-indigenous-knowledge-and-cultural-expressions-under-nigerian-law-by-jobs-joseph/", "EventCode": 1, "Tone": null}}, {"type": "Feature", "geometry": {"type": "Point", "coordinates": [8.0, 10.0]}, "properties": {"Title": "An Examination Of The Legal Framework For The Protection Of Indigenous Knowledge And Cultural Expressions Under Nigerian Law By Jobs Joseph", "SourceURL": "https://www.opinionnigeria.com/an-examination-of-the-legal-framework-for-the-protection-of-indigenous-knowledge-and-cultural-expressions-under-nigerian-law-by-jobs-joseph/", "EventCode": 2, "Tone": null}}, {"type": "Feature", "geometry": {"type": "Point", "coordinates": [8.0, 10.0]}, "properties": {"Title": "An Examination Of The Legal Framework For The Protection Of Indigenous Knowledge And Cultural Expressions Under Nigerian Law By Jobs Joseph", "SourceURL": "https://www.opinionnigeria.com/an-examination-of-the-legal-framework-for-the-protection-of-indigenous-knowledge-and-cultural-expressions-under-nigerian-law-by-jobs-joseph/", "EventCode": 3, "Tone": null}}]}